1,1,0.00,8.85,351.22,1061.89,0.9275,-1,-1,-1
1,2,874.76,152.61,238.81,626.87,0.8143,-1,-1,-1
1,3,546.17,271.41,94.46,315.82,0.8119,-1,-1,-1
1,4,403.99,277.97,107.41,319.40,0.8106,-1,-1,-1
1,5,740.97,330.80,42.17,124.87,0.4072,-1,-1,-1
1,6,1058.82,293.53,82.78,324.77,0.4008,-1,-1,-1
1,7,798.29,307.67,46.04,140.81,0.3543,-1,-1,-1
2,1,-0.19,5.72,345.39,1064.86,0.9307,-1,-1,-1
2,2,870.35,148.89,234.69,629.26,0.8053,-1,-1,-1
2,3,542.48,266.63,95.31,321.87,0.8085,-1,-1,-1
2,4,397.84,274.32,110.57,321.34,0.8139,-1,-1,-1
2,6,1054.04,291.67,86.87,329.76,0.4811,-1,-1,-1
3,1,-0.37,4.84,339.43,1063.68,0.9292,-1,-1,-1
3,2,865.38,152.02,227.20,628.19,0.8283,-1,-1,-1
3,3,536.80,266.04,96.77,326.75,0.8042,-1,-1,-1
3,4,390.93,274.45,108.92,322.72,0.8446,-1,-1,-1
3,6,1048.54,293.74,90.68,333.28,0.5739,-1,-1,-1
4,1,-0.26,3.26,327.05,1062.29,0.9252,-1,-1,-1
4,2,868.51,152.94,218.36,629.06,0.8344,-1,-1,-1
4,3,531.79,264.77,96.26,329.16,0.8075,-1,-1,-1
4,4,381.99,271.27,111.50,327.19,0.8421,-1,-1,-1
4,6,1044.02,292.94,91.17,342.39,0.5789,-1,-1,-1
4,5,732.70,324.77,41.51,129.49,0.4028,-1,-1,-1
5,1,-0.15,2.70,312.04,1063.04,0.9159,-1,-1,-1
5,2,876.98,151.48,207.01,636.29,0.8186,-1,-1,-1
5,3,526.25,262.11,97.42,334.18,0.8087,-1,-1,-1
5,4,376.12,265.22,111.68,331.68,0.8346,-1,-1,-1
5,6,1046.92,291.78,85.11,344.63,0.5786,-1,-1,-1
5,8,691.09,333.15,38.15,111.03,0.3967,-1,-1,-1
5,5,730.17,321.40,43.31,127.01,0.3937,-1,-1,-1
6,1,0.30,16.15,292.35,1056.29,0.8776,-1,-1,-1
6,2,883.77,151.02,197.86,628.72,0.8032,-1,-1,-1
6,3,520.24,262.00,100.98,335.94,0.7972,-1,-1,-1
6,4,371.80,262.12,111.27,334.79,0.8305,-1,-1,-1
6,6,1045.97,293.05,82.45,345.89,0.5863,-1,-1,-1
6,8,687.91,333.52,39.39,115.05,0.4196,-1,-1,-1
6,5,728.19,323.36,39.78,115.23,0.3996,-1,-1,-1
7,1,0.64,62.43,273.47,1009.53,0.9035,-1,-1,-1
7,2,890.80,153.10,189.57,622.08,0.8162,-1,-1,-1
7,3,515.37,260.19,102.20,343.62,0.7800,-1,-1,-1
7,4,364.02,261.07,113.75,338.16,0.8224,-1,-1,-1
7,6,1041.67,296.26,84.14,347.10,0.6034,-1,-1,-1
7,8,684.90,332.78,41.41,119.96,0.4064,-1,-1,-1
7,5,726.11,322.18,39.43,121.26,0.4656,-1,-1,-1
7,9,864.19,253.88,80.04,308.39,0.5744,-1,-1,-1
7,7,784.86,314.76,41.10,127.78,0.3461,-1,-1,-1
8,1,0.71,85.55,258.66,986.53,0.8960,-1,-1,-1
8,2,890.96,153.43,188.83,626.25,0.7931,-1,-1,-1
8,3,511.10,262.69,102.07,345.93,0.8154,-1,-1,-1
8,4,354.36,260.49,118.02,341.95,0.8266,-1,-1,-1
8,6,1037.77,299.57,86.98,347.17,0.6753,-1,-1,-1
8,8,682.47,332.54,40.61,121.56,0.5018,-1,-1,-1
8,5,723.59,321.79,40.73,125.28,0.5083,-1,-1,-1
8,9,862.95,263.34,73.81,300.91,0.5858,-1,-1,-1
8,7,782.91,305.83,48.03,141.24,0.4131,-1,-1,-1
9,1,0.22,100.32,227.77,972.89,0.8638,-1,-1,-1
9,2,888.99,154.67,186.87,625.80,0.7894,-1,-1,-1
9,3,506.54,262.89,103.27,344.85,0.8364,-1,-1,-1
9,4,348.01,260.85,119.97,343.79,0.8186,-1,-1,-1
9,6,1036.31,303.27,85.23,348.70,0.6621,-1,-1,-1
9,8,679.72,333.77,38.18,121.52,0.4072,-1,-1,-1
9,5,721.43,321.61,39.30,129.80,0.5789,-1,-1,-1
9,9,862.19,264.55,72.42,300.28,0.5881,-1,-1,-1
9,7,782.28,306.14,43.80,141.39,0.3866,-1,-1,-1
10,1,0.72,108.60,206.27,961.34,0.7268,-1,-1,-1
10,2,883.14,157.02,188.31,623.57,0.8161,-1,-1,-1
10,3,500.31,264.61,106.67,347.35,0.8259,-1,-1,-1
10,4,344.63,259.93,118.42,346.89,0.8078,-1,-1,-1
10,6,1036.37,301.64,82.88,352.80,0.7003,-1,-1,-1
10,8,676.67,336.01,40.74,123.57,0.4889,-1,-1,-1
10,5,720.24,323.89,40.11,131.09,0.5862,-1,-1,-1
10,9,861.53,262.30,72.29,302.69,0.5662,-1,-1,-1
10,7,778.04,300.04,48.14,152.00,0.4913,-1,-1,-1
11,1,1.00,113.44,178.57,954.59,0.7332,-1,-1,-1
11,2,880.32,157.02,187.61,628.59,0.8167,-1,-1,-1
11,3,493.75,263.24,109.64,352.68,0.8231,-1,-1,-1
11,4,337.86,261.85,121.09,348.97,0.7889,-1,-1,-1
11,6,1037.90,298.05,76.60,358.96,0.6633,-1,-1,-1
11,8,675.86,340.20,40.95,118.91,0.4718,-1,-1,-1
11,5,719.12,325.96,39.16,130.00,0.5182,-1,-1,-1
11,9,861.86,274.50,68.07,292.39,0.5329,-1,-1,-1
11,7,776.91,313.12,47.58,140.48,0.5637,-1,-1,-1
12,1,0.87,119.18,160.55,761.11,0.7881,-1,-1,-1
12,2,872.50,158.27,188.95,631.34,0.8356,-1,-1,-1
12,3,490.17,259.90,110.97,357.69,0.7974,-1,-1,-1
12,4,327.34,264.36,127.35,351.48,0.8274,-1,-1,-1
12,6,1037.17,297.16,72.81,361.79,0.6770,-1,-1,-1
12,8,674.03,339.85,40.90,121.06,0.4348,-1,-1,-1
12,5,718.02,327.15,40.91,131.66,0.5499,-1,-1,-1
12,9,863.53,250.70,67.11,315.28,0.3897,-1,-1,-1
12,7,774.47,318.20,51.55,136.23,0.5494,-1,-1,-1
12,10,828.34,323.70,43.53,122.97,0.3621,-1,-1,-1
13,1,0.88,139.29,139.80,625.63,0.8200,-1,-1,-1
13,2,864.36,156.20,195.07,637.22,0.8253,-1,-1,-1
13,3,483.73,256.64,114.11,361.59,0.8271,-1,-1,-1
13,4,319.19,264.78,133.19,355.50,0.8302,-1,-1,-1
13,6,1035.86,299.03,73.26,355.83,0.6952,-1,-1,-1
13,8,672.79,340.43,39.96,122.76,0.4347,-1,-1,-1
13,5,717.20,327.69,40.62,132.87,0.4863,-1,-1,-1
13,7,772.68,320.79,52.32,134.23,0.5424,-1,-1,-1
13,10,829.08,326.21,43.74,121.12,0.4357,-1,-1,-1
14,1,0.62,174.83,117.61,579.17,0.8183,-1,-1,-1
14,2,855.94,153.83,200.75,642.76,0.7862,-1,-1,-1
14,3,479.18,255.21,115.65,364.46,0.8364,-1,-1,-1
14,4,313.45,266.13,136.01,358.73,0.8351,-1,-1,-1
14,6,1034.16,293.37,73.80,358.54,0.6842,-1,-1,-1
14,8,672.09,342.24,37.88,120.81,0.3725,-1,-1,-1
14,5,715.38,327.47,43.46,133.64,0.5337,-1,-1,-1
14,7,772.71,323.40,48.98,130.59,0.5625,-1,-1,-1
14,10,828.44,325.72,44.03,122.21,0.4667,-1,-1,-1
15,1,0.35,231.30,85.97,542.46,0.5546,-1,-1,-1
15,2,844.23,153.41,207.73,639.41,0.7979,-1,-1,-1
15,3,474.99,256.54,119.30,363.06,0.8390,-1,-1,-1
15,4,313.23,268.98,133.79,360.07,0.8286,-1,-1,-1
15,6,1030.38,285.58,77.44,367.96,0.6672,-1,-1,-1
15,8,671.65,345.14,35.02,113.99,0.4075,-1,-1,-1
15,5,714.06,329.74,45.63,131.38,0.5302,-1,-1,-1
15,7,772.37,323.43,48.00,129.55,0.5425,-1,-1,-1
15,10,827.84,328.64,43.80,120.56,0.4348,-1,-1,-1
16,2,837.76,153.75,212.97,640.29,0.8020,-1,-1,-1
16,3,472.08,256.91,122.71,366.12,0.8447,-1,-1,-1
16,4,309.44,270.29,135.35,365.13,0.8396,-1,-1,-1
16,6,1027.19,278.19,81.49,377.01,0.6328,-1,-1,-1
16,8,671.02,348.77,32.99,109.95,0.4414,-1,-1,-1
16,5,713.65,330.94,45.75,130.92,0.5304,-1,-1,-1
16,7,771.17,324.31,49.44,129.00,0.5743,-1,-1,-1
16,10,828.37,333.07,42.69,116.96,0.4191,-1,-1,-1
17,2,834.95,155.16,216.87,642.66,0.8270,-1,-1,-1
17,3,470.71,258.86,123.95,367.74,0.8425,-1,-1,-1
17,4,307.85,274.62,134.57,367.67,0.8504,-1,-1,-1
17,6,1023.94,276.07,86.75,378.87,0.6611,-1,-1,-1
17,8,671.06,348.09,32.93,116.31,0.4480,-1,-1,-1
17,5,713.31,330.89,46.71,134.66,0.5726,-1,-1,-1
17,7,770.51,326.19,51.55,129.09,0.5934,-1,-1,-1
17,10,829.22,338.14,41.53,116.22,0.4206,-1,-1,-1
18,2,836.29,158.30,215.26,651.53,0.8572,-1,-1,-1
18,3,468.56,260.04,126.77,373.06,0.8380,-1,-1,-1
18,4,308.76,278.64,133.23,369.69,0.8304,-1,-1,-1
18,6,1021.65,261.76,89.09,392.20,0.6970,-1,-1,-1
18,5,714.03,333.39,46.80,135.90,0.4783,-1,-1,-1
18,7,771.83,320.77,50.83,139.43,0.4270,-1,-1,-1
18,10,829.40,340.14,42.21,117.32,0.3606,-1,-1,-1
19,2,841.48,160.77,205.15,656.95,0.8586,-1,-1,-1
19,3,466.64,264.50,130.29,378.33,0.8214,-1,-1,-1
19,4,297.96,281.96,143.31,377.09,0.8303,-1,-1,-1
19,6,1016.20,257.47,94.06,398.25,0.7188,-1,-1,-1
19,5,715.26,338.29,46.08,138.03,0.4879,-1,-1,-1
19,7,772.51,331.19,50.97,132.93,0.5105,-1,-1,-1
19,10,830.35,347.63,44.33,112.89,0.3046,-1,-1,-1
20,2,845.58,167.11,197.90,655.96,0.8635,-1,-1,-1
20,3,467.69,271.59,130.73,379.84,0.8268,-1,-1,-1
20,4,296.74,287.40,145.86,379.36,0.8284,-1,-1,-1
20,6,1012.65,252.19,98.31,408.09,0.7665,-1,-1,-1
20,5,717.63,342.91,43.97,139.90,0.5284,-1,-1,-1
20,7,773.31,335.23,51.83,131.88,0.5669,-1,-1,-1
20,10,829.03,356.27,47.99,108.00,0.3492,-1,-1,-1
21,2,860.01,170.23,188.68,657.12,0.8511,-1,-1,-1
21,3,472.67,274.25,133.96,387.04,0.8124,-1,-1,-1
21,4,303.48,288.99,146.23,383.84,0.8442,-1,-1,-1
21,6,1017.81,249.88,105.25,414.69,0.8079,-1,-1,-1
21,7,775.90,336.44,57.33,131.67,0.3777,-1,-1,-1
22,2,880.55,169.53,187.38,660.39,0.8537,-1,-1,-1
22,3,493.03,276.21,130.67,390.94,0.8248,-1,-1,-1
22,4,321.40,289.23,145.31,386.92,0.8275,-1,-1,-1
22,6,1032.97,249.80,107.76,419.23,0.7957,-1,-1,-1
22,7,796.26,340.06,54.44,135.06,0.5636,-1,-1,-1
22,5,744.13,349.63,42.72,139.22,0.5240,-1,-1,-1
23,2,886.29,171.15,188.82,664.18,0.8619,-1,-1,-1
23,3,506.17,280.71,129.85,393.78,0.8267,-1,-1,-1
23,4,331.18,291.56,145.69,387.94,0.8289,-1,-1,-1
23,6,1041.38,252.50,112.39,422.71,0.8010,-1,-1,-1
23,5,754.31,351.45,45.98,134.11,0.3741,-1,-1,-1
23,8,705.53,366.73,40.00,126.42,0.4195,-1,-1,-1
24,2,885.08,172.03,198.44,664.58,0.8683,-1,-1,-1
24,3,516.33,283.71,131.35,396.85,0.8445,-1,-1,-1
24,4,341.02,292.69,147.09,391.30,0.8330,-1,-1,-1
24,6,1048.14,254.53,118.97,419.57,0.8175,-1,-1,-1
24,5,766.85,351.83,43.90,137.01,0.5112,-1,-1,-1
24,8,716.25,367.61,41.65,126.66,0.5326,-1,-1,-1
24,7,823.40,346.54,49.22,133.36,0.5156,-1,-1,-1
25,2,881.53,172.48,207.04,661.70,0.8634,-1,-1,-1
25,3,524.53,284.74,134.44,403.76,0.8443,-1,-1,-1
25,4,353.14,294.52,146.37,390.24,0.8319,-1,-1,-1
25,6,1058.08,256.40,123.30,420.13,0.8358,-1,-1,-1
25,5,778.17,352.17,47.06,139.20,0.4209,-1,-1,-1
25,8,730.47,368.32,40.55,129.33,0.4547,-1,-1,-1
26,2,883.84,173.96,214.21,657.40,0.8694,-1,-1,-1
26,3,539.19,291.94,132.45,405.54,0.7980,-1,-1,-1
26,4,364.82,295.61,149.93,395.23,0.8537,-1,-1,-1
26,6,1067.70,259.98,131.81,423.17,0.8313,-1,-1,-1
26,5,793.98,353.86,45.82,134.69,0.3051,-1,-1,-1
26,8,744.67,375.23,40.95,122.76,0.3271,-1,-1,-1
27,2,884.70,176.79,223.65,657.76,0.8630,-1,-1,-1
27,3,553.21,294.17,133.13,411.38,0.8309,-1,-1,-1
27,4,379.97,299.58,146.52,397.62,0.8406,-1,-1,-1
27,6,1081.05,265.42,137.47,420.55,0.8297,-1,-1,-1
27,5,807.17,355.73,49.29,136.49,0.3705,-1,-1,-1
27,8,761.47,378.31,38.50,125.78,0.3307,-1,-1,-1
27,11,1874.67,551.72,48.77,204.44,0.3686,-1,-1,-1
28,2,884.38,184.03,231.46,658.48,0.8748,-1,-1,-1
28,3,561.18,299.87,132.55,413.66,0.8469,-1,-1,-1
28,4,385.03,305.83,148.18,399.24,0.8611,-1,-1,-1
28,6,1086.79,272.86,139.78,418.55,0.8360,-1,-1,-1
28,5,816.97,363.37,44.39,132.83,0.4378,-1,-1,-1
28,8,768.86,383.00,39.30,126.46,0.4183,-1,-1,-1
29,2,884.13,190.90,227.61,659.49,0.8794,-1,-1,-1
29,3,565.12,301.44,133.75,417.26,0.8639,-1,-1,-1
29,4,391.36,310.03,144.04,404.20,0.8420,-1,-1,-1
29,6,1091.12,278.47,143.21,426.81,0.8128,-1,-1,-1
29,5,820.71,368.09,45.09,141.06,0.5042,-1,-1,-1
29,8,773.39,387.31,40.69,128.82,0.3731,-1,-1,-1
30,2,887.59,195.81,226.31,661.05,0.8922,-1,-1,-1
30,3,569.46,301.19,136.67,418.00,0.8519,-1,-1,-1
30,4,397.35,312.69,144.39,411.00,0.8394,-1,-1,-1
30,6,1097.89,281.55,149.34,431.95,0.8322,-1,-1,-1
30,5,827.61,371.20,47.89,141.32,0.4914,-1,-1,-1
31,2,888.38,201.58,227.47,664.37,0.8832,-1,-1,-1
31,3,573.41,302.82,136.73,420.25,0.8356,-1,-1,-1
31,4,400.73,317.94,144.89,417.32,0.8435,-1,-1,-1
31,6,1102.13,285.44,153.50,435.71,0.8545,-1,-1,-1
31,5,836.46,378.72,44.66,139.22,0.5141,-1,-1,-1
31,8,789.79,394.09,41.27,126.65,0.4837,-1,-1,-1
32,2,889.26,208.64,230.66,667.97,0.8843,-1,-1,-1
32,3,577.64,305.38,135.17,427.64,0.8523,-1,-1,-1
32,4,402.55,323.20,145.23,419.26,0.8573,-1,-1,-1
32,6,1104.03,290.25,155.78,433.58,0.8578,-1,-1,-1
32,5,841.44,381.38,43.26,144.71,0.5932,-1,-1,-1
32,8,793.66,399.60,44.73,127.49,0.3946,-1,-1,-1
33,2,892.42,213.66,232.59,669.90,0.8824,-1,-1,-1
33,3,580.74,308.10,138.12,431.31,0.8464,-1,-1,-1
33,4,404.28,328.96,147.77,419.73,0.8586,-1,-1,-1
33,6,1106.31,298.06,161.78,431.54,0.8557,-1,-1,-1
33,5,846.31,388.11,44.25,144.99,0.5306,-1,-1,-1
33,8,799.03,402.92,43.15,127.20,0.3542,-1,-1,-1
34,2,894.09,219.72,238.64,672.58,0.8748,-1,-1,-1
34,3,584.97,309.57,136.52,434.35,0.8412,-1,-1,-1
34,4,402.05,332.85,149.20,425.84,0.8418,-1,-1,-1
34,6,1108.35,302.60,163.89,426.10,0.8550,-1,-1,-1
34,5,848.71,392.59,46.98,146.93,0.5586,-1,-1,-1
34,8,801.19,407.51,46.82,129.58,0.3365,-1,-1,-1
35,2,899.04,227.28,236.85,676.19,0.8777,-1,-1,-1
35,3,588.52,313.82,135.85,439.23,0.8299,-1,-1,-1
35,4,399.10,337.03,151.00,433.53,0.8268,-1,-1,-1
35,6,1110.21,307.06,165.87,421.65,0.8461,-1,-1,-1
35,5,850.49,397.47,48.13,146.65,0.5384,-1,-1,-1
35,8,803.29,409.98,48.91,133.44,0.4807,-1,-1,-1
36,2,903.44,233.72,233.45,678.44,0.8840,-1,-1,-1
36,3,590.88,318.72,138.96,442.31,0.8214,-1,-1,-1
36,4,394.21,341.16,152.04,439.74,0.8543,-1,-1,-1
36,6,1112.85,311.70,164.49,419.99,0.8511,-1,-1,-1
36,8,805.24,413.99,49.97,134.37,0.4319,-1,-1,-1
37,2,904.61,241.90,232.68,678.01,0.8903,-1,-1,-1
37,3,592.91,322.95,135.99,446.70,0.8044,-1,-1,-1
37,4,389.93,344.00,150.02,446.29,0.8665,-1,-1,-1
37,6,1117.01,315.79,163.13,424.20,0.8438,-1,-1,-1
37,8,806.50,422.56,50.64,130.78,0.3624,-1,-1,-1
37,5,860.21,413.34,43.92,135.59,0.4535,-1,-1,-1
38,2,909.85,248.61,228.90,677.62,0.8889,-1,-1,-1
38,3,593.99,328.69,135.53,450.51,0.8259,-1,-1,-1
38,4,383.36,348.12,152.67,448.91,0.8690,-1,-1,-1
38,6,1118.07,321.41,163.87,422.15,0.8463,-1,-1,-1
38,8,808.05,431.64,52.98,129.78,0.3782,-1,-1,-1
38,5,864.50,417.95,41.12,136.11,0.6131,-1,-1,-1
39,2,918.35,255.47,222.48,679.17,0.8846,-1,-1,-1
39,3,592.03,333.75,138.06,459.36,0.8165,-1,-1,-1
39,4,377.23,352.03,156.10,453.25,0.8802,-1,-1,-1
39,6,1122.56,328.18,160.63,427.23,0.8541,-1,-1,-1
39,8,810.16,439.27,50.91,119.98,0.3247,-1,-1,-1
39,5,864.47,425.09,42.83,134.78,0.5074,-1,-1,-1
40,2,924.25,258.09,217.04,684.82,0.8765,-1,-1,-1
40,3,586.41,342.18,143.49,467.26,0.7965,-1,-1,-1
40,4,371.27,356.15,158.65,456.28,0.8740,-1,-1,-1
40,6,1125.74,334.71,158.90,431.26,0.8542,-1,-1,-1
40,5,863.25,428.22,46.60,143.65,0.5479,-1,-1,-1
41,2,925.84,260.05,212.82,683.87,0.8804,-1,-1,-1
41,3,582.31,343.53,145.08,474.00,0.8022,-1,-1,-1
41,4,359.15,356.56,165.93,459.00,0.8626,-1,-1,-1
41,6,1130.48,339.13,155.08,430.86,0.8500,-1,-1,-1
41,5,862.56,432.80,47.53,144.73,0.4787,-1,-1,-1
42,2,928.95,265.75,208.38,676.79,0.8822,-1,-1,-1
42,3,577.14,347.51,148.44,480.07,0.7102,-1,-1,-1
42,4,346.30,358.01,171.86,465.30,0.8716,-1,-1,-1
42,6,1132.64,346.79,151.29,429.10,0.8558,-1,-1,-1
42,5,862.35,436.46,46.59,146.46,0.4658,-1,-1,-1
43,2,931.08,272.89,202.51,665.63,0.8819,-1,-1,-1
43,3,572.33,352.57,144.96,482.60,0.8054,-1,-1,-1
43,4,333.17,363.27,176.57,470.14,0.8483,-1,-1,-1
43,6,1130.70,353.68,151.55,429.67,0.8571,-1,-1,-1
43,5,859.63,442.23,46.44,139.06,0.3506,-1,-1,-1
44,2,930.61,278.32,199.82,659.99,0.8857,-1,-1,-1
44,3,566.97,356.08,143.00,490.37,0.8117,-1,-1,-1
44,4,318.53,365.71,182.13,476.47,0.8581,-1,-1,-1
44,6,1127.96,360.83,151.99,425.85,0.8564,-1,-1,-1
44,5,855.92,443.10,46.03,145.16,0.3893,-1,-1,-1
45,2,929.01,284.35,198.22,660.08,0.8876,-1,-1,-1
45,3,561.12,361.32,140.60,500.02,0.8246,-1,-1,-1
45,4,304.19,371.10,187.91,486.84,0.8454,-1,-1,-1
45,6,1124.34,367.97,151.19,426.48,0.8408,-1,-1,-1
45,5,848.73,449.47,48.58,146.33,0.4301,-1,-1,-1
46,2,925.35,292.89,197.37,664.36,0.8866,-1,-1,-1
46,3,554.35,365.08,140.72,506.98,0.8213,-1,-1,-1
46,4,292.33,378.10,189.57,499.79,0.8413,-1,-1,-1
46,6,1120.87,376.25,150.43,431.51,0.8509,-1,-1,-1
46,5,844.79,456.62,49.82,147.35,0.4778,-1,-1,-1
47,2,921.30,302.19,195.12,668.19,0.8781,-1,-1,-1
47,3,546.09,370.33,143.85,513.48,0.8248,-1,-1,-1
47,4,273.07,383.61,199.20,516.63,0.8436,-1,-1,-1
47,6,1116.86,382.62,147.86,433.92,0.8357,-1,-1,-1
47,5,841.41,468.65,49.69,138.53,0.3350,-1,-1,-1
48,2,915.92,309.69,195.37,676.21,0.8774,-1,-1,-1
48,3,533.91,373.16,149.29,523.07,0.8578,-1,-1,-1
48,4,257.44,391.62,205.24,527.33,0.8569,-1,-1,-1
48,6,1112.83,389.80,141.39,435.28,0.8321,-1,-1,-1
48,5,837.34,469.54,48.28,148.78,0.6837,-1,-1,-1
49,2,909.41,318.84,194.73,682.20,0.8784,-1,-1,-1
49,3,524.62,377.38,153.30,531.20,0.8508,-1,-1,-1
49,4,240.81,399.22,211.49,534.46,0.8719,-1,-1,-1
49,6,1105.67,395.67,145.29,434.92,0.8530,-1,-1,-1
49,5,831.80,473.61,49.74,150.70,0.4995,-1,-1,-1
50,2,903.92,327.77,193.66,683.58,0.8773,-1,-1,-1
50,3,518.73,383.41,155.29,537.33,0.8387,-1,-1,-1
50,4,224.87,406.76,218.37,528.26,0.8353,-1,-1,-1
50,6,1099.75,400.45,143.73,438.36,0.8538,-1,-1,-1
50,5,823.37,477.55,51.19,153.60,0.5770,-1,-1,-1
51,2,898.98,334.93,191.17,685.22,0.8694,-1,-1,-1
51,3,510.45,386.11,157.29,544.37,0.8470,-1,-1,-1
51,4,208.79,412.69,223.26,522.79,0.8440,-1,-1,-1
51,6,1095.00,403.65,144.78,439.51,0.8680,-1,-1,-1
51,5,816.73,480.39,54.78,155.73,0.5905,-1,-1,-1
52,2,893.93,341.73,189.79,684.66,0.8759,-1,-1,-1
52,3,502.12,388.45,160.10,547.12,0.8376,-1,-1,-1
52,4,195.60,417.27,226.95,548.35,0.8293,-1,-1,-1
52,6,1091.46,405.18,145.92,441.94,0.8645,-1,-1,-1
52,5,811.85,488.98,55.13,147.32,0.3282,-1,-1,-1
53,2,889.03,347.83,189.89,682.48,0.8783,-1,-1,-1
53,3,494.75,394.68,162.65,550.34,0.8404,-1,-1,-1
53,4,185.22,420.71,224.77,562.75,0.8704,-1,-1,-1
53,6,1085.00,408.39,151.99,443.07,0.8652,-1,-1,-1
53,5,809.96,492.22,54.02,147.03,0.6582,-1,-1,-1
54,2,883.44,351.17,192.47,680.02,0.8833,-1,-1,-1
54,3,485.26,396.31,169.06,557.48,0.8509,-1,-1,-1
54,4,174.63,422.32,226.43,572.99,0.8822,-1,-1,-1
54,6,1078.96,409.75,157.84,445.38,0.8712,-1,-1,-1
54,5,810.03,493.85,52.05,141.15,0.5952,-1,-1,-1
55,2,875.24,350.62,196.19,679.92,0.8837,-1,-1,-1
55,3,476.80,396.85,176.74,565.08,0.8581,-1,-1,-1
55,4,165.71,420.86,226.16,582.64,0.8952,-1,-1,-1
55,6,1074.67,410.36,161.81,445.68,0.8756,-1,-1,-1
55,5,807.60,493.24,52.85,142.69,0.4668,-1,-1,-1
55,8,747.41,508.34,51.17,139.89,0.5135,-1,-1,-1
56,2,870.14,350.06,197.19,682.10,0.8792,-1,-1,-1
56,3,471.02,398.94,183.52,576.08,0.8728,-1,-1,-1
56,4,158.06,419.96,224.93,592.80,0.8826,-1,-1,-1
56,6,1074.88,412.07,162.76,441.83,0.8744,-1,-1,-1
56,5,806.04,493.66,53.27,150.20,0.4625,-1,-1,-1
57,2,863.29,349.30,199.68,685.84,0.8752,-1,-1,-1
57,3,464.16,401.84,190.47,589.41,0.8758,-1,-1,-1
57,4,146.88,419.78,226.77,600.69,0.8887,-1,-1,-1
57,6,1073.67,413.95,164.84,439.09,0.8674,-1,-1,-1
57,5,805.46,497.31,53.20,153.43,0.3711,-1,-1,-1
58,2,857.63,348.22,203.00,680.20,0.8683,-1,-1,-1
58,3,458.49,399.70,195.84,605.35,0.8814,-1,-1,-1
58,4,137.82,418.21,228.99,610.95,0.8760,-1,-1,-1
58,6,1070.74,412.53,167.59,443.53,0.8718,-1,-1,-1
59,2,846.84,345.28,207.49,671.96,0.8827,-1,-1,-1
59,3,453.51,395.06,195.76,620.84,0.8830,-1,-1,-1
59,4,126.98,416.87,233.59,617.88,0.8969,-1,-1,-1
59,6,1069.10,413.73,169.28,441.75,0.8702,-1,-1,-1
60,2,838.12,345.27,209.92,667.14,0.8873,-1,-1,-1
60,3,450.96,396.26,193.39,626.08,0.8773,-1,-1,-1
60,4,115.04,415.80,238.11,623.86,0.9068,-1,-1,-1
60,6,1066.20,414.76,172.64,442.65,0.8682,-1,-1,-1
60,5,798.91,498.10,53.76,142.61,0.3746,-1,-1,-1
61,2,825.98,345.80,218.60,667.57,0.8888,-1,-1,-1
61,3,445.65,398.13,194.50,636.45,0.8643,-1,-1,-1
61,4,105.14,415.39,241.79,632.41,0.9052,-1,-1,-1
61,6,1063.78,415.94,176.20,443.12,0.8656,-1,-1,-1
61,5,797.71,498.23,53.59,140.28,0.4130,-1,-1,-1
62,2,820.05,345.05,224.77,667.91,0.8800,-1,-1,-1
62,3,444.56,397.07,194.62,644.19,0.8512,-1,-1,-1
62,4,98.49,411.99,244.06,652.01,0.9003,-1,-1,-1
62,6,1064.64,414.91,179.02,442.90,0.8628,-1,-1,-1
62,5,797.12,495.68,52.97,141.69,0.3431,-1,-1,-1
63,2,818.13,341.76,225.63,672.64,0.8811,-1,-1,-1
63,3,442.32,392.96,197.99,651.91,0.8613,-1,-1,-1
63,4,95.92,406.46,239.83,668.37,0.8924,-1,-1,-1
63,6,1066.35,413.40,182.91,443.07,0.8705,-1,-1,-1
63,14,1019.40,430.66,66.70,321.09,0.7148,-1,-1,-1
64,2,818.85,340.33,223.28,676.23,0.8784,-1,-1,-1
64,3,446.33,387.32,198.50,660.58,0.8709,-1,-1,-1
64,4,91.94,402.51,237.86,676.30,0.8872,-1,-1,-1
64,6,1068.43,413.52,185.51,443.28,0.8700,-1,-1,-1
64,14,1020.53,433.80,67.99,316.50,0.7914,-1,-1,-1
64,8,739.41,508.49,53.38,144.26,0.3746,-1,-1,-1
64,5,802.06,493.14,47.99,147.86,0.3707,-1,-1,-1
65,2,816.63,338.40,226.49,679.79,0.8890,-1,-1,-1
65,3,446.30,380.55,202.42,668.77,0.8722,-1,-1,-1
65,4,83.49,401.52,239.70,678.94,0.8834,-1,-1,-1
65,6,1071.86,411.36,186.71,444.67,0.8626,-1,-1,-1
65,14,1021.74,435.36,70.44,312.84,0.7868,-1,-1,-1
65,8,740.87,507.57,57.66,143.60,0.5812,-1,-1,-1
65,5,803.62,489.69,46.36,154.77,0.4018,-1,-1,-1
66,2,818.10,336.57,226.30,682.37,0.8875,-1,-1,-1
66,3,444.77,373.42,208.97,677.02,0.8764,-1,-1,-1
66,4,75.07,400.19,243.70,678.89,0.8885,-1,-1,-1
66,6,1079.62,406.16,188.17,450.56,0.8392,-1,-1,-1
66,14,1023.05,434.68,73.74,311.62,0.7797,-1,-1,-1
66,8,743.50,503.65,58.53,145.96,0.4667,-1,-1,-1
66,5,808.26,487.33,41.25,152.33,0.3335,-1,-1,-1
67,2,818.82,336.04,226.88,683.47,0.8931,-1,-1,-1
67,3,443.94,366.67,213.73,683.93,0.8733,-1,-1,-1
67,4,65.25,396.00,246.01,682.95,0.8880,-1,-1,-1
67,6,1084.51,402.31,190.49,455.80,0.8461,-1,-1,-1
67,14,1023.59,431.88,76.90,309.06,0.7461,-1,-1,-1
67,8,745.57,497.21,59.67,149.28,0.6051,-1,-1,-1
68,2,820.75,334.72,227.18,684.94,0.8934,-1,-1,-1
68,3,441.97,356.91,219.80,692.40,0.8708,-1,-1,-1
68,4,51.31,392.81,251.61,681.47,0.8889,-1,-1,-1
68,6,1090.38,399.06,184.37,455.47,0.8456,-1,-1,-1
68,14,1025.97,424.92,79.13,313.13,0.7259,-1,-1,-1
68,8,747.39,496.09,60.11,146.87,0.5304,-1,-1,-1
69,2,827.24,330.98,224.43,685.86,0.8878,-1,-1,-1
69,3,441.91,348.20,224.46,700.75,0.8775,-1,-1,-1
69,4,37.75,384.56,260.13,685.94,0.8998,-1,-1,-1
69,6,1094.65,395.24,182.72,456.59,0.8726,-1,-1,-1
69,14,1029.94,420.24,79.06,314.73,0.7208,-1,-1,-1
69,8,750.56,491.22,59.86,148.94,0.6034,-1,-1,-1
70,2,828.75,328.07,225.53,684.09,0.8967,-1,-1,-1
70,3,437.99,341.28,230.99,708.70,0.8913,-1,-1,-1
70,4,20.00,376.47,270.23,695.28,0.9135,-1,-1,-1
70,6,1097.44,391.22,182.68,457.22,0.8721,-1,-1,-1
70,14,1032.11,416.36,79.57,315.24,0.7091,-1,-1,-1
70,8,752.65,487.12,59.45,150.88,0.5373,-1,-1,-1
70,15,1547.49,449.97,54.33,63.98,0.3554,-1,-1,-1
71,2,831.30,325.35,224.74,682.44,0.8904,-1,-1,-1
71,3,433.09,334.17,235.89,720.30,0.8901,-1,-1,-1
71,4,5.02,368.92,269.78,703.26,0.9096,-1,-1,-1
71,6,1100.03,386.81,180.82,455.24,0.8643,-1,-1,-1
71,14,1032.68,412.65,80.56,315.80,0.7217,-1,-1,-1
71,8,753.02,484.31,60.05,151.35,0.5789,-1,-1,-1
71,15,1544.35,447.28,59.06,62.67,0.4409,-1,-1,-1
72,2,831.80,320.45,225.93,682.57,0.8906,-1,-1,-1
72,3,427.94,325.28,239.80,741.66,0.8916,-1,-1,-1
72,4,-2.39,361.46,262.65,711.46,0.9195,-1,-1,-1
72,6,1102.59,384.36,179.43,452.55,0.8592,-1,-1,-1
72,14,1033.93,410.72,79.86,315.11,0.7227,-1,-1,-1
72,8,753.95,483.52,60.27,150.80,0.5615,-1,-1,-1
72,15,1550.79,445.34,53.64,61.99,0.4067,-1,-1,-1
73,2,832.89,314.55,224.92,680.09,0.8855,-1,-1,-1
73,3,421.77,315.61,243.34,758.71,0.8933,-1,-1,-1
73,4,-4.83,349.84,249.38,723.01,0.9111,-1,-1,-1
73,6,1104.15,381.33,177.65,447.22,0.8556,-1,-1,-1
73,14,1034.90,409.87,78.69,313.14,0.6758,-1,-1,-1
73,8,753.24,477.74,57.66,152.55,0.4691,-1,-1,-1
73,15,1546.57,442.46,58.57,61.42,0.4260,-1,-1,-1
74,2,832.47,309.38,224.88,669.41,0.8805,-1,-1,-1
74,3,413.90,310.02,246.91,765.67,0.8907,-1,-1,-1
74,4,-5.22,342.96,232.27,732.46,0.9065,-1,-1,-1
74,6,1105.44,378.04,174.25,443.43,0.8565,-1,-1,-1
74,14,1034.63,409.50,79.43,311.37,0.6848,-1,-1,-1
74,8,750.66,474.97,59.07,152.76,0.5560,-1,-1,-1
74,15,1546.60,440.70,61.74,61.48,0.4308,-1,-1,-1
75,2,834.88,305.22,221.20,663.88,0.8721,-1,-1,-1
75,3,404.20,303.22,250.16,773.07,0.8954,-1,-1,-1
75,4,-4.46,332.41,214.80,744.36,0.8958,-1,-1,-1
75,6,1105.42,375.53,173.47,441.19,0.8616,-1,-1,-1
75,14,1034.61,419.83,77.10,298.61,0.6642,-1,-1,-1
75,8,748.97,471.99,58.44,153.41,0.5618,-1,-1,-1
75,15,1546.19,438.63,64.28,61.68,0.4430,-1,-1,-1
75,5,817.10,456.30,44.78,159.56,0.3709,-1,-1,-1
76,2,839.45,301.20,217.15,661.81,0.8691,-1,-1,-1
76,3,393.64,296.76,254.42,777.68,0.8894,-1,-1,-1
76,4,-3.90,323.89,197.83,751.19,0.8883,-1,-1,-1
76,6,1108.25,373.43,168.86,440.22,0.8559,-1,-1,-1
76,14,1035.15,431.98,76.57,282.94,0.7228,-1,-1,-1
76,8,747.14,471.56,61.54,149.36,0.5169,-1,-1,-1
76,15,1544.28,437.82,68.47,61.82,0.4525,-1,-1,-1
76,5,816.74,452.81,44.61,162.59,0.3975,-1,-1,-1
77,2,844.47,298.69,210.27,663.25,0.8786,-1,-1,-1
77,3,383.64,293.44,257.69,777.62,0.8913,-1,-1,-1
77,4,-3.02,317.66,180.99,758.80,0.8802,-1,-1,-1
77,6,1109.20,372.08,167.25,441.89,0.8657,-1,-1,-1
77,14,1034.13,435.97,77.26,278.41,0.6324,-1,-1,-1
77,8,745.61,471.02,64.49,148.96,0.5040,-1,-1,-1
77,15,1541.68,437.71,71.64,61.14,0.4086,-1,-1,-1
77,5,816.72,450.91,44.72,161.08,0.4081,-1,-1,-1
78,2,848.92,296.20,201.49,665.75,0.8637,-1,-1,-1
78,3,369.29,289.55,263.84,783.05,0.8972,-1,-1,-1
78,4,-3.06,311.96,162.38,762.69,0.8673,-1,-1,-1
78,6,1108.43,370.90,166.46,443.22,0.8640,-1,-1,-1
78,14,1030.08,424.18,78.24,291.95,0.7076,-1,-1,-1
78,8,742.92,466.34,65.71,154.74,0.5499,-1,-1,-1
78,15,1542.34,437.27,70.09,61.46,0.4210,-1,-1,-1
78,5,814.26,450.85,45.64,162.09,0.6321,-1,-1,-1
79,2,850.97,292.40,198.02,670.81,0.8592,-1,-1,-1
79,3,353.19,284.28,267.06,788.74,0.9003,-1,-1,-1
79,4,-3.05,308.46,145.95,765.85,0.8291,-1,-1,-1
79,6,1107.79,368.14,165.47,444.88,0.8600,-1,-1,-1
79,14,1025.03,408.68,79.78,306.63,0.7189,-1,-1,-1
79,8,741.24,468.49,56.09,152.39,0.4962,-1,-1,-1
79,15,1540.09,435.86,68.85,61.68,0.3016,-1,-1,-1
79,5,810.85,449.12,46.73,165.26,0.6450,-1,-1,-1
80,2,850.35,289.40,193.20,675.17,0.8566,-1,-1,-1
80,3,334.61,276.19,274.17,795.97,0.8965,-1,-1,-1
80,4,-2.79,385.93,123.20,504.15,0.5093,-1,-1,-1
80,6,1105.35,364.60,162.75,447.49,0.8433,-1,-1,-1
80,14,1021.81,401.07,76.44,314.17,0.7097,-1,-1,-1
80,8,737.51,468.87,52.67,153.45,0.5411,-1,-1,-1
80,5,802.48,446.00,54.16,170.26,0.6151,-1,-1,-1
81,2,848.92,291.11,189.88,675.82,0.8514,-1,-1,-1
81,3,317.00,267.21,278.66,803.78,0.9018,-1,-1,-1
81,4,-2.16,426.69,96.29,445.95,0.6418,-1,-1,-1
81,6,1103.11,363.63,158.04,446.56,0.8567,-1,-1,-1
81,14,1016.86,403.42,74.67,310.59,0.6937,-1,-1,-1
81,8,731.92,464.07,52.49,154.45,0.5612,-1,-1,-1
81,5,796.63,444.07,55.82,169.40,0.6196,-1,-1,-1
82,2,846.45,291.71,186.42,675.35,0.8529,-1,-1,-1
82,3,295.44,254.20,292.50,817.63,0.8974,-1,-1,-1
82,4,-1.28,441.25,72.90,371.56,0.7815,-1,-1,-1
82,6,1099.13,359.35,155.30,447.71,0.8627,-1,-1,-1
82,14,1013.84,393.61,74.54,314.71,0.6466,-1,-1,-1
82,8,725.66,456.90,53.46,158.20,0.6341,-1,-1,-1
82,5,792.56,440.39,56.46,169.57,0.6749,-1,-1,-1
83,2,844.52,290.90,180.30,674.33,0.8514,-1,-1,-1
83,3,272.38,241.39,301.53,829.59,0.8896,-1,-1,-1
83,6,1095.46,357.25,152.45,451.15,0.8518,-1,-1,-1
83,14,1003.85,384.14,80.11,321.87,0.5449,-1,-1,-1
83,8,720.25,452.11,58.14,156.87,0.3876,-1,-1,-1
83,5,789.87,436.36,54.42,166.66,0.5785,-1,-1,-1
84,2,836.96,291.21,177.69,675.10,0.8476,-1,-1,-1
84,3,244.43,229.89,305.47,843.07,0.9033,-1,-1,-1
84,6,1087.54,354.58,153.58,455.69,0.8586,-1,-1,-1
84,14,995.41,377.66,80.82,322.03,0.7452,-1,-1,-1
84,8,712.34,449.84,56.31,155.67,0.5917,-1,-1,-1
84,5,783.24,434.55,52.96,166.56,0.5587,-1,-1,-1
85,2,826.44,289.81,176.70,672.52,0.8275,-1,-1,-1
85,3,212.38,217.37,325.01,856.41,0.9170,-1,-1,-1
85,6,1079.82,353.40,149.87,454.23,0.8485,-1,-1,-1
85,14,985.00,373.63,81.79,319.36,0.7616,-1,-1,-1
85,8,705.81,449.97,53.96,152.46,0.4575,-1,-1,-1
85,5,772.88,427.46,54.68,170.32,0.5998,-1,-1,-1
86,2,812.62,284.68,180.55,672.02,0.8417,-1,-1,-1
86,3,186.90,204.11,326.50,870.45,0.9056,-1,-1,-1
86,6,1071.75,349.10,150.32,454.47,0.8318,-1,-1,-1
86,14,972.38,369.04,87.82,320.13,0.8069,-1,-1,-1
86,8,695.76,444.83,56.86,154.61,0.5367,-1,-1,-1
86,5,767.91,420.80,49.58,175.28,0.5159,-1,-1,-1
86,19,483.16,413.14,77.08,283.87,0.7152,-1,-1,-1
87,2,798.94,279.15,186.86,675.08,0.8524,-1,-1,-1
87,3,156.82,189.97,332.90,885.33,0.9104,-1,-1,-1
87,6,1062.97,346.46,152.12,452.94,0.8509,-1,-1,-1
87,14,962.57,365.91,90.75,320.32,0.7796,-1,-1,-1
87,8,688.26,445.93,58.96,151.83,0.4641,-1,-1,-1
87,5,760.07,414.28,48.72,179.94,0.6884,-1,-1,-1
87,19,472.71,410.60,76.67,285.37,0.7296,-1,-1,-1
88,2,783.17,274.86,196.36,671.39,0.8571,-1,-1,-1
88,3,130.78,180.13,339.17,896.17,0.9155,-1,-1,-1
88,6,1053.18,340.64,152.04,453.98,0.8485,-1,-1,-1
88,14,950.13,359.18,95.07,323.77,0.7449,-1,-1,-1
88,8,680.02,440.68,57.51,154.20,0.6147,-1,-1,-1
88,5,748.73,409.87,50.09,177.82,0.4646,-1,-1,-1
88,19,449.49,407.98,90.78,286.68,0.7607,-1,-1,-1
89,2,768.58,268.91,201.50,669.04,0.8477,-1,-1,-1
89,3,103.68,168.59,350.74,906.53,0.9201,-1,-1,-1
89,6,1043.68,334.45,157.83,454.15,0.8534,-1,-1,-1
89,14,941.10,357.48,98.40,319.32,0.8162,-1,-1,-1
89,8,672.38,436.47,58.79,156.39,0.5573,-1,-1,-1
89,5,743.04,407.48,44.08,180.51,0.3303,-1,-1,-1
89,19,431.32,398.59,102.46,297.99,0.7739,-1,-1,-1
90,2,752.24,261.61,213.17,659.79,0.8689,-1,-1,-1
90,3,74.83,154.06,369.25,920.61,0.9241,-1,-1,-1
90,6,1037.27,328.58,158.98,458.38,0.8482,-1,-1,-1
90,14,936.21,354.04,97.61,316.38,0.7823,-1,-1,-1
90,8,666.40,432.91,61.56,156.08,0.4318,-1,-1,-1
90,19,420.03,390.20,106.37,303.05,0.7799,-1,-1,-1
91,2,738.05,257.10,221.48,650.78,0.8808,-1,-1,-1
91,3,50.82,142.31,382.19,930.54,0.9224,-1,-1,-1
91,6,1030.84,324.20,162.84,456.71,0.8681,-1,-1,-1
91,14,929.61,349.69,100.27,317.70,0.7997,-1,-1,-1
91,8,659.55,426.61,56.74,156.60,0.4526,-1,-1,-1
91,19,411.50,386.13,106.69,305.69,0.7615,-1,-1,-1
92,2,725.42,251.71,226.87,650.49,0.8787,-1,-1,-1
92,3,23.66,128.29,400.75,944.52,0.9221,-1,-1,-1
92,6,1025.06,318.42,166.40,454.77,0.8636,-1,-1,-1
92,14,923.70,348.30,98.70,316.92,0.7895,-1,-1,-1
92,8,654.22,423.30,59.03,157.88,0.5489,-1,-1,-1
92,19,402.71,384.13,108.73,307.88,0.8223,-1,-1,-1
92,23,1505.16,395.58,37.75,60.60,0.4943,-1,-1,-1
93,2,715.63,245.83,233.82,653.59,0.8891,-1,-1,-1
93,3,1.07,116.95,412.27,956.10,0.9244,-1,-1,-1
93,6,1018.49,314.06,170.56,454.47,0.8705,-1,-1,-1
93,14,920.87,346.81,98.68,316.86,0.7763,-1,-1,-1
93,8,652.05,420.69,56.36,157.56,0.3373,-1,-1,-1
93,19,395.45,379.45,109.76,312.09,0.8071,-1,-1,-1
93,23,1497.92,390.44,42.26,62.18,0.4659,-1,-1,-1
93,24,1845.06,838.92,73.86,194.66,0.3963,-1,-1,-1
94,2,708.35,241.96,232.29,657.50,0.8729,-1,-1,-1
94,3,-6.87,107.07,410.31,968.63,0.9323,-1,-1,-1
94,6,1013.67,312.46,174.29,454.01,0.8726,-1,-1,-1
94,14,918.06,345.96,99.96,318.49,0.8026,-1,-1,-1
94,19,388.46,378.06,112.00,310.74,0.8026,-1,-1,-1
94,23,1495.28,390.04,42.37,59.55,0.4162,-1,-1,-1
94,25,1725.36,853.66,94.52,220.75,0.3618,-1,-1,-1
95,2,701.72,240.35,232.51,663.44,0.8860,-1,-1,-1
95,3,-8.89,97.64,408.05,979.23,0.9307,-1,-1,-1
95,6,1008.29,311.63,178.17,453.66,0.8644,-1,-1,-1
95,14,916.06,344.60,99.58,319.86,0.7805,-1,-1,-1
95,19,382.78,375.65,113.35,314.52,0.8174,-1,-1,-1
95,23,1493.39,390.81,41.53,58.08,0.3194,-1,-1,-1
95,25,1724.27,855.24,95.14,219.74,0.3667,-1,-1,-1
96,2,694.04,242.07,233.04,664.44,0.9045,-1,-1,-1
96,3,-8.60,87.03,392.52,990.11,0.9349,-1,-1,-1
96,6,1004.11,311.22,182.54,455.46,0.8598,-1,-1,-1
96,14,912.40,345.15,101.94,319.97,0.7540,-1,-1,-1
96,19,378.23,374.81,113.02,320.39,0.8098,-1,-1,-1
96,23,1490.65,392.03,41.51,57.16,0.3033,-1,-1,-1
96,25,1723.53,856.12,97.36,220.57,0.4038,-1,-1,-1
97,2,693.41,241.24,230.27,669.89,0.8996,-1,-1,-1
97,3,-6.99,76.26,378.61,1000.14,0.9338,-1,-1,-1
97,6,1002.14,310.67,186.34,456.13,0.8618,-1,-1,-1
97,14,906.23,343.15,106.80,319.49,0.7328,-1,-1,-1
97,19,376.04,371.12,113.76,325.97,0.8189,-1,-1,-1
97,25,1726.55,855.73,97.39,221.17,0.4493,-1,-1,-1
97,8,633.86,418.18,60.79,162.15,0.5593,-1,-1,-1
97,24,1849.18,834.99,70.20,185.63,0.3590,-1,-1,-1
98,2,692.96,242.95,228.11,674.58,0.8996,-1,-1,-1
98,3,-5.58,60.02,366.11,1014.02,0.9344,-1,-1,-1
98,6,1001.50,310.80,190.79,458.49,0.8591,-1,-1,-1
98,14,906.86,343.49,105.84,320.63,0.7306,-1,-1,-1
98,19,375.35,369.00,113.95,330.28,0.8255,-1,-1,-1
98,25,1731.24,857.80,97.70,220.73,0.4000,-1,-1,-1
98,8,632.61,416.48,59.99,165.89,0.6311,-1,-1,-1
99,2,692.68,246.47,227.43,676.85,0.8985,-1,-1,-1
99,3,-3.94,48.05,353.90,1025.52,0.9272,-1,-1,-1
99,6,1002.33,311.30,195.85,460.37,0.8700,-1,-1,-1
99,14,908.20,343.66,105.23,320.93,0.7370,-1,-1,-1
99,19,374.59,366.98,114.59,334.05,0.8214,-1,-1,-1
99,8,633.21,416.48,56.30,165.71,0.6340,-1,-1,-1
100,2,693.96,249.45,224.55,675.82,0.8988,-1,-1,-1
100,3,-2.71,36.51,340.09,1035.45,0.9225,-1,-1,-1
100,6,1004.70,312.37,198.79,460.57,0.8763,-1,-1,-1
100,14,910.39,347.55,105.86,318.14,0.7435,-1,-1,-1
100,19,372.98,367.68,115.79,334.37,0.8323,-1,-1,-1
100,8,631.94,415.38,58.42,166.31,0.6493,-1,-1,-1
100,23,1495.91,381.50,43.58,66.59,0.4183,-1,-1,-1
101,2,699.28,250.04,218.80,675.80,0.8890,-1,-1,-1
101,3,-1.83,19.46,323.11,1054.81,0.9144,-1,-1,-1
101,6,1007.04,311.67,201.32,462.79,0.8568,-1,-1,-1
101,14,913.25,347.67,105.56,317.49,0.7683,-1,-1,-1
101,19,373.97,365.55,115.92,337.63,0.8239,-1,-1,-1
101,8,633.57,413.86,59.02,165.62,0.7018,-1,-1,-1
102,2,703.10,250.83,219.86,671.00,0.8948,-1,-1,-1
102,3,-0.66,11.89,303.12,1061.53,0.9190,-1,-1,-1
102,6,1013.91,312.08,200.05,464.60,0.8308,-1,-1,-1
102,14,919.50,347.03,103.90,318.85,0.7923,-1,-1,-1
102,19,375.38,364.46,117.17,341.27,0.8319,-1,-1,-1
102,8,637.40,413.69,59.61,165.77,0.5224,-1,-1,-1
103,2,714.16,250.71,221.24,667.58,0.8881,-1,-1,-1
103,3,1.17,6.76,284.53,1065.56,0.9092,-1,-1,-1
103,6,1022.86,314.12,202.21,465.62,0.8433,-1,-1,-1
103,14,930.32,342.39,101.94,321.66,0.7443,-1,-1,-1
103,19,384.22,365.30,115.55,338.93,0.8037,-1,-1,-1
103,8,643.91,409.89,60.75,166.40,0.5544,-1,-1,-1
104,2,726.40,247.45,222.03,668.41,0.8919,-1,-1,-1
104,3,3.19,7.44,264.79,1056.47,0.8316,-1,-1,-1
104,6,1040.71,309.46,203.26,469.01,0.8582,-1,-1,-1
104,14,942.69,338.89,105.57,322.48,0.7345,-1,-1,-1
104,19,395.87,368.06,114.37,336.31,0.8112,-1,-1,-1
104,8,658.22,407.20,58.02,168.50,0.6639,-1,-1,-1
104,25,1787.17,859.48,107.62,220.52,0.3975,-1,-1,-1
104,23,1533.78,376.48,43.54,66.44,0.5237,-1,-1,-1
105,2,738.48,245.69,220.91,665.29,0.8861,-1,-1,-1
105,3,2.58,165.24,241.45,902.13,0.7801,-1,-1,-1
105,6,1052.87,308.75,202.03,469.79,0.8547,-1,-1,-1
105,14,953.41,334.74,104.62,327.06,0.7371,-1,-1,-1
105,19,404.29,365.99,112.82,338.16,0.8087,-1,-1,-1
105,8,665.29,407.99,59.55,167.16,0.3739,-1,-1,-1
105,25,1804.34,861.13,108.01,219.04,0.4947,-1,-1,-1
105,23,1546.38,374.52,45.99,67.45,0.4179,-1,-1,-1
106,2,747.77,242.55,215.84,654.40,0.8781,-1,-1,-1
106,3,1.04,225.19,160.76,729.76,0.6228,-1,-1,-1
106,6,1064.76,304.20,204.77,475.69,0.8421,-1,-1,-1
106,14,959.93,332.09,104.44,329.02,0.7895,-1,-1,-1
106,19,410.91,364.44,112.27,337.22,0.8015,-1,-1,-1
106,8,669.76,405.24,61.74,167.72,0.6820,-1,-1,-1
106,25,1817.72,858.14,103.77,221.61,0.6350,-1,-1,-1
106,23,1557.11,372.46,44.98,67.51,0.4629,-1,-1,-1
107,2,756.24,237.66,212.94,647.10,0.8783,-1,-1,-1
107,3,0.27,245.19,109.18,769.83,0.7251,-1,-1,-1
107,6,1073.03,302.96,199.34,475.33,0.8424,-1,-1,-1
107,14,964.87,330.44,106.43,327.79,0.7449,-1,-1,-1
107,19,414.96,361.96,112.84,338.94,0.7888,-1,-1,-1
107,8,671.82,403.95,65.51,169.12,0.6755,-1,-1,-1
107,25,1831.12,856.17,93.10,222.10,0.4784,-1,-1,-1
107,23,1567.63,371.50,44.54,66.98,0.3619,-1,-1,-1
108,2,762.05,234.26,210.08,645.18,0.8828,-1,-1,-1
108,6,1080.96,301.70,182.62,473.24,0.8386,-1,-1,-1
108,14,969.02,328.57,106.61,329.13,0.7282,-1,-1,-1
108,19,417.32,360.51,113.15,344.16,0.7966,-1,-1,-1
108,8,674.03,403.30,67.32,170.08,0.7286,-1,-1,-1
108,23,1575.59,370.29,43.63,65.86,0.4637,-1,-1,-1
109,2,770.26,232.52,203.99,644.77,0.8753,-1,-1,-1
109,6,1085.75,298.65,174.09,470.46,0.8704,-1,-1,-1
109,14,972.63,327.18,99.61,327.02,0.5493,-1,-1,-1
109,19,416.16,358.45,115.40,349.05,0.8082,-1,-1,-1
109,8,677.79,401.31,65.48,170.80,0.6812,-1,-1,-1
109,23,1583.34,372.24,43.00,63.33,0.6009,-1,-1,-1
110,2,772.82,230.71,202.91,646.39,0.8753,-1,-1,-1
110,6,1089.62,295.37,171.65,466.92,0.8721,-1,-1,-1
110,14,976.24,324.47,102.24,327.39,0.6669,-1,-1,-1
110,19,413.06,354.59,117.67,355.63,0.7983,-1,-1,-1
110,8,679.53,398.34,66.83,171.16,0.6261,-1,-1,-1
110,23,1588.12,368.36,41.10,64.79,0.4036,-1,-1,-1
111,2,776.66,229.59,199.34,649.18,0.8721,-1,-1,-1
111,6,1093.51,292.23,169.28,463.41,0.8667,-1,-1,-1
111,14,976.39,323.81,104.53,325.60,0.6149,-1,-1,-1
111,19,411.01,352.69,119.82,355.99,0.8059,-1,-1,-1
111,8,682.31,395.24,66.23,173.27,0.6588,-1,-1,-1
111,23,1598.10,370.23,39.19,63.12,0.4412,-1,-1,-1
112,2,778.03,229.02,197.53,649.43,0.8674,-1,-1,-1
112,6,1097.97,289.23,168.76,460.95,0.8549,-1,-1,-1
112,14,975.60,323.42,108.37,326.17,0.6338,-1,-1,-1
112,19,412.02,349.69,118.45,359.11,0.7482,-1,-1,-1
112,8,684.57,394.72,67.21,174.23,0.6441,-1,-1,-1
113,2,780.11,228.56,195.18,650.23,0.8648,-1,-1,-1
113,6,1103.65,286.50,166.29,462.79,0.8511,-1,-1,-1
113,14,979.23,323.03,108.67,325.81,0.6026,-1,-1,-1
113,19,411.21,347.86,118.49,362.95,0.7392,-1,-1,-1
113,8,686.44,391.44,68.10,178.89,0.7009,-1,-1,-1
114,2,785.24,230.16,191.43,651.23,0.8545,-1,-1,-1
114,6,1109.48,285.04,163.35,465.92,0.8578,-1,-1,-1
114,14,985.45,321.41,104.75,321.91,0.5927,-1,-1,-1
114,19,411.96,345.38,117.72,366.01,0.7352,-1,-1,-1
114,8,689.82,392.66,67.44,176.78,0.6295,-1,-1,-1
114,23,1613.17,374.03,38.92,53.77,0.3496,-1,-1,-1
115,2,790.73,232.00,190.98,651.51,0.8444,-1,-1,-1
115,6,1112.85,285.66,163.04,466.16,0.8679,-1,-1,-1
115,14,994.24,320.96,101.29,322.63,0.7349,-1,-1,-1
115,19,410.95,344.30,119.93,368.47,0.7379,-1,-1,-1
115,8,693.94,391.31,66.49,178.89,0.5955,-1,-1,-1
115,23,1621.84,367.33,36.74,59.81,0.3317,-1,-1,-1
116,2,793.15,233.10,191.33,652.03,0.8509,-1,-1,-1
116,6,1115.16,285.93,163.79,464.85,0.8630,-1,-1,-1
116,14,994.52,322.34,106.52,320.51,0.7067,-1,-1,-1
116,19,406.08,342.96,125.09,370.44,0.7733,-1,-1,-1
116,8,694.33,392.52,68.35,179.45,0.5573,-1,-1,-1
116,23,1626.07,364.82,38.13,62.44,0.3823,-1,-1,-1
117,2,792.57,233.27,189.80,652.35,0.8521,-1,-1,-1
117,6,1117.36,284.65,164.10,466.78,0.8591,-1,-1,-1
117,14,994.48,321.06,107.44,321.09,0.6699,-1,-1,-1
117,19,402.24,342.61,128.33,370.17,0.7213,-1,-1,-1
117,8,691.29,389.79,73.02,179.77,0.6245,-1,-1,-1
118,2,786.99,235.33,189.41,649.88,0.8566,-1,-1,-1
118,6,1118.75,285.56,165.06,469.61,0.8564,-1,-1,-1
118,14,986.27,322.39,115.84,321.53,0.7296,-1,-1,-1
118,19,396.56,339.95,131.25,374.71,0.7031,-1,-1,-1
118,8,688.96,391.58,74.83,179.64,0.6155,-1,-1,-1
119,2,783.51,235.58,188.71,649.52,0.8667,-1,-1,-1
119,6,1122.08,287.35,162.65,472.29,0.8511,-1,-1,-1
119,14,980.79,324.23,121.75,321.99,0.7557,-1,-1,-1
119,19,391.43,338.72,132.68,376.97,0.8252,-1,-1,-1
119,8,689.90,392.90,73.76,179.47,0.5529,-1,-1,-1
120,2,777.48,233.42,191.91,649.17,0.8782,-1,-1,-1
120,6,1122.50,287.89,161.80,474.02,0.8532,-1,-1,-1
120,14,974.98,324.62,125.66,323.02,0.7074,-1,-1,-1
120,19,386.61,334.68,133.12,382.85,0.8358,-1,-1,-1
120,8,686.82,392.30,76.14,179.03,0.5289,-1,-1,-1
121,2,770.75,229.57,194.86,645.65,0.8741,-1,-1,-1
121,6,1120.47,289.57,162.42,475.44,0.8470,-1,-1,-1
121,14,969.73,325.63,129.20,322.47,0.6075,-1,-1,-1
121,19,380.32,333.20,134.26,386.22,0.8384,-1,-1,-1
121,8,683.47,393.39,79.62,182.05,0.4325,-1,-1,-1
122,2,762.68,227.96,195.55,637.79,0.8656,-1,-1,-1
122,6,1117.88,290.71,162.48,477.09,0.8405,-1,-1,-1
122,14,967.46,325.37,130.96,322.63,0.6372,-1,-1,-1
122,19,370.64,332.40,137.99,393.15,0.8261,-1,-1,-1
122,23,1638.46,372.10,44.29,59.90,0.3643,-1,-1,-1
123,2,751.48,226.93,200.53,635.82,0.8671,-1,-1,-1
123,6,1115.29,291.11,161.52,478.15,0.8582,-1,-1,-1
123,14,958.92,326.39,136.52,323.73,0.6224,-1,-1,-1
123,19,363.35,332.07,137.97,400.78,0.8542,-1,-1,-1
123,23,1635.31,372.56,47.13,60.07,0.4418,-1,-1,-1
124,2,741.24,227.08,204.42,636.50,0.8720,-1,-1,-1
124,6,1111.51,290.20,159.39,482.93,0.8491,-1,-1,-1
124,14,955.08,327.56,127.99,325.01,0.6116,-1,-1,-1
124,19,355.05,331.98,139.57,404.80,0.8591,-1,-1,-1
124,23,1632.71,373.18,48.17,61.78,0.4495,-1,-1,-1
125,2,731.78,227.78,208.40,639.61,0.8767,-1,-1,-1
125,6,1106.94,289.98,159.88,481.50,0.8453,-1,-1,-1
125,14,950.50,325.55,127.01,329.44,0.6953,-1,-1,-1
125,19,345.87,336.52,141.11,404.51,0.8451,-1,-1,-1
125,23,1628.91,373.01,47.91,63.34,0.3825,-1,-1,-1
125,8,674.95,393.29,69.19,192.27,0.4485,-1,-1,-1
126,2,715.65,228.91,220.21,643.70,0.8684,-1,-1,-1
126,6,1101.37,290.49,160.75,478.00,0.8445,-1,-1,-1
126,14,949.70,322.54,127.06,332.73,0.5801,-1,-1,-1
126,19,334.37,337.22,143.64,407.84,0.8397,-1,-1,-1
126,23,1626.32,371.42,46.95,64.72,0.4171,-1,-1,-1
126,8,669.45,394.21,68.44,189.88,0.3808,-1,-1,-1
127,2,708.14,231.42,224.24,645.70,0.8698,-1,-1,-1
127,6,1095.03,291.33,164.46,480.59,0.8566,-1,-1,-1
127,14,942.94,321.54,135.20,335.72,0.7700,-1,-1,-1
127,19,326.50,342.01,143.47,409.03,0.8475,-1,-1,-1
127,23,1623.23,372.27,45.20,64.91,0.4368,-1,-1,-1
128,2,704.43,231.66,226.03,649.53,0.8799,-1,-1,-1
128,6,1088.99,289.80,168.62,481.91,0.8706,-1,-1,-1
128,14,934.22,322.87,142.25,335.03,0.6102,-1,-1,-1
128,19,318.45,341.88,145.03,411.71,0.8530,-1,-1,-1
128,23,1620.64,371.27,42.99,65.94,0.3540,-1,-1,-1
128,8,660.16,391.28,73.38,192.54,0.3734,-1,-1,-1
129,2,706.34,234.75,222.78,648.42,0.8803,-1,-1,-1
129,6,1084.22,287.43,173.72,482.97,0.8741,-1,-1,-1
129,14,933.76,322.13,120.80,335.09,0.6498,-1,-1,-1
129,19,313.10,339.09,147.09,420.65,0.8338,-1,-1,-1
129,23,1617.85,368.56,44.51,68.56,0.3771,-1,-1,-1
129,8,659.58,390.10,68.50,192.94,0.5347,-1,-1,-1
130,2,705.94,236.50,222.90,648.78,0.8819,-1,-1,-1
130,6,1081.96,286.77,175.00,482.98,0.8673,-1,-1,-1
130,14,933.52,320.75,110.11,335.07,0.7349,-1,-1,-1
130,19,309.66,335.33,148.87,429.58,0.8405,-1,-1,-1
130,23,1618.37,367.32,43.03,69.66,0.4036,-1,-1,-1
130,8,659.21,389.51,64.34,193.06,0.5535,-1,-1,-1
131,2,706.28,238.45,223.73,648.96,0.8799,-1,-1,-1
131,6,1080.20,284.62,176.75,482.70,0.8665,-1,-1,-1
131,14,928.91,319.28,110.52,333.76,0.7373,-1,-1,-1
131,19,307.68,332.80,147.49,435.11,0.8388,-1,-1,-1
131,23,1619.08,365.80,42.98,69.61,0.3856,-1,-1,-1
131,8,657.40,389.54,63.98,193.30,0.5875,-1,-1,-1
131,26,1011.82,371.74,69.72,222.48,0.5431,-1,-1,-1
132,2,707.85,239.00,222.83,649.18,0.8754,-1,-1,-1
132,6,1079.84,282.92,176.14,481.89,0.8634,-1,-1,-1
132,14,925.64,317.83,111.09,333.78,0.7335,-1,-1,-1
132,19,307.55,332.85,144.51,436.94,0.8290,-1,-1,-1
132,23,1619.46,364.65,42.27,69.44,0.4077,-1,-1,-1
132,8,656.86,389.18,64.22,194.56,0.5692,-1,-1,-1
132,26,1012.87,367.70,69.77,226.42,0.5586,-1,-1,-1
133,2,710.96,239.49,222.09,647.62,0.8755,-1,-1,-1
133,6,1077.30,282.41,178.93,482.04,0.8685,-1,-1,-1
133,14,925.32,316.70,108.56,335.73,0.7468,-1,-1,-1
133,19,297.10,330.97,152.78,441.32,0.8195,-1,-1,-1
133,23,1620.96,364.15,41.90,70.54,0.3852,-1,-1,-1
133,8,656.95,389.57,63.08,195.06,0.4432,-1,-1,-1
133,26,1012.75,367.70,72.02,225.86,0.5763,-1,-1,-1
134,2,713.40,239.58,218.34,648.94,0.8765,-1,-1,-1
134,6,1075.03,283.88,182.56,484.84,0.8678,-1,-1,-1
134,14,926.94,318.25,103.08,337.29,0.7328,-1,-1,-1
134,19,290.01,327.01,155.62,451.95,0.8404,-1,-1,-1
134,23,1622.25,364.72,41.84,71.54,0.3579,-1,-1,-1
134,8,655.84,391.86,66.74,195.01,0.5317,-1,-1,-1
134,26,1011.70,367.75,73.53,224.15,0.6110,-1,-1,-1
135,2,715.94,240.69,215.75,648.24,0.8799,-1,-1,-1
135,6,1073.46,285.08,184.39,487.77,0.8648,-1,-1,-1
135,14,926.69,318.57,99.77,340.44,0.7097,-1,-1,-1
135,19,286.62,329.61,155.09,454.10,0.8316,-1,-1,-1
135,8,652.74,393.77,70.89,195.48,0.5442,-1,-1,-1
135,26,1010.80,369.77,75.78,220.36,0.6537,-1,-1,-1
136,2,720.89,240.63,212.47,643.80,0.8737,-1,-1,-1
136,6,1072.39,286.85,187.42,489.69,0.8665,-1,-1,-1
136,14,926.37,319.78,99.27,340.01,0.7318,-1,-1,-1
136,19,282.16,328.01,157.70,459.32,0.8387,-1,-1,-1
136,8,647.41,394.71,77.92,196.71,0.6849,-1,-1,-1
136,26,1011.24,365.51,77.21,228.01,0.7067,-1,-1,-1
137,2,723.38,240.83,211.90,630.58,0.8833,-1,-1,-1
137,6,1071.22,289.61,191.99,491.80,0.8635,-1,-1,-1
137,14,927.62,319.52,97.28,341.34,0.7313,-1,-1,-1
137,19,282.58,324.79,155.92,465.11,0.8409,-1,-1,-1
137,8,648.46,395.04,77.86,200.25,0.6352,-1,-1,-1
137,26,1013.57,368.15,77.33,226.28,0.7447,-1,-1,-1
137,23,1631.47,367.88,43.90,69.33,0.4985,-1,-1,-1
138,2,723.65,242.82,215.77,624.34,0.8864,-1,-1,-1
138,6,1076.15,294.20,192.79,491.46,0.8618,-1,-1,-1
138,14,928.68,321.50,96.45,342.16,0.7456,-1,-1,-1
138,19,280.00,323.98,157.41,469.42,0.8038,-1,-1,-1
138,8,651.03,397.38,73.97,200.70,0.5942,-1,-1,-1
138,26,1017.62,368.72,76.48,228.61,0.7447,-1,-1,-1
138,23,1637.17,371.35,45.22,69.21,0.3217,-1,-1,-1
139,2,728.20,242.35,213.69,622.24,0.8851,-1,-1,-1
139,6,1080.62,294.99,193.72,491.41,0.8479,-1,-1,-1
139,14,930.13,320.68,96.43,343.53,0.7266,-1,-1,-1
139,19,272.47,320.64,162.45,474.98,0.8146,-1,-1,-1
139,8,651.87,395.85,72.23,203.74,0.5823,-1,-1,-1
139,26,1020.80,365.03,76.13,230.21,0.7169,-1,-1,-1
140,2,739.54,241.71,205.00,626.13,0.8780,-1,-1,-1
140,6,1087.49,296.17,191.21,490.27,0.8453,-1,-1,-1
140,14,936.22,320.02,93.45,345.22,0.7149,-1,-1,-1
140,19,269.08,318.80,165.78,484.49,0.8302,-1,-1,-1
140,8,650.30,396.54,75.10,204.98,0.6319,-1,-1,-1
140,26,1023.40,367.11,76.74,228.07,0.7775,-1,-1,-1
140,23,1646.84,368.15,47.01,68.63,0.3396,-1,-1,-1
141,2,747.43,244.68,197.92,628.96,0.8735,-1,-1,-1
141,6,1092.51,296.18,189.81,494.74,0.8582,-1,-1,-1
141,14,935.92,321.48,95.52,344.80,0.7389,-1,-1,-1
141,19,270.42,318.81,165.24,495.13,0.8246,-1,-1,-1
141,8,648.64,395.58,78.52,206.63,0.7632,-1,-1,-1
141,26,1025.06,366.72,79.29,228.26,0.6852,-1,-1,-1
141,23,1650.57,368.16,48.35,69.81,0.3900,-1,-1,-1
142,2,754.25,249.86,193.44,628.55,0.8694,-1,-1,-1
142,6,1099.73,296.82,187.61,498.58,0.8516,-1,-1,-1
142,14,936.65,324.37,96.38,342.18,0.7639,-1,-1,-1
142,19,270.82,321.18,167.10,500.80,0.8492,-1,-1,-1
142,8,649.23,398.80,83.89,204.01,0.6909,-1,-1,-1
142,26,1029.65,370.63,79.30,226.87,0.7247,-1,-1,-1
143,2,766.15,253.38,187.71,632.17,0.8787,-1,-1,-1
143,6,1107.04,297.40,187.31,501.88,0.8675,-1,-1,-1
143,14,948.96,325.86,89.19,341.39,0.7232,-1,-1,-1
143,19,269.67,324.74,170.58,504.09,0.8474,-1,-1,-1
143,8,653.82,400.46,84.11,204.51,0.6631,-1,-1,-1
143,26,1037.04,372.20,75.25,226.30,0.7463,-1,-1,-1
143,23,1669.50,374.66,44.65,63.25,0.3949,-1,-1,-1
144,2,772.47,255.63,185.96,632.83,0.8729,-1,-1,-1
144,6,1112.59,297.16,187.00,501.70,0.8615,-1,-1,-1
144,14,957.69,329.79,84.39,335.32,0.8004,-1,-1,-1
144,19,268.31,324.97,174.23,510.57,0.8580,-1,-1,-1
144,8,661.01,398.23,78.92,207.06,0.7032,-1,-1,-1
144,26,1041.03,372.42,77.38,227.08,0.7546,-1,-1,-1
144,23,1673.28,371.10,49.76,67.09,0.4201,-1,-1,-1
145,2,779.50,257.67,184.32,634.20,0.8604,-1,-1,-1
145,6,1120.81,296.79,186.93,501.52,0.8608,-1,-1,-1
145,14,962.39,329.33,83.06,337.25,0.7497,-1,-1,-1
145,19,266.07,324.13,177.78,514.46,0.8532,-1,-1,-1
145,8,664.44,396.79,80.03,209.71,0.7018,-1,-1,-1
145,26,1043.54,374.71,78.73,224.13,0.7400,-1,-1,-1
145,23,1681.23,370.85,50.16,69.38,0.4226,-1,-1,-1
146,2,782.53,261.62,186.75,635.90,0.8638,-1,-1,-1
146,6,1128.51,300.20,184.55,495.73,0.8740,-1,-1,-1
146,14,968.74,331.55,84.85,337.43,0.6867,-1,-1,-1
146,19,267.32,324.21,178.54,523.24,0.8772,-1,-1,-1
146,8,669.19,397.50,80.40,210.30,0.6982,-1,-1,-1
146,26,1048.53,377.54,78.33,220.77,0.6476,-1,-1,-1
146,23,1693.14,377.26,46.41,64.04,0.3286,-1,-1,-1
147,2,783.99,265.12,188.51,637.06,0.8650,-1,-1,-1
147,6,1134.15,299.52,186.59,492.35,0.8670,-1,-1,-1
147,14,967.42,331.66,89.20,339.99,0.7115,-1,-1,-1
147,19,263.81,325.58,181.84,528.98,0.8601,-1,-1,-1
147,8,670.83,396.87,80.66,214.69,0.7260,-1,-1,-1
147,26,1050.96,381.19,79.83,220.52,0.6330,-1,-1,-1
147,23,1699.93,376.56,46.87,66.98,0.4336,-1,-1,-1
148,2,789.33,266.39,185.75,636.21,0.8554,-1,-1,-1
148,6,1139.89,298.52,183.65,491.57,0.8671,-1,-1,-1
148,14,969.35,331.77,90.36,340.92,0.7303,-1,-1,-1
148,19,258.90,325.83,185.61,539.71,0.8684,-1,-1,-1
148,8,673.11,395.92,77.49,217.93,0.7258,-1,-1,-1
148,26,1053.81,378.65,78.49,225.68,0.6768,-1,-1,-1
148,23,1701.78,375.86,50.31,68.30,0.3775,-1,-1,-1
149,2,793.35,267.21,183.90,637.48,0.8616,-1,-1,-1
149,6,1146.54,299.02,180.08,489.04,0.8619,-1,-1,-1
149,14,972.46,335.53,87.84,338.93,0.7344,-1,-1,-1
149,19,252.86,324.09,184.36,548.74,0.8649,-1,-1,-1
149,8,674.80,399.89,76.73,217.91,0.6009,-1,-1,-1
149,26,1055.66,379.04,77.86,228.19,0.6365,-1,-1,-1
149,23,1706.70,380.38,49.80,65.99,0.3492,-1,-1,-1
150,2,794.10,267.58,184.05,637.39,0.8498,-1,-1,-1
150,6,1150.79,300.19,178.67,489.93,0.8644,-1,-1,-1
150,14,975.01,339.14,88.45,338.96,0.7367,-1,-1,-1
150,19,247.31,320.00,181.52,558.03,0.8501,-1,-1,-1
150,8,673.99,404.34,78.46,216.77,0.6131,-1,-1,-1
150,26,1056.65,372.78,76.83,235.99,0.6722,-1,-1,-1
150,23,1710.96,381.85,51.23,66.80,0.4523,-1,-1,-1
151,2,793.76,267.59,186.73,634.36,0.8409,-1,-1,-1
151,6,1152.76,300.05,179.36,497.71,0.8714,-1,-1,-1
151,14,979.33,340.84,85.48,341.11,0.7332,-1,-1,-1
151,19,236.47,318.17,184.42,567.54,0.8507,-1,-1,-1
151,8,674.84,408.46,77.89,214.55,0.6688,-1,-1,-1
151,26,1056.70,370.64,77.02,240.13,0.5983,-1,-1,-1
151,23,1712.54,381.06,53.44,69.00,0.4878,-1,-1,-1
152,2,791.32,266.19,190.43,627.47,0.8417,-1,-1,-1
152,6,1154.12,300.17,180.65,498.96,0.8801,-1,-1,-1
152,14,978.88,341.50,86.13,341.28,0.7104,-1,-1,-1
152,19,227.43,314.66,187.58,576.93,0.8509,-1,-1,-1
152,8,675.07,409.47,80.15,215.61,0.7133,-1,-1,-1
152,26,1055.31,371.87,78.73,238.59,0.6059,-1,-1,-1
152,23,1715.88,379.48,54.50,70.43,0.5259,-1,-1,-1
153,2,786.24,264.09,198.42,620.33,0.8418,-1,-1,-1
153,6,1157.70,301.92,179.67,498.74,0.8824,-1,-1,-1
153,14,982.41,341.73,83.40,344.53,0.7248,-1,-1,-1
153,19,215.93,311.78,193.73,583.23,0.8585,-1,-1,-1
153,8,675.23,410.14,82.82,218.52,0.7124,-1,-1,-1
153,26,1055.60,372.11,79.12,239.32,0.6199,-1,-1,-1
153,23,1719.46,384.21,51.69,67.70,0.4315,-1,-1,-1
154,2,779.73,262.14,206.88,618.32,0.8594,-1,-1,-1
154,6,1159.13,302.67,178.93,497.18,0.8731,-1,-1,-1
154,14,981.11,341.61,83.92,344.68,0.7265,-1,-1,-1
154,19,203.69,309.37,200.75,589.16,0.8723,-1,-1,-1
154,8,675.41,411.05,85.78,220.44,0.7176,-1,-1,-1
154,26,1054.25,373.26,80.33,239.16,0.6567,-1,-1,-1
154,23,1722.74,385.00,51.09,68.19,0.4097,-1,-1,-1
155,2,772.02,258.99,214.66,618.91,0.8684,-1,-1,-1
155,6,1160.36,301.97,177.71,499.38,0.8790,-1,-1,-1
155,14,982.72,340.03,81.29,343.36,0.7272,-1,-1,-1
155,19,191.86,305.90,206.49,593.70,0.8712,-1,-1,-1
155,8,672.08,407.54,95.36,223.52,0.7297,-1,-1,-1
155,26,1053.39,371.94,80.38,239.40,0.7016,-1,-1,-1
155,23,1722.08,379.66,51.97,71.75,0.3247,-1,-1,-1
156,2,766.13,257.95,222.58,621.73,0.8702,-1,-1,-1
156,6,1159.52,305.21,179.32,504.86,0.8774,-1,-1,-1
156,14,981.48,339.98,82.50,344.08,0.7022,-1,-1,-1
156,19,180.98,302.52,207.97,599.77,0.8714,-1,-1,-1
156,8,671.08,406.02,98.69,226.09,0.7665,-1,-1,-1
156,26,1051.99,370.70,80.45,242.30,0.6923,-1,-1,-1
156,23,1721.37,381.30,52.75,71.80,0.3494,-1,-1,-1
157,2,760.09,259.93,228.88,624.22,0.8774,-1,-1,-1
157,6,1156.53,308.07,178.19,507.52,0.8730,-1,-1,-1
157,14,974.07,341.62,89.68,346.06,0.6965,-1,-1,-1
157,19,170.39,301.02,211.18,605.22,0.8634,-1,-1,-1
157,8,667.56,407.41,100.06,226.45,0.7038,-1,-1,-1
157,26,1049.33,370.81,81.93,243.90,0.6787,-1,-1,-1
157,23,1721.24,381.72,53.38,74.21,0.4142,-1,-1,-1
158,2,758.34,257.46,227.53,628.43,0.8731,-1,-1,-1
158,6,1151.39,305.64,177.31,507.95,0.8647,-1,-1,-1
158,14,968.27,341.22,90.48,345.12,0.7418,-1,-1,-1
158,19,156.75,297.00,214.30,611.66,0.8608,-1,-1,-1
158,8,662.27,405.76,87.23,228.10,0.6732,-1,-1,-1
158,26,1044.71,370.31,84.40,244.02,0.7391,-1,-1,-1
158,23,1717.40,382.91,54.81,71.54,0.4162,-1,-1,-1
159,2,761.42,260.63,221.51,628.90,0.8666,-1,-1,-1
159,6,1147.14,306.24,175.58,505.51,0.8761,-1,-1,-1
159,14,965.21,341.37,87.83,341.49,0.6546,-1,-1,-1
159,19,139.83,294.11,217.82,621.24,0.8558,-1,-1,-1
159,8,658.18,402.16,86.11,230.46,0.6600,-1,-1,-1
159,26,1040.23,374.82,85.50,239.52,0.7010,-1,-1,-1
159,23,1711.91,378.83,57.88,74.41,0.5084,-1,-1,-1
160,2,764.73,263.36,215.15,630.06,0.8642,-1,-1,-1
160,6,1142.24,305.95,174.02,506.59,0.8769,-1,-1,-1
160,14,961.29,339.55,90.14,340.44,0.7255,-1,-1,-1
160,19,126.90,290.78,221.38,637.29,0.8640,-1,-1,-1
160,8,650.92,401.43,92.90,230.36,0.6724,-1,-1,-1
160,26,1036.76,377.23,84.10,236.20,0.6979,-1,-1,-1
160,23,1707.19,375.58,58.17,77.20,0.3370,-1,-1,-1
160,28,749.04,355.62,68.82,277.48,0.5033,-1,-1,-1
161,2,767.27,269.13,211.44,628.87,0.8709,-1,-1,-1
161,6,1138.17,306.60,172.58,506.52,0.8782,-1,-1,-1
161,14,955.83,339.33,89.11,341.15,0.6698,-1,-1,-1
161,19,112.63,289.96,225.01,654.53,0.8549,-1,-1,-1
161,8,645.43,399.07,92.15,235.21,0.6919,-1,-1,-1
161,26,1032.34,383.01,84.81,229.98,0.7512,-1,-1,-1
161,23,1705.26,373.93,56.76,80.11,0.3376,-1,-1,-1
161,28,737.38,361.70,71.55,274.30,0.4955,-1,-1,-1
162,2,770.48,270.78,206.72,627.25,0.8824,-1,-1,-1
162,6,1133.12,301.56,171.34,511.52,0.8733,-1,-1,-1
162,14,950.39,336.89,84.02,346.22,0.6473,-1,-1,-1
162,19,96.29,284.38,229.29,661.22,0.8687,-1,-1,-1
162,8,638.24,395.97,82.92,238.69,0.7041,-1,-1,-1
162,26,1026.01,385.56,83.84,226.21,0.7441,-1,-1,-1
162,23,1700.05,378.77,56.66,76.65,0.4564,-1,-1,-1
162,28,730.25,361.10,77.04,277.98,0.6036,-1,-1,-1
163,2,771.16,270.22,202.55,628.49,0.8929,-1,-1,-1
163,6,1123.93,299.71,174.48,512.46,0.8682,-1,-1,-1
163,14,945.57,332.61,85.06,350.57,0.6175,-1,-1,-1
163,19,81.34,283.17,225.66,675.87,0.8466,-1,-1,-1
163,8,629.71,394.18,83.16,240.61,0.7249,-1,-1,-1
163,26,1019.64,386.57,84.42,224.55,0.6823,-1,-1,-1
163,23,1694.27,380.52,55.82,75.48,0.4453,-1,-1,-1
163,28,724.26,358.46,77.50,280.46,0.6666,-1,-1,-1
164,2,767.41,268.66,203.46,625.46,0.8909,-1,-1,-1
164,6,1114.66,297.63,180.81,511.09,0.8672,-1,-1,-1
164,14,942.05,332.66,83.48,350.44,0.6623,-1,-1,-1
164,19,59.60,282.03,240.51,693.05,0.8834,-1,-1,-1
164,8,620.28,392.52,86.01,243.43,0.7237,-1,-1,-1
164,26,1016.92,389.31,80.76,220.36,0.7023,-1,-1,-1
164,28,714.24,361.52,79.41,279.04,0.6744,-1,-1,-1
165,2,764.18,264.68,199.94,626.80,0.8865,-1,-1,-1
165,6,1107.79,298.11,181.73,507.44,0.8747,-1,-1,-1
165,14,940.55,332.29,82.34,348.28,0.6922,-1,-1,-1
165,19,39.98,280.05,248.11,711.31,0.8713,-1,-1,-1
165,8,611.45,392.26,85.63,244.30,0.6888,-1,-1,-1
165,26,1013.75,390.66,79.31,216.19,0.6871,-1,-1,-1
165,28,707.52,363.47,79.89,277.88,0.7069,-1,-1,-1
166,2,764.68,260.36,196.42,629.92,0.8856,-1,-1,-1
166,6,1101.14,296.85,185.14,502.98,0.8768,-1,-1,-1
166,14,934.16,327.34,84.33,351.62,0.6957,-1,-1,-1
166,19,21.10,278.20,259.03,725.04,0.8876,-1,-1,-1
166,8,605.40,390.84,87.96,246.61,0.7174,-1,-1,-1
166,26,1008.88,390.22,79.63,214.15,0.6685,-1,-1,-1
166,28,703.07,364.77,80.71,277.99,0.7309,-1,-1,-1
166,23,1678.60,375.25,54.11,75.43,0.3933,-1,-1,-1
167,2,766.01,257.17,193.68,630.60,0.8746,-1,-1,-1
167,6,1095.01,293.10,190.16,504.75,0.8659,-1,-1,-1
167,14,933.03,325.23,84.11,350.45,0.6918,-1,-1,-1
167,19,5.99,274.48,258.80,736.90,0.8650,-1,-1,-1
167,8,600.77,389.60,87.22,248.79,0.7259,-1,-1,-1
167,26,1007.73,395.45,78.03,209.32,0.5622,-1,-1,-1
167,28,697.63,362.97,86.10,281.04,0.7083,-1,-1,-1
167,23,1678.22,374.24,54.84,74.79,0.3863,-1,-1,-1
168,2,771.20,254.24,187.23,623.15,0.8656,-1,-1,-1
168,6,1090.83,291.54,191.58,504.21,0.8647,-1,-1,-1
168,14,930.31,327.55,85.73,349.49,0.6991,-1,-1,-1
168,19,-2.59,266.80,259.36,750.62,0.8876,-1,-1,-1
168,8,596.31,389.06,88.05,249.43,0.6911,-1,-1,-1
168,26,1006.70,381.80,77.95,225.34,0.6034,-1,-1,-1
168,28,685.95,358.93,94.56,285.51,0.7777,-1,-1,-1
168,23,1673.68,371.64,58.52,77.26,0.3809,-1,-1,-1
169,2,775.63,250.27,184.68,615.04,0.8632,-1,-1,-1
169,6,1086.84,290.93,193.73,503.02,0.8698,-1,-1,-1
169,14,929.54,328.36,83.91,344.78,0.6958,-1,-1,-1
169,19,-5.71,259.60,249.57,763.11,0.9024,-1,-1,-1
169,8,591.00,387.58,90.37,251.88,0.7353,-1,-1,-1
169,26,1004.13,377.05,79.74,227.64,0.6366,-1,-1,-1
169,28,680.19,357.08,96.90,283.24,0.7693,-1,-1,-1
169,23,1672.31,370.37,58.40,77.67,0.4163,-1,-1,-1
170,2,778.25,248.26,181.73,611.49,0.8545,-1,-1,-1
170,6,1082.12,290.49,197.54,504.99,0.8706,-1,-1,-1
170,14,928.14,328.99,82.38,343.30,0.6886,-1,-1,-1
170,19,-6.06,252.75,237.14,776.11,0.9022,-1,-1,-1
170,8,588.26,386.80,84.50,252.13,0.6201,-1,-1,-1
170,26,1003.68,372.83,80.53,231.08,0.6332,-1,-1,-1
170,28,673.45,353.86,102.99,286.89,0.7918,-1,-1,-1
170,23,1674.86,368.86,54.47,77.48,0.3145,-1,-1,-1
171,2,778.46,246.36,180.35,612.86,0.8563,-1,-1,-1
171,6,1079.00,290.26,200.70,508.37,0.8685,-1,-1,-1
171,14,927.42,328.60,83.23,346.49,0.7115,-1,-1,-1
171,19,-5.63,247.53,224.94,789.12,0.9018,-1,-1,-1
171,8,582.12,383.54,88.79,258.10,0.6402,-1,-1,-1
171,26,1004.79,368.37,78.45,230.98,0.6707,-1,-1,-1
171,28,665.65,352.96,110.48,291.19,0.8041,-1,-1,-1
172,2,777.03,246.81,182.51,616.45,0.8505,-1,-1,-1
172,6,1075.75,290.17,203.94,509.09,0.8735,-1,-1,-1
172,14,927.68,335.52,81.46,337.24,0.6798,-1,-1,-1
172,19,-4.84,242.72,211.43,800.04,0.8958,-1,-1,-1
172,8,575.16,384.28,95.99,260.77,0.6855,-1,-1,-1
172,26,1002.84,367.28,78.61,230.37,0.6558,-1,-1,-1
172,28,659.65,351.64,116.50,294.83,0.8317,-1,-1,-1
173,2,777.75,245.34,180.68,619.65,0.8552,-1,-1,-1
173,6,1073.88,288.92,204.15,510.81,0.8676,-1,-1,-1
173,14,926.79,336.17,79.16,335.68,0.6678,-1,-1,-1
173,19,-4.10,237.26,199.47,814.78,0.8878,-1,-1,-1
173,8,567.47,385.01,101.20,261.93,0.7057,-1,-1,-1
173,26,1002.27,370.42,78.64,224.10,0.6627,-1,-1,-1
173,28,655.90,348.75,122.14,298.33,0.8321,-1,-1,-1
173,23,1674.71,363.91,53.44,76.68,0.4416,-1,-1,-1
174,2,777.43,245.63,181.87,622.18,0.8592,-1,-1,-1
174,6,1075.42,288.69,205.32,514.69,0.8719,-1,-1,-1
174,14,927.91,335.89,78.10,336.31,0.6463,-1,-1,-1
174,19,-3.31,233.06,190.15,827.95,0.8844,-1,-1,-1
174,8,563.11,381.85,97.86,268.23,0.6958,-1,-1,-1
174,26,1002.92,368.22,77.47,226.96,0.6675,-1,-1,-1
174,28,654.14,346.54,126.05,301.05,0.8182,-1,-1,-1
174,23,1676.26,362.65,54.24,75.67,0.4160,-1,-1,-1
175,2,780.30,246.79,179.29,626.33,0.8637,-1,-1,-1
175,6,1078.70,288.88,205.14,518.86,0.8729,-1,-1,-1
175,14,929.95,331.82,77.89,340.68,0.6395,-1,-1,-1
175,19,-2.36,228.02,181.45,838.31,0.8854,-1,-1,-1
175,8,560.03,380.11,97.09,272.28,0.6820,-1,-1,-1
175,26,1004.16,367.78,76.67,229.72,0.6663,-1,-1,-1
175,28,652.83,345.58,129.42,303.84,0.8186,-1,-1,-1
175,23,1679.60,362.71,55.94,75.83,0.4673,-1,-1,-1
176,2,785.19,252.41,176.54,627.73,0.8478,-1,-1,-1
176,6,1082.86,290.14,204.44,520.05,0.8721,-1,-1,-1
176,14,932.94,328.25,75.40,345.20,0.6373,-1,-1,-1
176,19,-1.05,227.20,174.08,846.20,0.8836,-1,-1,-1
176,8,556.63,379.71,99.99,275.96,0.7237,-1,-1,-1
176,26,1007.95,366.95,75.27,231.26,0.6799,-1,-1,-1
176,28,653.44,346.12,129.40,309.03,0.8107,-1,-1,-1
176,23,1685.33,364.19,51.94,72.77,0.3565,-1,-1,-1
177,2,787.40,255.96,176.37,627.44,0.8483,-1,-1,-1
177,6,1085.92,289.91,203.92,518.78,0.8748,-1,-1,-1
177,14,934.98,324.68,67.76,348.01,0.5903,-1,-1,-1
177,19,-1.18,224.57,164.67,853.35,0.8760,-1,-1,-1
177,8,554.12,379.23,101.87,275.99,0.7126,-1,-1,-1
177,26,1009.42,367.03,75.09,229.90,0.6887,-1,-1,-1
177,28,653.14,345.42,129.50,311.36,0.8152,-1,-1,-1
177,23,1685.36,359.52,56.51,74.09,0.3952,-1,-1,-1
178,2,790.94,260.57,176.88,626.31,0.8574,-1,-1,-1
178,6,1090.00,290.16,205.64,522.85,0.8788,-1,-1,-1
178,14,940.05,327.13,60.07,351.06,0.4079,-1,-1,-1
178,19,-0.41,222.19,156.34,857.74,0.8740,-1,-1,-1
178,8,554.03,379.46,101.22,277.78,0.7328,-1,-1,-1
178,26,1013.76,369.62,74.51,229.02,0.6444,-1,-1,-1
178,28,653.31,347.57,133.07,314.23,0.8253,-1,-1,-1
178,23,1690.29,359.61,57.02,74.68,0.3317,-1,-1,-1
179,2,793.31,262.65,176.66,625.12,0.8564,-1,-1,-1
179,6,1097.04,288.30,202.91,526.39,0.8803,-1,-1,-1
179,14,934.49,309.11,68.58,366.01,0.5756,-1,-1,-1
179,19,0.02,224.29,145.54,855.88,0.8739,-1,-1,-1
179,8,553.08,379.17,102.24,280.13,0.7101,-1,-1,-1
179,26,1016.13,373.13,74.83,224.62,0.6751,-1,-1,-1
179,28,651.55,348.80,139.27,315.40,0.8254,-1,-1,-1
179,23,1688.80,357.21,65.52,78.21,0.4426,-1,-1,-1
180,2,796.60,266.05,178.99,619.64,0.8630,-1,-1,-1
180,6,1103.29,289.95,202.44,524.87,0.8717,-1,-1,-1
180,14,941.82,316.48,61.28,358.16,0.3246,-1,-1,-1
180,19,0.42,228.16,134.93,852.86,0.8652,-1,-1,-1
180,8,552.87,378.84,104.12,283.56,0.7641,-1,-1,-1
180,26,1019.35,381.03,74.24,218.12,0.6105,-1,-1,-1
180,28,652.86,350.63,137.96,316.33,0.7987,-1,-1,-1
180,23,1695.52,357.70,65.84,77.13,0.4638,-1,-1,-1
181,2,798.46,266.25,182.10,618.72,0.8678,-1,-1,-1
181,6,1112.30,286.43,198.92,527.12,0.8748,-1,-1,-1
181,14,943.68,312.61,59.99,359.91,0.3641,-1,-1,-1
181,19,0.80,249.66,127.42,831.50,0.8625,-1,-1,-1
181,8,553.99,381.19,104.05,284.29,0.7259,-1,-1,-1
181,26,1020.77,374.61,76.33,224.97,0.6325,-1,-1,-1
181,28,654.22,351.22,138.92,319.92,0.8163,-1,-1,-1
181,23,1708.91,355.91,57.13,77.24,0.4132,-1,-1,-1
182,2,799.02,265.43,183.90,617.79,0.8722,-1,-1,-1
182,6,1119.85,285.83,197.38,527.07,0.8726,-1,-1,-1
182,14,945.50,312.50,61.96,360.94,0.4416,-1,-1,-1
182,19,0.91,275.43,118.59,805.30,0.8565,-1,-1,-1
182,8,555.02,382.24,106.39,286.67,0.7499,-1,-1,-1
182,26,1023.14,376.86,79.03,221.60,0.7335,-1,-1,-1
182,28,654.80,351.12,138.94,323.17,0.8205,-1,-1,-1
182,23,1714.15,354.94,58.87,77.42,0.5690,-1,-1,-1
183,2,801.18,264.07,189.03,612.75,0.8732,-1,-1,-1
183,6,1130.04,283.40,193.12,522.20,0.8705,-1,-1,-1
183,14,948.10,313.45,63.22,357.32,0.3319,-1,-1,-1
183,19,1.25,301.77,106.59,777.72,0.8433,-1,-1,-1
183,8,555.44,385.15,107.39,287.33,0.7397,-1,-1,-1
183,26,1025.89,382.15,79.97,216.90,0.6706,-1,-1,-1
183,28,655.24,349.50,142.98,325.10,0.8300,-1,-1,-1
183,23,1717.27,353.90,60.22,77.98,0.4129,-1,-1,-1
184,2,803.62,264.64,191.61,601.77,0.8759,-1,-1,-1
184,6,1134.71,282.63,192.60,517.68,0.8755,-1,-1,-1
184,14,951.62,307.60,65.60,366.19,0.4225,-1,-1,-1
184,19,1.35,358.66,94.02,719.11,0.8429,-1,-1,-1
184,8,556.07,387.94,109.87,285.52,0.7550,-1,-1,-1
184,26,1031.09,381.75,80.54,220.36,0.6438,-1,-1,-1
184,28,659.37,347.87,144.50,327.57,0.8309,-1,-1,-1
184,23,1725.61,353.76,60.89,77.79,0.4384,-1,-1,-1
185,2,804.20,262.84,193.45,598.94,0.8585,-1,-1,-1
185,6,1140.29,282.80,192.17,513.99,0.8707,-1,-1,-1
185,14,957.20,310.39,68.63,364.50,0.6058,-1,-1,-1
185,19,1.01,383.98,85.08,692.76,0.8066,-1,-1,-1
185,8,557.39,389.65,114.67,286.21,0.7165,-1,-1,-1
185,26,1036.71,383.90,78.15,217.88,0.6756,-1,-1,-1
185,28,666.90,334.88,140.35,343.38,0.8513,-1,-1,-1
185,23,1728.87,351.45,63.71,79.20,0.4079,-1,-1,-1
186,2,805.34,258.99,193.11,602.83,0.8641,-1,-1,-1
186,6,1148.72,283.86,187.29,514.31,0.8792,-1,-1,-1
186,14,961.98,315.57,67.30,360.91,0.5453,-1,-1,-1
186,19,0.73,396.92,82.03,679.68,0.7608,-1,-1,-1
186,8,558.13,390.37,118.04,288.01,0.7527,-1,-1,-1
186,26,1038.50,383.96,81.12,218.14,0.6856,-1,-1,-1
186,28,669.43,327.33,139.74,353.67,0.8471,-1,-1,-1
186,23,1737.36,351.85,62.78,78.99,0.4772,-1,-1,-1
187,2,806.80,255.06,194.43,603.94,0.8674,-1,-1,-1
187,6,1154.09,280.67,188.29,519.27,0.8826,-1,-1,-1
187,14,969.25,337.50,61.65,339.06,0.3711,-1,-1,-1
187,19,-0.00,414.40,64.21,661.12,0.4279,-1,-1,-1
187,8,557.82,386.97,122.71,293.18,0.7652,-1,-1,-1
187,26,1042.42,380.00,80.21,220.00,0.7038,-1,-1,-1
187,28,670.93,327.08,139.19,353.62,0.8511,-1,-1,-1
187,23,1751.47,353.44,57.65,77.33,0.3293,-1,-1,-1
188,2,803.14,252.78,200.45,605.87,0.8690,-1,-1,-1
188,6,1155.79,279.17,188.74,520.18,0.8860,-1,-1,-1
188,8,556.70,385.44,125.32,294.51,0.7757,-1,-1,-1
188,26,1039.41,377.60,83.65,222.43,0.7109,-1,-1,-1
188,28,669.40,325.08,139.51,354.02,0.8549,-1,-1,-1
188,23,1760.22,353.78,52.59,74.56,0.4171,-1,-1,-1
189,2,800.36,252.42,203.01,609.05,0.8673,-1,-1,-1
189,6,1159.44,276.71,184.04,522.77,0.8822,-1,-1,-1
189,8,554.09,382.64,129.81,297.99,0.7088,-1,-1,-1
189,26,1038.22,375.85,84.93,223.68,0.7259,-1,-1,-1
189,28,667.17,324.21,141.42,356.30,0.8495,-1,-1,-1
189,23,1761.48,352.27,55.60,74.82,0.4733,-1,-1,-1
190,2,802.22,251.46,200.96,612.18,0.8584,-1,-1,-1
190,6,1160.56,275.56,184.50,526.05,0.8806,-1,-1,-1
190,8,549.06,380.44,137.91,301.32,0.7273,-1,-1,-1
190,26,1033.79,376.11,89.33,222.20,0.7129,-1,-1,-1
190,28,669.72,322.62,138.36,360.07,0.8446,-1,-1,-1
190,23,1759.55,353.04,59.73,76.13,0.4658,-1,-1,-1
191,2,804.16,252.86,199.02,616.62,0.8553,-1,-1,-1
191,6,1161.84,277.80,184.78,528.55,0.8796,-1,-1,-1
191,8,545.95,379.16,138.02,305.18,0.6629,-1,-1,-1
191,26,1033.76,375.22,89.86,224.79,0.6989,-1,-1,-1
191,28,670.41,323.88,136.70,362.13,0.8073,-1,-1,-1
191,23,1759.96,355.25,60.43,78.02,0.4879,-1,-1,-1
192,2,808.66,258.80,194.05,617.90,0.8579,-1,-1,-1
192,6,1161.30,283.90,183.60,528.51,0.8861,-1,-1,-1
192,8,541.36,378.77,114.89,307.49,0.7031,-1,-1,-1
192,26,1031.97,378.49,90.01,223.43,0.7029,-1,-1,-1
192,28,667.00,325.41,139.15,362.96,0.8327,-1,-1,-1
192,23,1758.53,359.99,62.78,77.67,0.4314,-1,-1,-1
193,2,808.91,263.26,194.10,617.73,0.8681,-1,-1,-1
193,6,1160.46,285.37,180.21,530.59,0.8836,-1,-1,-1
193,8,535.66,377.80,126.12,309.08,0.6637,-1,-1,-1
193,26,1029.91,377.41,89.52,226.11,0.6982,-1,-1,-1
193,28,659.16,328.95,145.67,361.98,0.7862,-1,-1,-1
193,23,1755.47,361.64,67.41,77.57,0.4426,-1,-1,-1
194,2,806.40,267.83,196.91,615.22,0.8654,-1,-1,-1
194,6,1158.95,288.22,177.88,533.83,0.8792,-1,-1,-1
194,8,530.13,378.22,130.87,312.73,0.7530,-1,-1,-1
194,26,1031.88,378.93,86.57,227.00,0.7260,-1,-1,-1
194,28,655.52,331.69,146.19,365.12,0.8255,-1,-1,-1
194,23,1755.44,363.64,68.07,79.32,0.4234,-1,-1,-1
195,2,802.47,273.65,202.61,611.49,0.8796,-1,-1,-1
195,6,1155.67,291.59,175.92,534.54,0.8688,-1,-1,-1
195,8,522.03,380.60,119.66,316.13,0.7483,-1,-1,-1
195,26,1026.95,381.51,89.32,225.93,0.7374,-1,-1,-1
195,28,646.93,336.43,151.12,367.52,0.8444,-1,-1,-1
195,23,1756.10,367.75,66.34,79.55,0.5028,-1,-1,-1
196,2,798.64,272.30,205.42,613.93,0.8865,-1,-1,-1
196,6,1150.14,294.11,175.61,536.34,0.8562,-1,-1,-1
196,8,514.91,379.97,116.71,321.85,0.7627,-1,-1,-1
196,26,1021.69,383.52,92.03,224.01,0.7186,-1,-1,-1
196,28,643.02,340.79,151.62,367.02,0.8285,-1,-1,-1
196,23,1758.63,369.52,61.74,79.30,0.3740,-1,-1,-1
197,2,795.61,271.74,208.08,614.82,0.8946,-1,-1,-1
197,6,1145.17,294.74,174.00,536.78,0.8556,-1,-1,-1
197,8,506.70,381.76,115.51,324.15,0.7714,-1,-1,-1
197,26,1017.98,386.71,93.10,222.45,0.7606,-1,-1,-1
197,28,634.93,341.68,153.73,369.74,0.8226,-1,-1,-1
197,23,1757.68,374.43,61.71,74.96,0.3221,-1,-1,-1
198,2,795.80,273.35,207.93,615.53,0.8890,-1,-1,-1
198,6,1139.21,297.24,176.09,530.24,0.8549,-1,-1,-1
198,8,496.44,384.77,117.69,329.64,0.7919,-1,-1,-1
198,26,1014.74,390.41,92.42,221.24,0.7204,-1,-1,-1
198,28,622.43,343.50,157.86,374.53,0.8376,-1,-1,-1
199,2,801.52,276.16,199.98,601.00,0.8820,-1,-1,-1
199,6,1133.74,298.61,178.46,539.82,0.8627,-1,-1,-1
199,8,488.10,387.85,120.73,332.60,0.8202,-1,-1,-1
199,26,1009.86,396.39,91.80,216.65,0.7434,-1,-1,-1
199,28,607.86,347.46,162.95,381.28,0.8336,-1,-1,-1
200,2,800.10,280.43,200.83,589.41,0.8845,-1,-1,-1
200,6,1126.24,300.20,181.66,541.40,0.8619,-1,-1,-1
200,8,478.71,392.22,128.52,335.85,0.7002,-1,-1,-1
200,26,1007.81,404.46,89.07,210.96,0.6664,-1,-1,-1
200,28,605.66,349.47,155.82,383.89,0.8438,-1,-1,-1
200,23,1736.85,381.65,70.67,79.32,0.5505,-1,-1,-1
201,2,799.34,281.49,197.05,588.18,0.8868,-1,-1,-1
201,6,1117.51,303.48,185.95,534.25,0.8699,-1,-1,-1
201,8,467.65,395.20,120.41,335.65,0.7716,-1,-1,-1
201,26,1006.71,397.95,83.80,219.20,0.7350,-1,-1,-1
201,28,586.41,348.52,163.22,384.90,0.7975,-1,-1,-1
201,23,1731.97,384.35,72.33,79.44,0.4134,-1,-1,-1
202,2,796.43,282.08,195.16,590.79,0.8919,-1,-1,-1
202,6,1111.16,304.63,189.09,532.39,0.8721,-1,-1,-1
202,8,458.02,399.03,126.94,335.59,0.8075,-1,-1,-1
202,26,1004.73,403.71,80.91,215.58,0.6839,-1,-1,-1
202,28,582.32,347.49,157.30,389.00,0.8090,-1,-1,-1
202,23,1726.11,384.53,74.74,81.25,0.4240,-1,-1,-1
203,2,798.20,282.69,189.69,593.44,0.8817,-1,-1,-1
203,6,1106.43,305.07,192.38,532.03,0.8731,-1,-1,-1
203,8,445.64,398.14,115.23,342.92,0.6158,-1,-1,-1
203,26,1001.20,408.03,81.60,215.03,0.7236,-1,-1,-1
203,28,577.20,345.83,157.00,395.56,0.8280,-1,-1,-1
203,23,1726.74,384.70,70.69,82.24,0.4239,-1,-1,-1
203,32,761.19,399.09,63.07,239.87,0.4422,-1,-1,-1
204,2,804.69,284.70,180.29,595.05,0.8649,-1,-1,-1
204,6,1104.02,304.34,192.25,531.03,0.8712,-1,-1,-1
204,8,435.78,399.24,134.28,346.32,0.7255,-1,-1,-1
204,26,1002.81,412.09,78.52,216.23,0.7367,-1,-1,-1
204,28,572.40,345.24,157.13,397.78,0.8171,-1,-1,-1
204,23,1728.87,385.02,66.70,82.17,0.3563,-1,-1,-1
204,32,758.41,400.35,67.19,240.62,0.6658,-1,-1,-1
205,2,807.16,285.90,175.87,596.95,0.8644,-1,-1,-1
205,6,1102.40,303.83,193.14,529.99,0.8741,-1,-1,-1
205,8,426.32,399.26,142.53,349.00,0.7800,-1,-1,-1
205,26,1002.32,413.74,76.82,214.85,0.7010,-1,-1,-1
205,28,565.26,343.90,154.46,400.38,0.8010,-1,-1,-1
205,23,1724.33,383.16,69.35,84.04,0.4830,-1,-1,-1
205,32,758.00,397.91,68.60,244.31,0.6578,-1,-1,-1
206,2,808.42,287.39,172.96,598.80,0.8670,-1,-1,-1
206,6,1099.89,306.04,197.85,531.15,0.8667,-1,-1,-1
206,8,418.71,397.68,148.74,352.60,0.7962,-1,-1,-1
206,26,1000.49,415.44,78.04,212.12,0.6888,-1,-1,-1
206,28,559.22,342.77,155.50,404.61,0.8320,-1,-1,-1
206,23,1728.49,382.29,64.86,84.45,0.4236,-1,-1,-1
206,32,756.15,396.63,69.66,248.57,0.6906,-1,-1,-1
207,2,809.08,288.80,171.02,598.55,0.8645,-1,-1,-1
207,6,1096.82,307.21,202.80,533.04,0.8681,-1,-1,-1
207,8,412.16,395.90,149.52,356.24,0.8316,-1,-1,-1
207,26,1000.16,414.88,77.95,213.58,0.6986,-1,-1,-1
207,28,552.30,343.46,160.06,407.11,0.8532,-1,-1,-1
207,23,1733.54,382.07,60.15,84.45,0.3862,-1,-1,-1
207,32,754.02,395.88,71.66,249.25,0.6905,-1,-1,-1
208,2,809.72,289.62,169.10,598.14,0.8560,-1,-1,-1
208,6,1094.46,304.98,206.85,537.96,0.8680,-1,-1,-1
208,8,404.69,394.91,146.67,358.61,0.8411,-1,-1,-1
208,26,1002.18,411.22,75.85,212.21,0.7247,-1,-1,-1
208,28,546.43,337.73,161.51,413.28,0.8587,-1,-1,-1
208,23,1739.48,382.81,54.99,83.12,0.3024,-1,-1,-1
208,32,753.41,393.95,72.06,250.82,0.6877,-1,-1,-1
209,2,808.92,291.20,169.11,598.11,0.8554,-1,-1,-1
209,6,1094.34,305.17,209.30,540.91,0.8675,-1,-1,-1
209,8,399.03,392.49,148.11,362.27,0.8272,-1,-1,-1
209,26,1002.33,405.87,75.80,215.49,0.7160,-1,-1,-1
209,28,538.32,335.98,170.40,419.36,0.8638,-1,-1,-1
209,23,1744.89,383.27,51.65,81.33,0.3860,-1,-1,-1
209,32,753.93,393.97,69.33,252.13,0.6307,-1,-1,-1
210,2,806.46,294.25,171.28,597.52,0.8648,-1,-1,-1
210,6,1095.14,307.95,211.12,540.49,0.8719,-1,-1,-1
210,8,392.34,390.62,148.17,365.80,0.8246,-1,-1,-1
210,26,1002.04,404.92,77.12,216.16,0.5573,-1,-1,-1
210,28,532.31,338.59,175.87,422.69,0.8501,-1,-1,-1
210,23,1731.09,383.01,65.52,83.59,0.4027,-1,-1,-1
210,32,749.64,393.28,71.35,254.65,0.6420,-1,-1,-1
211,2,804.72,294.47,173.27,599.96,0.8701,-1,-1,-1
211,6,1095.90,309.72,211.29,543.99,0.8726,-1,-1,-1
211,8,384.91,389.72,148.69,367.79,0.8250,-1,-1,-1
211,26,1003.51,414.95,74.65,206.02,0.5491,-1,-1,-1
211,28,522.21,331.76,183.73,437.38,0.8324,-1,-1,-1
211,23,1741.30,382.74,56.46,83.45,0.4628,-1,-1,-1
211,32,746.35,393.78,72.13,257.60,0.6483,-1,-1,-1
212,2,799.79,293.07,180.15,600.55,0.8608,-1,-1,-1
212,6,1095.40,313.43,213.44,542.33,0.8651,-1,-1,-1
212,8,377.10,389.27,145.86,374.78,0.8260,-1,-1,-1
212,26,1000.64,407.96,77.54,214.92,0.6687,-1,-1,-1
212,28,507.74,330.78,195.72,446.77,0.8214,-1,-1,-1
212,32,743.07,394.63,74.36,259.25,0.6523,-1,-1,-1
213,2,795.39,293.70,182.01,600.65,0.8643,-1,-1,-1
213,6,1094.99,312.29,213.36,545.87,0.8610,-1,-1,-1
213,8,368.46,390.08,149.56,384.44,0.8420,-1,-1,-1
213,26,997.08,404.50,80.49,220.11,0.7168,-1,-1,-1
213,28,504.87,337.08,194.52,446.53,0.8368,-1,-1,-1
213,32,740.19,396.08,71.75,262.90,0.6698,-1,-1,-1
214,2,792.75,298.61,183.85,593.07,0.8605,-1,-1,-1
214,6,1096.07,318.24,213.45,545.68,0.8704,-1,-1,-1
214,8,363.91,395.78,150.77,390.33,0.8434,-1,-1,-1
214,26,996.03,410.09,82.57,219.52,0.7440,-1,-1,-1
214,28,503.73,342.62,193.48,449.21,0.8454,-1,-1,-1
214,32,739.17,401.85,70.10,261.41,0.6716,-1,-1,-1
215,2,790.23,294.63,187.36,585.60,0.8647,-1,-1,-1
215,6,1100.22,314.15,211.16,552.75,0.8721,-1,-1,-1
215,8,359.95,395.79,151.03,396.14,0.8482,-1,-1,-1
215,26,995.65,406.86,85.13,221.88,0.7162,-1,-1,-1
215,28,502.20,341.07,194.76,455.28,0.8642,-1,-1,-1
215,32,738.84,400.81,68.95,261.01,0.6939,-1,-1,-1
215,23,1749.62,392.91,54.94,76.98,0.3458,-1,-1,-1
216,2,788.39,292.66,191.10,587.16,0.8661,-1,-1,-1
216,6,1109.47,311.92,203.91,558.32,0.8832,-1,-1,-1
216,8,357.44,396.56,150.55,402.13,0.8468,-1,-1,-1
216,26,1002.27,411.80,81.52,217.92,0.7528,-1,-1,-1
216,28,500.82,338.19,193.87,465.13,0.8712,-1,-1,-1
216,32,741.00,400.70,67.71,260.17,0.6173,-1,-1,-1
216,23,1760.90,396.54,51.02,76.29,0.3596,-1,-1,-1
217,2,787.66,290.97,193.77,588.38,0.8724,-1,-1,-1
217,6,1115.73,309.81,202.11,559.93,0.8829,-1,-1,-1
217,8,355.78,397.09,150.12,403.66,0.8455,-1,-1,-1
217,26,1006.93,415.83,81.07,215.10,0.7733,-1,-1,-1
217,28,500.59,334.46,192.97,473.39,0.8698,-1,-1,-1
217,32,743.17,398.90,67.61,265.73,0.6353,-1,-1,-1
217,23,1768.74,395.10,47.04,77.81,0.3736,-1,-1,-1
218,2,790.72,290.33,194.38,590.87,0.8777,-1,-1,-1
218,6,1123.93,312.01,198.05,555.04,0.8742,-1,-1,-1
218,8,353.83,397.27,155.71,409.30,0.8515,-1,-1,-1
218,26,1011.34,421.97,80.32,209.59,0.7528,-1,-1,-1
218,28,502.25,328.44,190.48,483.55,0.8720,-1,-1,-1
218,32,747.39,397.85,65.93,269.83,0.6781,-1,-1,-1
218,33,663.48,399.47,55.64,197.90,0.4525,-1,-1,-1
219,2,795.15,290.84,195.00,591.76,0.8762,-1,-1,-1
219,6,1131.25,313.39,196.61,549.44,0.8746,-1,-1,-1
219,8,353.39,397.09,162.93,414.34,0.8510,-1,-1,-1
219,26,1016.60,420.90,81.15,214.60,0.7159,-1,-1,-1
219,28,506.11,325.03,189.53,488.75,0.8773,-1,-1,-1
219,32,750.83,398.06,66.54,272.66,0.6841,-1,-1,-1
219,33,666.67,406.04,56.07,186.72,0.3872,-1,-1,-1
220,2,795.87,294.15,197.43,592.77,0.8704,-1,-1,-1
220,6,1137.11,314.01,196.48,547.06,0.8721,-1,-1,-1
220,8,353.02,395.43,166.98,417.76,0.8581,-1,-1,-1
220,26,1021.03,420.01,81.19,216.11,0.7220,-1,-1,-1
220,28,509.16,322.68,188.87,492.66,0.8668,-1,-1,-1
220,32,751.76,398.25,70.48,273.42,0.6722,-1,-1,-1
220,33,666.15,405.56,59.76,179.66,0.5582,-1,-1,-1
220,23,1793.33,394.73,48.54,81.35,0.4108,-1,-1,-1
221,2,801.16,296.91,198.88,594.99,0.8588,-1,-1,-1
221,6,1145.07,314.58,198.17,546.32,0.8733,-1,-1,-1
221,8,351.96,391.28,170.56,423.44,0.8507,-1,-1,-1
221,26,1026.12,422.37,80.88,215.02,0.7112,-1,-1,-1
221,28,510.38,318.93,188.74,497.73,0.8653,-1,-1,-1
221,32,754.22,396.90,73.90,276.54,0.7016,-1,-1,-1
221,33,665.67,404.90,64.08,182.90,0.5404,-1,-1,-1
221,23,1799.06,394.77,51.90,84.68,0.4935,-1,-1,-1
222,2,807.20,299.31,197.00,597.43,0.8566,-1,-1,-1
222,6,1154.67,317.43,194.26,546.04,0.8892,-1,-1,-1
222,8,351.20,387.77,172.69,428.34,0.8545,-1,-1,-1
222,26,1026.10,423.63,85.68,216.26,0.7122,-1,-1,-1
222,28,511.56,315.82,189.09,503.28,0.8747,-1,-1,-1
222,32,757.52,396.95,76.81,278.16,0.7172,-1,-1,-1
222,33,667.59,406.49,68.22,186.19,0.5041,-1,-1,-1
222,23,1810.62,398.50,50.53,82.30,0.4911,-1,-1,-1
223,2,815.31,301.77,193.93,596.80,0.8708,-1,-1,-1
223,6,1162.75,317.39,191.43,547.54,0.8806,-1,-1,-1
223,8,348.46,385.90,175.57,431.28,0.8504,-1,-1,-1
223,26,1033.55,421.64,80.84,218.59,0.7051,-1,-1,-1
223,28,511.43,312.83,191.57,504.41,0.8739,-1,-1,-1
223,32,759.99,395.87,79.09,279.74,0.7202,-1,-1,-1
223,33,668.67,407.01,70.61,189.12,0.5440,-1,-1,-1
223,23,1816.89,396.56,52.58,84.99,0.4958,-1,-1,-1
223,35,1432.57,523.87,157.30,334.48,0.3556,-1,-1,-1
224,2,821.97,304.36,193.87,594.67,0.8797,-1,-1,-1
224,6,1169.38,313.55,189.49,553.53,0.8861,-1,-1,-1
224,8,347.29,384.77,174.94,432.76,0.8485,-1,-1,-1
224,26,1038.45,419.81,80.78,219.14,0.7568,-1,-1,-1
224,28,509.96,306.64,195.14,512.56,0.8765,-1,-1,-1
224,32,761.47,393.59,82.09,284.62,0.8185,-1,-1,-1
224,33,670.83,406.76,70.80,193.96,0.4122,-1,-1,-1
224,23,1822.96,395.43,55.88,87.66,0.4425,-1,-1,-1
224,35,1443.38,531.04,147.47,327.24,0.4133,-1,-1,-1
225,2,826.34,304.20,198.36,594.15,0.8805,-1,-1,-1
225,6,1175.96,313.58,188.79,555.06,0.8826,-1,-1,-1
225,8,346.71,383.90,170.96,435.74,0.8530,-1,-1,-1
225,26,1040.11,420.64,81.57,216.93,0.7665,-1,-1,-1
225,28,507.57,301.22,199.80,523.56,0.8707,-1,-1,-1
225,32,761.46,393.03,87.05,286.75,0.8125,-1,-1,-1
225,33,672.12,405.12,70.30,199.81,0.5329,-1,-1,-1
225,23,1833.40,397.31,54.63,85.11,0.4401,-1,-1,-1
226,2,834.43,302.74,196.62,589.52,0.8722,-1,-1,-1
226,6,1179.94,313.51,187.40,557.63,0.8712,-1,-1,-1
226,8,341.27,381.98,171.14,438.96,0.8617,-1,-1,-1
226,26,1039.80,422.27,82.47,214.30,0.7551,-1,-1,-1
226,28,500.94,299.63,206.11,532.36,0.8716,-1,-1,-1
226,32,760.57,393.29,92.74,288.23,0.7940,-1,-1,-1
226,33,671.79,405.38,72.12,210.55,0.6472,-1,-1,-1
226,23,1836.85,395.91,58.38,86.98,0.6333,-1,-1,-1
227,2,837.36,301.96,197.49,582.22,0.8734,-1,-1,-1
227,6,1182.97,314.26,187.94,558.61,0.8638,-1,-1,-1
227,8,334.70,379.40,171.70,447.32,0.8501,-1,-1,-1
227,26,1041.09,425.59,84.89,209.86,0.7622,-1,-1,-1
227,28,493.89,296.40,211.39,544.36,0.8763,-1,-1,-1
227,32,756.62,393.30,99.37,290.42,0.7859,-1,-1,-1
227,33,671.09,404.06,73.62,216.54,0.6699,-1,-1,-1
227,23,1839.35,397.37,62.87,86.12,0.4282,-1,-1,-1
228,2,840.23,299.66,196.25,592.33,0.8665,-1,-1,-1
228,6,1184.83,314.97,187.22,562.74,0.8641,-1,-1,-1
228,8,329.70,373.55,165.97,460.02,0.8496,-1,-1,-1
228,26,1042.53,421.89,85.47,212.65,0.7658,-1,-1,-1
228,28,477.84,292.18,225.73,553.37,0.8746,-1,-1,-1
228,32,754.52,392.98,103.84,293.09,0.7976,-1,-1,-1
228,33,667.37,401.80,77.83,224.40,0.6484,-1,-1,-1
228,23,1841.71,397.68,65.65,85.71,0.3610,-1,-1,-1
229,2,846.33,297.75,191.61,592.77,0.8580,-1,-1,-1
229,6,1185.29,316.38,186.96,565.15,0.8665,-1,-1,-1
229,8,321.85,370.03,163.73,471.50,0.8458,-1,-1,-1
229,26,1045.46,421.36,83.88,212.91,0.7604,-1,-1,-1
229,28,471.53,290.57,228.05,557.09,0.8691,-1,-1,-1
229,32,753.91,393.60,104.38,296.01,0.8026,-1,-1,-1
229,33,663.53,401.58,80.75,227.18,0.6377,-1,-1,-1
229,23,1846.82,397.22,63.60,88.09,0.4352,-1,-1,-1
230,2,852.89,297.94,188.14,585.88,0.8512,-1,-1,-1
230,6,1186.12,317.30,186.53,565.72,0.8679,-1,-1,-1
230,8,310.22,370.87,171.58,481.05,0.8696,-1,-1,-1
230,26,1047.66,420.45,81.57,215.17,0.7609,-1,-1,-1
230,28,455.94,290.36,239.63,566.62,0.8506,-1,-1,-1
230,32,753.99,395.69,103.72,297.80,0.8083,-1,-1,-1
230,33,658.94,399.67,85.06,231.67,0.6842,-1,-1,-1
230,23,1849.75,399.02,65.33,89.08,0.4773,-1,-1,-1
231,2,859.41,298.48,183.00,578.27,0.8567,-1,-1,-1
231,6,1185.28,316.58,186.62,567.59,0.8617,-1,-1,-1
231,8,296.07,374.22,176.01,483.23,0.8452,-1,-1,-1
231,26,1047.34,418.11,80.96,217.96,0.7491,-1,-1,-1
231,28,444.99,288.41,246.99,579.50,0.8316,-1,-1,-1
231,32,753.44,395.79,103.43,300.40,0.8188,-1,-1,-1
231,33,653.23,398.46,90.15,242.27,0.6946,-1,-1,-1
231,23,1850.79,401.12,66.61,89.44,0.5354,-1,-1,-1
232,2,861.88,298.80,180.29,575.13,0.8496,-1,-1,-1
232,6,1183.28,316.85,186.43,570.39,0.8625,-1,-1,-1
232,8,278.60,373.08,177.87,492.98,0.8270,-1,-1,-1
232,26,1045.05,421.06,79.90,215.92,0.7542,-1,-1,-1
232,28,436.70,287.10,246.38,589.02,0.8571,-1,-1,-1
232,32,749.42,399.18,103.57,301.06,0.8368,-1,-1,-1
232,33,646.44,398.70,93.10,260.38,0.7757,-1,-1,-1
232,23,1851.42,402.84,66.22,90.86,0.5292,-1,-1,-1
233,2,857.81,301.54,182.19,580.39,0.8623,-1,-1,-1
233,6,1179.72,318.74,188.69,575.70,0.8611,-1,-1,-1
233,8,257.34,371.48,188.98,507.16,0.8721,-1,-1,-1
233,26,1042.21,422.55,79.83,218.79,0.7542,-1,-1,-1
233,28,425.84,285.21,247.41,603.44,0.8819,-1,-1,-1
233,32,737.84,397.15,109.92,306.00,0.8272,-1,-1,-1
233,33,637.58,404.07,95.58,274.87,0.7755,-1,-1,-1
233,23,1849.95,407.76,67.08,89.43,0.5331,-1,-1,-1
234,2,856.43,302.92,183.31,583.31,0.8706,-1,-1,-1
234,6,1174.38,321.28,192.18,575.76,0.8715,-1,-1,-1
234,8,246.16,368.75,190.26,519.85,0.8781,-1,-1,-1
234,26,1037.07,425.61,80.69,218.38,0.7213,-1,-1,-1
234,28,411.86,281.37,245.79,615.33,0.8917,-1,-1,-1
234,32,733.72,393.30,109.23,311.35,0.8215,-1,-1,-1
234,33,630.29,404.08,97.46,285.37,0.7805,-1,-1,-1
234,23,1848.29,411.64,67.25,86.59,0.4891,-1,-1,-1
235,2,855.48,303.55,184.34,587.08,0.8744,-1,-1,-1
235,6,1166.04,320.93,197.04,577.66,0.8778,-1,-1,-1
235,8,231.96,364.43,191.18,532.29,0.8850,-1,-1,-1
235,26,1036.14,426.14,79.42,217.78,0.7092,-1,-1,-1
235,28,396.47,274.14,248.64,626.27,0.8765,-1,-1,-1
235,32,724.03,391.52,111.42,314.48,0.8083,-1,-1,-1
235,33,623.74,404.13,96.63,291.12,0.7867,-1,-1,-1
235,23,1849.78,413.22,65.80,86.50,0.4453,-1,-1,-1
236,2,856.51,306.38,182.05,589.01,0.8761,-1,-1,-1
236,6,1159.14,322.95,202.12,577.49,0.8717,-1,-1,-1
236,8,218.64,362.81,194.05,537.89,0.8437,-1,-1,-1
236,26,1032.83,428.34,81.19,215.05,0.6683,-1,-1,-1
236,28,385.90,269.95,245.28,635.84,0.8691,-1,-1,-1
236,32,720.71,391.93,110.41,318.64,0.7960,-1,-1,-1
236,33,614.28,405.42,100.20,301.26,0.8305,-1,-1,-1
236,23,1850.24,415.70,65.93,85.96,0.5014,-1,-1,-1
237,2,857.78,310.48,178.42,588.99,0.8785,-1,-1,-1
237,6,1154.12,324.77,206.47,573.02,0.8788,-1,-1,-1
237,8,204.32,360.78,197.67,543.99,0.8654,-1,-1,-1
237,26,1033.49,428.23,78.15,218.20,0.6896,-1,-1,-1
237,28,375.21,265.98,243.95,643.55,0.8657,-1,-1,-1
237,32,710.95,392.81,116.39,322.01,0.7992,-1,-1,-1
237,33,607.04,406.16,99.98,306.24,0.7909,-1,-1,-1
237,23,1849.36,416.91,66.79,87.54,0.5012,-1,-1,-1
238,2,857.64,312.61,175.23,591.73,0.8762,-1,-1,-1
238,6,1148.85,328.28,211.60,566.70,0.8780,-1,-1,-1
238,8,190.10,353.96,198.72,555.86,0.8589,-1,-1,-1
238,26,1034.80,427.79,75.47,221.08,0.5363,-1,-1,-1
238,28,361.00,261.06,242.05,656.56,0.8688,-1,-1,-1
238,32,710.39,389.78,114.65,326.56,0.8140,-1,-1,-1
238,33,598.90,406.53,102.68,308.88,0.7959,-1,-1,-1
238,23,1847.40,417.07,68.58,90.51,0.5427,-1,-1,-1
239,2,856.22,317.09,173.55,591.26,0.8674,-1,-1,-1
239,6,1145.22,328.39,212.80,565.02,0.8812,-1,-1,-1
239,8,175.70,350.37,195.54,565.27,0.8871,-1,-1,-1
239,26,1031.76,427.44,72.50,224.40,0.5558,-1,-1,-1
239,28,340.61,257.60,251.99,663.49,0.8638,-1,-1,-1
239,32,702.46,388.19,118.02,330.77,0.8319,-1,-1,-1
239,33,591.95,405.62,102.40,313.73,0.7616,-1,-1,-1
239,23,1846.80,418.69,67.18,91.23,0.5648,-1,-1,-1
240,2,851.61,321.68,170.51,590.20,0.8587,-1,-1,-1
240,6,1137.09,328.22,217.25,567.13,0.8883,-1,-1,-1
240,8,154.63,346.45,202.44,574.83,0.8435,-1,-1,-1
240,26,1029.59,431.95,73.18,227.27,0.5879,-1,-1,-1
240,28,313.82,253.21,273.01,671.46,0.8766,-1,-1,-1
240,32,696.49,387.98,119.39,334.49,0.8188,-1,-1,-1
240,33,586.43,406.81,102.10,316.00,0.7664,-1,-1,-1
240,23,1842.30,420.97,68.30,92.28,0.5892,-1,-1,-1
241,2,845.63,323.53,168.39,589.60,0.8660,-1,-1,-1
241,6,1131.84,327.36,217.70,569.97,0.8764,-1,-1,-1
241,8,137.07,346.23,206.24,576.30,0.8463,-1,-1,-1
241,26,1021.07,428.96,78.04,226.76,0.4998,-1,-1,-1
241,28,302.70,250.06,268.89,678.37,0.8830,-1,-1,-1
241,32,690.89,389.00,121.01,335.69,0.8160,-1,-1,-1
241,33,578.02,407.05,102.80,322.85,0.8254,-1,-1,-1
241,23,1840.14,423.77,68.35,89.93,0.4500,-1,-1,-1
242,2,836.30,324.33,169.00,588.86,0.8503,-1,-1,-1
242,6,1128.28,327.92,217.21,570.31,0.8684,-1,-1,-1
242,8,105.76,341.28,224.28,588.62,0.8461,-1,-1,-1
242,26,1013.60,425.49,78.39,231.52,0.5242,-1,-1,-1
242,28,283.34,245.74,277.91,693.19,0.8867,-1,-1,-1
242,32,682.59,389.12,122.44,338.40,0.8128,-1,-1,-1
242,33,568.81,404.87,103.76,328.62,0.8342,-1,-1,-1
242,23,1831.64,422.12,74.28,92.90,0.4364,-1,-1,-1
243,2,827.01,321.19,172.65,590.91,0.8415,-1,-1,-1
243,6,1123.54,329.01,215.93,571.33,0.8706,-1,-1,-1
243,8,83.43,338.98,231.08,597.33,0.8168,-1,-1,-1
243,26,1007.82,425.93,78.49,239.31,0.5489,-1,-1,-1
243,28,253.73,241.82,298.09,714.26,0.8871,-1,-1,-1
243,32,678.77,389.38,118.70,342.65,0.8159,-1,-1,-1
243,33,555.42,403.65,110.73,332.08,0.8132,-1,-1,-1
243,23,1826.50,420.96,72.84,93.99,0.5534,-1,-1,-1
243,35,1442.04,473.95,159.92,424.94,0.4276,-1,-1,-1
244,2,817.49,318.90,176.84,591.42,0.8400,-1,-1,-1
244,6,1117.56,331.37,216.53,571.08,0.8609,-1,-1,-1
244,8,64.33,336.56,233.58,621.04,0.8239,-1,-1,-1
244,26,1004.34,425.84,78.74,236.67,0.6817,-1,-1,-1
244,28,222.18,237.47,319.60,748.43,0.8653,-1,-1,-1
244,32,674.15,391.53,115.81,343.24,0.8387,-1,-1,-1
244,33,544.22,401.44,113.89,338.26,0.7690,-1,-1,-1
244,23,1823.09,420.95,71.79,92.92,0.5685,-1,-1,-1
245,2,805.32,317.75,182.49,587.72,0.8471,-1,-1,-1
245,6,1113.33,332.63,216.18,571.26,0.8653,-1,-1,-1
245,8,29.92,335.53,250.10,633.97,0.8574,-1,-1,-1
245,26,1002.03,416.56,76.98,240.97,0.5797,-1,-1,-1
245,28,202.48,235.81,328.16,752.23,0.8578,-1,-1,-1
245,32,666.14,392.82,117.82,345.79,0.8310,-1,-1,-1
245,33,532.43,399.64,115.44,345.13,0.7877,-1,-1,-1
245,23,1820.62,421.53,69.64,92.76,0.5657,-1,-1,-1
246,2,795.02,317.13,189.90,580.55,0.8483,-1,-1,-1
246,6,1108.99,333.22,217.95,572.90,0.8730,-1,-1,-1
246,8,11.98,334.23,248.50,643.71,0.8508,-1,-1,-1
246,26,998.30,417.58,75.63,235.15,0.6104,-1,-1,-1
246,28,182.76,232.98,339.02,789.28,0.8850,-1,-1,-1
246,32,654.91,392.38,121.93,351.99,0.8207,-1,-1,-1
246,33,520.98,398.10,120.53,350.77,0.8030,-1,-1,-1
246,23,1817.83,421.61,68.56,92.30,0.5318,-1,-1,-1
247,2,788.51,317.27,194.12,577.45,0.8436,-1,-1,-1
247,6,1104.43,335.28,220.25,573.65,0.8730,-1,-1,-1
247,8,-3.61,335.11,248.44,656.46,0.8650,-1,-1,-1
247,26,994.48,427.16,74.74,225.63,0.5127,-1,-1,-1
247,28,151.81,230.26,357.78,811.18,0.8750,-1,-1,-1
247,32,646.40,393.29,125.77,355.65,0.8231,-1,-1,-1
247,33,512.42,398.50,119.48,358.69,0.7666,-1,-1,-1
247,23,1811.74,421.14,69.83,92.68,0.5252,-1,-1,-1
248,2,782.90,320.33,201.11,576.66,0.8275,-1,-1,-1
248,6,1099.77,336.68,221.92,580.45,0.8771,-1,-1,-1
248,8,-8.28,336.40,240.47,674.94,0.8501,-1,-1,-1
248,26,991.60,426.59,73.17,235.03,0.4317,-1,-1,-1
248,28,117.73,230.30,379.95,815.98,0.8776,-1,-1,-1
248,32,639.76,397.15,126.13,358.38,0.7830,-1,-1,-1
248,33,504.54,400.52,117.82,366.13,0.8087,-1,-1,-1
248,23,1814.39,424.68,61.98,92.08,0.3505,-1,-1,-1
249,2,778.52,323.09,197.89,577.81,0.8299,-1,-1,-1
249,6,1099.60,338.91,220.51,585.25,0.8771,-1,-1,-1
249,8,-9.40,349.18,217.13,686.23,0.8293,-1,-1,-1
249,26,988.35,436.08,72.50,241.57,0.3219,-1,-1,-1
249,28,95.13,227.28,386.31,835.42,0.8827,-1,-1,-1
249,32,631.93,397.04,130.50,366.05,0.7800,-1,-1,-1
249,33,496.37,403.37,121.96,375.83,0.7966,-1,-1,-1
249,23,1807.08,425.51,68.20,91.53,0.4912,-1,-1,-1
249,38,940.60,370.54,66.32,378.53,0.5871,-1,-1,-1
249,35,1410.31,478.95,170.09,437.87,0.3770,-1,-1,-1
250,2,775.50,322.73,197.87,581.52,0.8366,-1,-1,-1
250,6,1100.76,339.74,219.56,588.21,0.8789,-1,-1,-1
250,8,-7.20,346.06,195.82,714.71,0.8306,-1,-1,-1
250,28,79.24,222.90,388.18,849.32,0.8587,-1,-1,-1
250,32,628.43,397.01,132.15,371.94,0.8157,-1,-1,-1
250,33,492.32,406.30,121.97,380.84,0.7876,-1,-1,-1
250,23,1809.88,426.18,66.84,90.74,0.3874,-1,-1,-1
250,38,937.88,373.08,70.72,378.58,0.5598,-1,-1,-1
251,2,774.00,326.53,196.79,584.77,0.8484,-1,-1,-1
251,6,1102.25,339.92,218.17,591.73,0.8796,-1,-1,-1
251,8,-5.88,342.31,180.23,730.08,0.8394,-1,-1,-1
251,28,68.60,218.70,382.20,859.83,0.8853,-1,-1,-1
251,32,625.04,398.92,134.01,376.14,0.8166,-1,-1,-1
251,33,486.29,411.55,126.16,383.32,0.8384,-1,-1,-1
251,23,1809.84,428.90,69.31,88.48,0.3562,-1,-1,-1
251,38,938.58,372.85,68.55,382.12,0.4813,-1,-1,-1
251,26,984.18,452.60,73.61,282.46,0.3724,-1,-1,-1
252,2,773.47,329.23,193.01,589.24,0.8512,-1,-1,-1
252,6,1103.35,341.69,217.32,592.12,0.8808,-1,-1,-1
252,8,-4.16,340.30,162.60,736.20,0.8276,-1,-1,-1
252,28,62.67,213.18,373.54,866.87,0.8886,-1,-1,-1
252,32,614.32,400.16,142.74,379.99,0.8205,-1,-1,-1
252,33,479.09,414.33,131.10,384.90,0.8333,-1,-1,-1
252,23,1807.66,430.34,75.39,88.14,0.3158,-1,-1,-1
252,38,937.00,364.22,74.78,393.43,0.4311,-1,-1,-1
253,2,772.82,329.78,192.49,594.95,0.8523,-1,-1,-1
253,6,1107.41,340.61,215.96,595.00,0.8716,-1,-1,-1
253,8,-3.52,337.27,144.15,742.29,0.8348,-1,-1,-1
253,28,61.28,204.71,361.06,870.77,0.9057,-1,-1,-1
253,32,604.63,397.99,150.78,380.43,0.8347,-1,-1,-1
253,33,472.77,413.41,135.66,390.33,0.8361,-1,-1,-1
253,23,1811.68,427.10,73.68,88.70,0.3173,-1,-1,-1
253,38,933.83,368.49,78.84,388.13,0.4849,-1,-1,-1
254,2,774.27,333.65,194.19,595.63,0.8485,-1,-1,-1
254,6,1111.62,340.38,213.14,593.39,0.8703,-1,-1,-1
254,8,-1.34,337.57,127.17,741.87,0.8302,-1,-1,-1
254,28,49.54,199.05,357.55,875.81,0.9119,-1,-1,-1
254,32,602.68,399.19,153.57,381.54,0.8475,-1,-1,-1
254,33,469.98,416.36,135.84,395.82,0.8382,-1,-1,-1
254,23,1816.97,425.72,71.61,83.75,0.3260,-1,-1,-1
254,38,940.59,384.62,102.06,379.12,0.6339,-1,-1,-1
255,2,776.78,337.90,198.59,594.11,0.8591,-1,-1,-1
255,6,1115.71,338.74,213.82,591.41,0.8780,-1,-1,-1
255,8,-0.26,334.83,108.83,744.50,0.7595,-1,-1,-1
255,28,33.47,190.59,363.90,885.39,0.9113,-1,-1,-1
255,32,600.93,399.48,156.64,384.36,0.8397,-1,-1,-1
255,33,468.57,416.76,135.66,400.70,0.8348,-1,-1,-1
255,23,1821.27,423.55,74.41,88.64,0.4643,-1,-1,-1
255,38,944.68,393.96,115.56,372.68,0.6908,-1,-1,-1
256,2,783.91,344.75,194.88,590.27,0.8654,-1,-1,-1
256,6,1121.00,340.83,215.25,586.24,0.8771,-1,-1,-1
256,8,0.31,334.45,94.08,742.87,0.7023,-1,-1,-1
256,28,16.75,181.10,373.08,897.00,0.9073,-1,-1,-1
256,32,597.98,401.47,162.09,388.17,0.8377,-1,-1,-1
256,33,466.68,416.56,139.28,407.07,0.8295,-1,-1,-1
256,23,1823.83,424.10,81.40,91.43,0.5408,-1,-1,-1
256,38,948.92,397.06,125.61,372.32,0.6646,-1,-1,-1
257,2,789.87,350.50,194.48,584.56,0.8738,-1,-1,-1
257,6,1127.52,341.56,214.02,581.18,0.8827,-1,-1,-1
257,8,0.21,397.12,81.88,674.36,0.5348,-1,-1,-1
257,28,6.47,178.78,374.58,894.77,0.9080,-1,-1,-1
257,32,596.31,401.07,163.48,395.42,0.8299,-1,-1,-1
257,33,465.00,416.19,140.93,412.12,0.8237,-1,-1,-1
257,23,1830.79,425.01,78.97,92.43,0.3610,-1,-1,-1
257,38,954.16,416.01,129.71,355.44,0.5346,-1,-1,-1
258,2,796.27,350.52,191.77,584.38,0.8659,-1,-1,-1
258,6,1134.01,340.50,212.01,580.89,0.8779,-1,-1,-1
258,28,-0.80,173.44,375.31,897.59,0.9188,-1,-1,-1
258,32,594.16,400.41,165.10,403.61,0.8384,-1,-1,-1
258,33,463.93,413.61,139.29,415.52,0.8268,-1,-1,-1
258,23,1829.62,421.82,85.10,95.19,0.4481,-1,-1,-1
258,38,960.26,435.26,129.80,335.56,0.5035,-1,-1,-1
259,2,800.29,350.88,191.00,586.13,0.8702,-1,-1,-1
259,6,1139.12,340.42,209.43,581.03,0.8936,-1,-1,-1
259,28,-4.01,167.75,373.74,902.20,0.9223,-1,-1,-1
259,32,588.88,403.02,169.59,403.73,0.8511,-1,-1,-1
259,33,459.86,410.53,138.29,416.32,0.8326,-1,-1,-1
259,23,1843.61,421.77,75.26,94.39,0.4239,-1,-1,-1
259,38,963.61,431.13,129.39,340.65,0.5845,-1,-1,-1
260,2,804.45,348.98,191.40,587.64,0.8502,-1,-1,-1
260,6,1144.97,340.01,206.15,585.75,0.8958,-1,-1,-1
260,28,-4.83,159.67,369.51,910.83,0.9303,-1,-1,-1
260,32,584.71,407.19,173.57,403.26,0.8414,-1,-1,-1
260,33,454.04,407.83,141.56,421.37,0.8239,-1,-1,-1
260,23,1850.85,423.02,69.59,93.83,0.3695,-1,-1,-1
260,38,975.41,433.40,121.23,336.48,0.5952,-1,-1,-1
261,2,814.23,345.35,185.59,578.40,0.8507,-1,-1,-1
261,6,1148.55,339.93,204.32,588.26,0.9040,-1,-1,-1
261,28,-4.93,151.03,363.06,921.05,0.9334,-1,-1,-1
261,32,584.59,409.48,171.73,405.96,0.8246,-1,-1,-1
261,33,449.98,404.48,143.60,425.34,0.8192,-1,-1,-1
261,23,1853.73,423.61,66.98,94.42,0.3948,-1,-1,-1
261,38,977.34,433.09,121.77,338.58,0.6731,-1,-1,-1
261,40,784.29,455.08,56.35,203.10,0.5749,-1,-1,-1
262,2,821.00,342.68,182.05,570.82,0.8614,-1,-1,-1
262,6,1151.97,339.39,203.35,590.35,0.9056,-1,-1,-1
262,28,-4.52,142.91,353.70,930.26,0.9328,-1,-1,-1
262,32,589.13,410.41,162.95,409.11,0.7842,-1,-1,-1
262,33,445.82,403.17,144.15,432.17,0.8476,-1,-1,-1
262,23,1859.74,423.11,60.95,95.05,0.4682,-1,-1,-1
262,38,978.48,431.33,124.17,341.20,0.6616,-1,-1,-1
262,40,784.10,455.26,58.05,206.86,0.5735,-1,-1,-1
263,2,826.21,341.15,177.01,566.12,0.8498,-1,-1,-1
263,6,1156.01,337.21,202.23,593.34,0.9056,-1,-1,-1
263,28,-4.03,130.81,341.81,941.77,0.9311,-1,-1,-1
263,32,588.56,408.04,157.04,417.39,0.7176,-1,-1,-1
263,33,440.38,400.26,144.52,439.55,0.8473,-1,-1,-1
263,23,1863.94,423.00,56.44,94.25,0.3664,-1,-1,-1
263,38,983.50,428.62,123.74,343.79,0.6632,-1,-1,-1
263,40,784.18,451.96,60.43,211.55,0.5929,-1,-1,-1
264,2,827.11,339.70,176.04,564.07,0.8389,-1,-1,-1
264,6,1158.72,335.57,202.20,595.42,0.8981,-1,-1,-1
264,28,-3.44,122.17,327.96,948.54,0.9193,-1,-1,-1
264,32,585.77,404.28,154.07,424.35,0.7754,-1,-1,-1
264,33,428.80,395.24,154.16,452.64,0.8482,-1,-1,-1
264,23,1865.84,420.63,48.43,93.88,0.3383,-1,-1,-1
264,38,984.68,423.51,130.24,349.64,0.6286,-1,-1,-1
264,40,786.25,448.85,59.58,216.23,0.6359,-1,-1,-1
265,2,829.88,331.67,171.04,567.06,0.8412,-1,-1,-1
265,6,1160.02,333.44,202.68,597.78,0.8976,-1,-1,-1
265,28,-2.98,113.30,310.27,954.96,0.8963,-1,-1,-1
265,32,583.20,397.82,148.90,425.12,0.7812,-1,-1,-1
265,33,416.80,393.44,161.72,456.61,0.8464,-1,-1,-1
265,23,1868.71,419.43,49.29,94.78,0.3794,-1,-1,-1
265,38,993.58,416.52,128.41,354.37,0.7844,-1,-1,-1
265,40,786.37,444.98,61.66,226.66,0.6921,-1,-1,-1
266,2,832.67,325.52,168.69,573.96,0.8497,-1,-1,-1
266,6,1161.39,331.43,202.55,600.84,0.8978,-1,-1,-1
266,28,-2.22,114.30,287.45,948.51,0.8295,-1,-1,-1
266,32,576.28,391.16,150.71,428.31,0.7627,-1,-1,-1
266,33,407.41,394.83,161.14,457.52,0.8254,-1,-1,-1
266,23,1875.78,419.10,43.47,95.27,0.4603,-1,-1,-1
266,38,997.15,410.84,136.85,357.80,0.7645,-1,-1,-1
266,40,786.03,443.25,64.66,230.28,0.7491,-1,-1,-1
267,2,836.67,323.04,165.32,577.21,0.8438,-1,-1,-1
267,6,1163.21,329.95,202.57,603.06,0.8954,-1,-1,-1
267,28,-1.86,194.82,259.27,862.23,0.8200,-1,-1,-1
267,32,554.23,381.92,169.60,441.46,0.8280,-1,-1,-1
267,33,403.13,390.25,156.47,464.88,0.8342,-1,-1,-1
267,23,1881.59,418.30,38.04,95.06,0.4990,-1,-1,-1
267,38,1005.35,406.88,134.72,358.89,0.7736,-1,-1,-1
267,40,786.23,441.92,67.35,235.01,0.7602,-1,-1,-1
268,2,842.42,323.14,158.13,579.14,0.8447,-1,-1,-1
268,6,1163.96,328.00,202.78,604.61,0.8972,-1,-1,-1
268,28,-1.34,225.90,220.05,784.45,0.8357,-1,-1,-1
268,32,551.00,375.56,169.47,450.66,0.8387,-1,-1,-1
268,33,400.32,389.03,154.86,469.74,0.8424,-1,-1,-1
268,23,1884.16,416.66,35.42,95.64,0.4883,-1,-1,-1
268,38,1010.51,404.50,132.77,361.56,0.8020,-1,-1,-1
268,40,785.61,440.94,70.80,237.35,0.7922,-1,-1,-1
269,2,846.54,323.19,151.99,579.41,0.8459,-1,-1,-1
269,6,1163.30,324.67,203.33,610.39,0.8879,-1,-1,-1
269,28,-1.14,224.51,187.74,806.79,0.8226,-1,-1,-1
269,32,546.95,364.86,168.32,461.48,0.8324,-1,-1,-1
269,33,393.66,380.91,156.02,480.41,0.8692,-1,-1,-1
269,23,1885.35,413.45,33.74,98.29,0.4548,-1,-1,-1
269,38,1006.16,401.14,140.15,368.54,0.7270,-1,-1,-1
269,40,784.44,438.10,71.40,237.22,0.7774,-1,-1,-1
270,2,836.46,319.74,161.98,581.65,0.8153,-1,-1,-1
270,6,1162.04,318.85,203.07,614.46,0.8820,-1,-1,-1
270,28,-1.14,222.16,156.36,606.38,0.5937,-1,-1,-1
270,32,542.15,353.30,171.00,471.70,0.8409,-1,-1,-1
270,33,385.04,371.68,161.78,488.73,0.8760,-1,-1,-1
270,23,1887.68,410.50,31.19,100.22,0.3745,-1,-1,-1
270,38,1004.40,397.14,145.66,372.10,0.6428,-1,-1,-1
270,40,782.73,434.37,71.77,234.99,0.7537,-1,-1,-1
271,2,833.90,319.59,162.99,579.58,0.7983,-1,-1,-1
271,6,1161.25,316.12,202.38,612.63,0.8906,-1,-1,-1
271,28,-0.62,220.40,128.43,583.37,0.3991,-1,-1,-1
271,32,536.08,347.75,174.42,475.56,0.8422,-1,-1,-1
271,33,375.55,365.18,168.23,494.94,0.8749,-1,-1,-1
271,23,1890.48,405.95,28.25,103.38,0.3268,-1,-1,-1
271,38,1008.68,395.90,141.81,373.73,0.7599,-1,-1,-1
271,40,780.80,430.67,72.14,233.71,0.7619,-1,-1,-1
272,2,837.05,316.99,152.49,577.28,0.8418,-1,-1,-1
272,6,1159.12,309.72,200.68,611.46,0.8949,-1,-1,-1
272,28,-0.98,239.09,99.47,566.25,0.3162,-1,-1,-1
272,32,529.26,342.73,175.14,478.72,0.8574,-1,-1,-1
272,33,359.33,353.20,170.90,505.75,0.8721,-1,-1,-1
272,23,1887.88,403.00,30.44,102.28,0.3497,-1,-1,-1
272,38,1009.15,392.89,140.07,373.25,0.7888,-1,-1,-1
272,40,776.35,425.25,72.37,230.48,0.7917,-1,-1,-1
273,2,831.85,315.81,152.90,572.85,0.8372,-1,-1,-1
273,6,1155.32,304.80,200.46,610.34,0.8988,-1,-1,-1
273,32,522.95,338.14,173.32,480.54,0.8676,-1,-1,-1
273,33,343.66,343.85,170.79,512.76,0.8806,-1,-1,-1
273,23,1883.28,397.81,34.75,103.70,0.4526,-1,-1,-1
273,38,1007.66,390.67,139.48,374.70,0.7886,-1,-1,-1
273,40,769.34,419.27,74.10,229.27,0.7439,-1,-1,-1
273,43,960.80,359.33,67.45,397.88,0.3727,-1,-1,-1
273,44,703.41,449.79,44.09,138.83,0.3989,-1,-1,-1
274,2,826.69,307.98,153.52,575.80,0.8516,-1,-1,-1
274,6,1150.57,300.75,202.36,606.51,0.8962,-1,-1,-1
274,32,516.89,332.95,179.07,488.48,0.8622,-1,-1,-1
274,33,331.21,333.86,168.26,518.44,0.8700,-1,-1,-1
274,23,1880.07,391.25,37.53,107.21,0.4729,-1,-1,-1
274,38,1000.70,386.91,144.56,377.50,0.7956,-1,-1,-1
274,40,765.06,412.95,72.65,238.51,0.7058,-1,-1,-1
274,44,699.30,444.14,42.46,139.33,0.4363,-1,-1,-1
275,2,815.39,301.67,163.24,575.36,0.8568,-1,-1,-1
275,6,1141.26,294.39,208.91,601.98,0.8891,-1,-1,-1
275,32,506.71,325.47,185.00,496.10,0.8633,-1,-1,-1
275,33,316.64,322.58,174.76,525.09,0.8608,-1,-1,-1
275,23,1874.06,391.64,43.46,103.92,0.4513,-1,-1,-1
275,38,990.87,381.08,151.74,381.22,0.8150,-1,-1,-1
275,40,758.40,404.42,72.11,247.79,0.6670,-1,-1,-1
275,45,-1.35,663.88,199.20,414.38,0.5319,-1,-1,-1
276,2,806.75,290.92,164.30,579.82,0.8376,-1,-1,-1
276,6,1135.90,288.67,212.13,596.61,0.8892,-1,-1,-1
276,32,498.23,317.81,187.46,505.30,0.8690,-1,-1,-1
276,33,301.21,315.63,180.76,531.41,0.8738,-1,-1,-1
276,23,1870.65,389.98,46.36,101.78,0.3667,-1,-1,-1
276,38,983.93,373.99,154.60,385.99,0.8268,-1,-1,-1
276,40,752.61,398.32,70.31,252.04,0.6718,-1,-1,-1
276,43,941.58,326.03,61.55,414.34,0.4663,-1,-1,-1
277,2,798.31,282.85,164.73,571.22,0.8437,-1,-1,-1
277,6,1130.30,280.87,215.05,595.47,0.8845,-1,-1,-1
277,32,488.49,306.03,188.70,509.60,0.8566,-1,-1,-1
277,33,288.09,303.68,178.89,545.16,0.8822,-1,-1,-1
277,23,1868.38,385.07,48.86,99.18,0.3428,-1,-1,-1
277,38,988.58,366.76,145.81,392.56,0.7620,-1,-1,-1
277,40,744.54,391.69,69.09,250.37,0.6602,-1,-1,-1
277,43,938.70,324.02,65.64,413.66,0.4947,-1,-1,-1
278,2,788.01,277.22,167.43,564.20,0.8565,-1,-1,-1
278,6,1124.89,274.45,215.44,596.04,0.8731,-1,-1,-1
278,32,480.05,297.65,185.74,523.36,0.8625,-1,-1,-1
278,33,273.77,298.58,178.03,553.91,0.8597,-1,-1,-1
278,23,1864.73,379.70,52.92,98.26,0.3423,-1,-1,-1
278,38,979.99,356.39,151.67,398.39,0.7672,-1,-1,-1
278,40,739.81,386.72,65.40,243.13,0.6231,-1,-1,-1
278,43,935.57,337.38,84.03,390.55,0.4707,-1,-1,-1
279,2,778.28,269.00,173.73,563.14,0.8402,-1,-1,-1
279,6,1121.66,266.34,217.22,596.64,0.8720,-1,-1,-1
279,32,472.92,292.22,185.01,530.72,0.8795,-1,-1,-1
279,33,259.14,291.89,185.38,566.53,0.8748,-1,-1,-1
279,23,1862.54,374.13,55.76,98.25,0.4471,-1,-1,-1
279,38,976.98,346.42,153.73,402.17,0.7963,-1,-1,-1
279,40,733.82,377.15,66.12,243.12,0.6374,-1,-1,-1
279,43,928.48,312.49,78.41,402.52,0.6059,-1,-1,-1
280,2,774.10,260.15,173.64,562.06,0.8442,-1,-1,-1
280,6,1118.55,257.01,219.63,600.20,0.8696,-1,-1,-1
280,32,468.58,281.61,184.48,542.81,0.8746,-1,-1,-1
280,33,246.90,279.21,188.17,579.49,0.8669,-1,-1,-1
280,23,1862.80,369.34,56.73,96.70,0.4226,-1,-1,-1
280,38,979.76,335.55,151.00,406.86,0.7760,-1,-1,-1
280,40,730.40,369.93,66.01,246.23,0.6923,-1,-1,-1
280,43,926.06,300.57,77.53,407.49,0.4325,-1,-1,-1
281,2,774.93,251.15,173.70,557.21,0.8473,-1,-1,-1
281,6,1119.61,249.86,219.05,600.52,0.8828,-1,-1,-1
281,32,463.93,271.58,187.27,552.95,0.8881,-1,-1,-1
281,33,235.27,270.20,196.87,589.65,0.8721,-1,-1,-1
281,23,1865.45,362.97,54.85,96.13,0.4036,-1,-1,-1
281,38,982.32,322.09,149.72,416.64,0.7970,-1,-1,-1
281,40,729.02,365.00,62.84,239.18,0.6351,-1,-1,-1
281,43,923.58,282.43,81.99,417.16,0.6057,-1,-1,-1
282,2,765.87,238.61,183.14,565.88,0.8555,-1,-1,-1
282,6,1117.77,240.10,220.11,604.53,0.8779,-1,-1,-1
282,32,458.91,250.63,191.81,568.88,0.8818,-1,-1,-1
282,33,225.35,253.54,203.89,599.76,0.8828,-1,-1,-1
282,23,1869.13,354.09,51.51,98.73,0.3748,-1,-1,-1
282,38,985.27,308.66,146.72,421.90,0.7747,-1,-1,-1
282,40,727.42,355.28,62.67,245.08,0.6158,-1,-1,-1
282,43,920.64,270.74,79.92,414.57,0.4657,-1,-1,-1
283,2,762.97,230.35,187.27,567.97,0.8245,-1,-1,-1
283,6,1118.88,229.41,221.78,607.34,0.8831,-1,-1,-1
283,32,453.46,232.52,197.39,577.04,0.8750,-1,-1,-1
283,33,213.43,239.61,212.31,610.19,0.8723,-1,-1,-1
283,23,1871.18,345.03,50.07,101.26,0.4122,-1,-1,-1
283,38,985.72,298.56,148.02,428.42,0.7853,-1,-1,-1
283,40,726.38,346.11,62.52,250.51,0.6340,-1,-1,-1
283,43,920.24,261.41,76.51,415.21,0.5167,-1,-1,-1
283,44,663.32,378.36,37.51,140.56,0.3452,-1,-1,-1
284,2,763.58,222.62,189.05,568.70,0.8240,-1,-1,-1
284,6,1120.88,220.59,223.10,613.53,0.8842,-1,-1,-1
284,32,445.11,220.84,206.82,577.72,0.8763,-1,-1,-1
284,33,204.53,226.79,216.89,626.59,0.8726,-1,-1,-1
284,38,980.95,288.84,157.70,434.89,0.7919,-1,-1,-1
284,40,725.38,340.68,63.72,247.05,0.6227,-1,-1,-1
284,43,919.62,253.28,75.00,418.37,0.5821,-1,-1,-1
285,2,766.39,214.82,187.10,572.20,0.8502,-1,-1,-1
285,6,1122.67,212.38,225.17,618.36,0.8894,-1,-1,-1
285,32,437.71,207.96,215.72,589.33,0.8819,-1,-1,-1
285,33,194.80,213.73,222.49,636.12,0.8813,-1,-1,-1
285,38,981.93,281.34,161.33,439.65,0.7200,-1,-1,-1
285,40,725.82,332.78,64.98,250.55,0.6385,-1,-1,-1
285,43,921.85,246.20,72.94,420.73,0.3604,-1,-1,-1
285,44,664.72,364.15,37.79,139.63,0.4339,-1,-1,-1
286,2,770.68,209.53,184.47,573.43,0.8569,-1,-1,-1
286,6,1125.15,205.86,225.83,622.76,0.8912,-1,-1,-1
286,32,434.64,193.31,219.57,597.29,0.8973,-1,-1,-1
286,33,182.66,201.32,226.60,646.04,0.8713,-1,-1,-1
286,38,977.02,273.13,173.88,452.79,0.7824,-1,-1,-1
286,40,725.31,324.35,68.01,253.51,0.6690,-1,-1,-1
286,43,921.68,236.69,74.70,424.87,0.4858,-1,-1,-1
286,44,666.17,359.76,37.81,143.55,0.4432,-1,-1,-1
287,2,777.02,202.93,179.17,574.32,0.8645,-1,-1,-1
287,6,1126.46,200.31,231.61,621.61,0.8860,-1,-1,-1
287,32,432.05,179.30,222.70,607.19,0.9020,-1,-1,-1
287,33,173.04,187.80,229.39,655.20,0.8782,-1,-1,-1
287,38,976.18,262.29,182.82,458.92,0.7522,-1,-1,-1
287,40,726.26,314.21,71.52,259.16,0.7310,-1,-1,-1
287,43,922.84,230.43,78.77,423.83,0.5895,-1,-1,-1
287,44,670.02,350.10,35.73,148.01,0.3275,-1,-1,-1
288,2,779.06,198.74,180.59,571.66,0.8553,-1,-1,-1
288,6,1137.59,192.17,229.08,624.67,0.8755,-1,-1,-1
288,32,430.39,166.77,224.43,618.86,0.8978,-1,-1,-1
288,33,166.82,177.20,229.30,662.58,0.8819,-1,-1,-1
288,38,984.55,256.73,183.20,463.53,0.6565,-1,-1,-1
288,40,730.09,305.19,71.01,261.22,0.7738,-1,-1,-1
288,43,921.84,225.37,82.41,417.05,0.4549,-1,-1,-1
288,44,672.54,341.10,39.14,151.32,0.4636,-1,-1,-1
289,2,782.36,191.06,185.30,570.44,0.8407,-1,-1,-1
289,6,1146.46,185.21,230.28,627.84,0.8709,-1,-1,-1
289,32,422.50,160.01,234.12,633.75,0.9002,-1,-1,-1
289,33,155.11,163.79,233.94,674.82,0.8979,-1,-1,-1
289,38,1000.90,253.63,172.87,468.27,0.6330,-1,-1,-1
289,40,732.24,298.67,73.28,267.41,0.7492,-1,-1,-1
289,43,927.53,222.77,77.51,406.98,0.5344,-1,-1,-1
289,44,677.75,334.64,39.54,152.76,0.3445,-1,-1,-1
290,2,788.22,188.36,189.85,570.37,0.8398,-1,-1,-1
290,6,1157.93,182.12,225.83,625.58,0.8728,-1,-1,-1
290,32,416.82,153.45,241.78,650.83,0.9080,-1,-1,-1
290,33,148.29,151.14,234.24,686.68,0.9037,-1,-1,-1
290,38,1019.36,246.79,162.10,478.74,0.7886,-1,-1,-1
290,40,735.11,295.18,74.24,267.46,0.7407,-1,-1,-1
290,43,936.77,223.92,93.08,408.46,0.4262,-1,-1,-1
290,44,683.93,331.96,40.65,153.73,0.4234,-1,-1,-1
291,2,796.43,183.81,185.44,567.21,0.8223,-1,-1,-1
291,6,1171.77,178.12,218.27,623.50,0.8647,-1,-1,-1
291,32,410.73,148.37,249.53,660.40,0.9072,-1,-1,-1
291,33,137.93,140.04,238.79,696.93,0.9061,-1,-1,-1
291,38,1028.78,239.06,161.38,489.06,0.7919,-1,-1,-1
291,40,738.53,288.24,76.14,269.04,0.7280,-1,-1,-1
291,43,943.14,215.79,92.03,411.22,0.3618,-1,-1,-1
292,2,798.72,180.89,188.04,562.04,0.8275,-1,-1,-1
292,6,1181.93,173.14,216.89,619.45,0.8790,-1,-1,-1
292,32,405.55,147.39,256.42,672.09,0.9081,-1,-1,-1
292,33,129.39,133.87,237.10,710.55,0.9045,-1,-1,-1
292,38,1034.08,233.35,165.50,492.65,0.8051,-1,-1,-1
292,40,740.47,283.26,79.84,272.28,0.7387,-1,-1,-1
292,43,948.02,208.31,87.25,414.74,0.3778,-1,-1,-1
293,2,808.19,176.27,184.42,555.64,0.8413,-1,-1,-1
293,6,1191.85,170.51,214.32,612.52,0.8885,-1,-1,-1
293,32,400.87,144.67,259.99,687.77,0.9056,-1,-1,-1
293,33,113.48,131.59,245.18,731.41,0.8796,-1,-1,-1
293,38,1038.81,229.99,175.14,497.13,0.8317,-1,-1,-1
293,40,744.68,278.89,82.92,274.36,0.7462,-1,-1,-1
293,43,958.92,202.20,91.16,415.30,0.6720,-1,-1,-1
294,2,818.93,173.54,180.04,553.52,0.8254,-1,-1,-1
294,6,1207.60,170.01,209.54,611.54,0.8750,-1,-1,-1
294,32,398.67,143.77,261.99,701.29,0.9051,-1,-1,-1
294,33,87.36,131.64,266.21,752.79,0.8919,-1,-1,-1
294,38,1047.11,226.88,179.40,500.98,0.8480,-1,-1,-1
294,40,750.92,278.52,86.79,274.67,0.7554,-1,-1,-1
294,43,965.89,200.33,96.43,426.49,0.7163,-1,-1,-1
295,2,827.90,179.84,179.70,550.73,0.8325,-1,-1,-1
295,6,1223.29,171.11,202.43,613.65,0.8756,-1,-1,-1
295,32,394.82,142.09,265.89,726.20,0.9053,-1,-1,-1
295,33,62.08,130.37,285.37,769.01,0.8917,-1,-1,-1
295,38,1054.37,222.26,183.67,511.10,0.8542,-1,-1,-1
295,40,757.17,278.84,89.14,277.10,0.7888,-1,-1,-1
295,43,972.58,201.06,91.42,430.61,0.6422,-1,-1,-1
296,2,837.41,177.14,174.68,554.00,0.8425,-1,-1,-1
296,6,1235.82,172.14,197.29,616.77,0.8677,-1,-1,-1
296,32,389.10,137.05,272.48,746.14,0.9053,-1,-1,-1
296,33,38.46,129.60,300.15,782.05,0.8953,-1,-1,-1
296,38,1062.01,213.00,184.61,530.37,0.8659,-1,-1,-1
296,40,760.56,277.24,92.22,279.42,0.7958,-1,-1,-1
296,43,975.29,199.96,95.75,430.42,0.6068,-1,-1,-1
296,35,1480.96,426.04,144.20,365.60,0.3446,-1,-1,-1
297,2,849.42,177.68,165.06,555.84,0.8252,-1,-1,-1
297,6,1249.85,172.25,192.93,624.29,0.8732,-1,-1,-1
297,32,381.66,131.07,277.85,760.80,0.9120,-1,-1,-1
297,33,26.96,126.66,304.76,800.79,0.8992,-1,-1,-1
297,38,1070.72,208.32,191.68,539.85,0.8557,-1,-1,-1
297,40,767.34,276.44,90.68,279.62,0.7940,-1,-1,-1
297,43,980.08,205.04,108.88,418.53,0.6991,-1,-1,-1
298,2,856.82,179.26,163.63,556.37,0.8207,-1,-1,-1
298,6,1261.58,171.92,188.91,629.94,0.8681,-1,-1,-1
298,32,375.02,120.86,281.88,777.72,0.9057,-1,-1,-1
298,33,22.26,123.50,302.72,817.56,0.9006,-1,-1,-1
298,38,1077.80,204.63,195.60,547.83,0.8600,-1,-1,-1
298,40,772.59,277.66,90.17,276.34,0.8058,-1,-1,-1
298,43,985.83,211.87,106.12,418.82,0.6981,-1,-1,-1
299,2,865.43,180.52,157.79,556.05,0.8375,-1,-1,-1
299,6,1266.16,169.60,189.43,635.60,0.8652,-1,-1,-1
299,32,366.97,108.65,285.45,795.73,0.9076,-1,-1,-1
299,33,15.80,114.36,304.20,843.43,0.8969,-1,-1,-1
299,38,1079.90,203.23,205.00,554.25,0.8726,-1,-1,-1
299,40,777.43,277.21,91.35,279.12,0.7901,-1,-1,-1
299,43,991.31,205.26,101.65,426.29,0.6974,-1,-1,-1
300,2,868.74,183.49,156.34,558.40,0.8303,-1,-1,-1
300,6,1262.66,168.89,199.41,640.30,0.8556,-1,-1,-1
300,32,354.19,98.08,296.17,812.27,0.9086,-1,-1,-1
300,33,5.85,107.34,310.18,871.44,0.8934,-1,-1,-1
300,38,1085.22,201.30,212.74,568.43,0.8651,-1,-1,-1
300,40,780.99,277.07,94.11,280.04,0.7573,-1,-1,-1
300,43,997.46,202.77,98.71,426.92,0.7376,-1,-1,-1
301,2,872.03,182.83,154.67,559.10,0.8478,-1,-1,-1
301,6,1257.51,166.79,210.87,647.57,0.8449,-1,-1,-1
301,32,340.95,84.63,305.77,831.38,0.9150,-1,-1,-1
301,33,-3.88,98.44,311.60,892.23,0.9062,-1,-1,-1
301,38,1089.35,199.97,217.48,583.14,0.8557,-1,-1,-1
301,40,782.81,277.02,95.76,279.73,0.7729,-1,-1,-1
301,43,1003.17,201.90,103.54,425.90,0.7580,-1,-1,-1
302,2,875.12,184.15,153.13,558.99,0.8387,-1,-1,-1
302,6,1261.14,168.66,210.85,649.77,0.8352,-1,-1,-1
302,32,325.17,75.35,317.47,844.42,0.8990,-1,-1,-1
302,33,-7.75,86.14,301.46,915.35,0.8999,-1,-1,-1
302,38,1095.08,198.37,217.24,585.70,0.8601,-1,-1,-1
302,40,782.05,277.19,98.62,280.96,0.7839,-1,-1,-1
302,43,1006.93,201.29,102.18,426.53,0.7562,-1,-1,-1
303,2,878.28,184.65,149.66,558.22,0.8491,-1,-1,-1
303,6,1264.59,170.55,207.90,650.78,0.8203,-1,-1,-1
303,32,310.93,61.38,327.28,862.28,0.9052,-1,-1,-1
303,33,-8.83,68.51,286.68,941.30,0.9199,-1,-1,-1
303,38,1102.25,198.49,211.19,586.53,0.8450,-1,-1,-1
303,40,781.26,277.51,100.53,281.34,0.7874,-1,-1,-1
303,43,1009.18,202.12,97.93,426.53,0.7691,-1,-1,-1
304,2,875.71,184.35,149.99,560.64,0.8530,-1,-1,-1
304,6,1271.13,170.95,201.20,653.17,0.8169,-1,-1,-1
304,32,297.44,55.62,336.40,875.04,0.9151,-1,-1,-1
304,33,-8.41,52.13,258.73,962.45,0.9053,-1,-1,-1
304,38,1104.89,197.04,208.34,607.78,0.8094,-1,-1,-1
304,40,782.94,278.44,98.12,281.06,0.7857,-1,-1,-1
304,43,1010.22,205.95,97.38,423.64,0.7774,-1,-1,-1
305,2,869.26,186.71,153.87,563.73,0.8584,-1,-1,-1
305,6,1278.18,170.77,192.99,655.48,0.8156,-1,-1,-1
305,32,288.07,47.98,341.28,910.36,0.9232,-1,-1,-1
305,33,-6.85,37.77,227.17,982.23,0.8994,-1,-1,-1
305,38,1105.30,197.28,208.83,619.72,0.8279,-1,-1,-1
305,40,782.87,279.53,96.81,281.41,0.7691,-1,-1,-1
305,43,1010.02,210.06,96.85,420.59,0.7821,-1,-1,-1
306,2,861.99,185.89,158.51,563.57,0.8555,-1,-1,-1
306,6,1281.81,170.10,187.74,653.43,0.8278,-1,-1,-1
306,32,272.47,43.50,350.82,944.51,0.9223,-1,-1,-1
306,33,-5.54,31.53,203.13,1000.86,0.9007,-1,-1,-1
306,38,1104.52,196.20,210.23,640.34,0.8549,-1,-1,-1
306,40,782.58,278.99,96.56,285.25,0.7620,-1,-1,-1
306,43,1008.82,209.59,97.16,422.35,0.7791,-1,-1,-1
307,2,858.19,184.37,158.84,555.25,0.8396,-1,-1,-1
307,6,1291.04,168.81,178.01,656.15,0.8342,-1,-1,-1
307,32,252.57,38.03,365.43,974.66,0.9121,-1,-1,-1
307,33,-4.45,30.21,179.99,1027.27,0.8718,-1,-1,-1
307,38,1103.80,194.23,214.57,653.41,0.8695,-1,-1,-1
307,40,781.23,276.33,94.74,290.08,0.7257,-1,-1,-1
307,43,1004.76,211.68,100.52,420.36,0.7993,-1,-1,-1
308,2,855.33,182.18,159.78,552.23,0.8265,-1,-1,-1
308,6,1293.11,166.90,173.49,657.99,0.8201,-1,-1,-1
308,32,237.96,33.12,369.45,1003.80,0.9127,-1,-1,-1
308,33,-3.21,97.73,152.48,964.99,0.7838,-1,-1,-1
308,38,1102.76,190.70,220.68,668.88,0.8624,-1,-1,-1
308,40,779.32,275.92,93.19,289.79,0.7534,-1,-1,-1
308,43,1001.67,212.22,102.01,423.41,0.7789,-1,-1,-1
309,2,850.24,182.94,163.12,551.28,0.8232,-1,-1,-1
309,6,1293.37,168.85,167.46,654.30,0.8161,-1,-1,-1
309,32,219.75,33.28,375.77,1022.82,0.9073,-1,-1,-1
309,33,-1.68,151.66,128.76,903.63,0.8346,-1,-1,-1
309,38,1098.11,189.22,226.04,679.15,0.8720,-1,-1,-1
309,40,776.75,278.95,88.44,282.85,0.7653,-1,-1,-1
309,43,999.11,212.83,103.17,425.17,0.7737,-1,-1,-1
310,2,846.66,181.56,167.34,547.53,0.8141,-1,-1,-1
310,6,1295.96,166.60,163.83,659.96,0.8175,-1,-1,-1
310,32,199.59,26.97,385.63,1033.54,0.9192,-1,-1,-1
310,33,-1.13,175.82,109.35,635.06,0.7405,-1,-1,-1
310,38,1096.45,179.77,231.93,696.04,0.8821,-1,-1,-1
310,40,776.16,276.89,85.14,286.31,0.7566,-1,-1,-1
310,43,998.14,211.52,105.27,425.82,0.7730,-1,-1,-1
311,2,834.53,183.11,180.28,547.52,0.8268,-1,-1,-1
311,6,1299.90,165.60,160.50,656.64,0.8227,-1,-1,-1
311,32,182.74,16.62,391.97,1058.38,0.9179,-1,-1,-1
311,33,-0.44,196.69,92.08,523.63,0.7663,-1,-1,-1
311,38,1095.47,174.49,238.52,705.55,0.8850,-1,-1,-1
311,40,776.17,273.58,82.67,289.90,0.7436,-1,-1,-1
311,43,998.32,209.35,102.74,427.90,0.7597,-1,-1,-1
312,2,827.22,183.43,187.95,550.74,0.8292,-1,-1,-1
312,6,1307.13,164.79,156.07,650.57,0.8074,-1,-1,-1
312,32,164.87,7.19,399.90,1073.20,0.9187,-1,-1,-1
312,38,1100.36,163.89,240.85,720.37,0.8852,-1,-1,-1
312,40,774.66,271.94,81.36,292.77,0.7624,-1,-1,-1
312,43,998.93,206.64,102.29,432.28,0.7451,-1,-1,-1
313,2,820.15,183.53,194.45,553.80,0.8410,-1,-1,-1
313,6,1307.95,163.89,154.81,649.63,0.8349,-1,-1,-1
313,32,142.82,2.44,413.06,1075.37,0.9193,-1,-1,-1
313,38,1103.33,150.06,244.56,740.63,0.9039,-1,-1,-1
313,40,771.46,270.35,81.50,296.22,0.7449,-1,-1,-1
313,43,999.79,207.27,101.97,435.46,0.7381,-1,-1,-1
314,2,815.91,183.66,195.93,553.67,0.8282,-1,-1,-1
314,6,1307.25,160.91,156.28,653.04,0.8444,-1,-1,-1
314,32,121.24,-0.28,427.50,1077.52,0.9262,-1,-1,-1
314,38,1102.78,140.92,249.73,757.07,0.9016,-1,-1,-1
314,40,767.39,270.27,83.78,294.63,0.7468,-1,-1,-1
314,43,997.85,209.58,99.26,434.59,0.7384,-1,-1,-1
315,2,817.68,182.61,191.47,552.05,0.8238,-1,-1,-1
315,6,1311.94,157.68,152.64,646.59,0.8539,-1,-1,-1
315,32,92.05,-1.59,448.43,1078.42,0.9281,-1,-1,-1
315,38,1105.41,132.98,250.86,781.69,0.8933,-1,-1,-1
315,40,765.09,269.10,84.15,296.30,0.7852,-1,-1,-1
315,43,995.41,214.91,103.10,425.41,0.7509,-1,-1,-1
316,2,816.76,182.88,191.17,552.31,0.8327,-1,-1,-1
316,6,1312.13,154.50,153.42,647.96,0.8472,-1,-1,-1
316,32,58.47,-2.29,470.86,1078.42,0.9244,-1,-1,-1
316,38,1109.21,126.27,253.22,807.36,0.8758,-1,-1,-1
316,40,761.73,266.17,84.99,298.10,0.8011,-1,-1,-1
316,43,995.60,214.68,99.45,429.17,0.7438,-1,-1,-1
317,2,815.54,181.34,191.79,553.32,0.8487,-1,-1,-1
317,6,1317.31,150.13,147.53,655.21,0.8296,-1,-1,-1
317,32,26.49,-1.00,491.95,1079.57,0.9127,-1,-1,-1
317,38,1111.27,116.55,259.86,832.53,0.8756,-1,-1,-1
317,40,760.73,263.65,84.93,299.38,0.8027,-1,-1,-1
317,43,993.46,215.44,99.16,428.48,0.7490,-1,-1,-1
318,2,816.32,181.03,189.77,550.62,0.8554,-1,-1,-1
318,6,1320.79,147.77,142.76,659.95,0.8408,-1,-1,-1
318,32,2.56,-0.56,500.08,1077.15,0.9352,-1,-1,-1
318,38,1114.10,109.84,267.28,849.68,0.8675,-1,-1,-1
318,40,756.98,261.58,87.26,298.79,0.8060,-1,-1,-1
318,43,990.31,213.44,102.25,427.15,0.7453,-1,-1,-1
319,2,814.80,177.06,190.48,553.00,0.8724,-1,-1,-1
319,6,1324.71,144.31,138.27,661.06,0.7974,-1,-1,-1
319,32,-6.70,1.62,494.88,1072.73,0.9363,-1,-1,-1
319,38,1117.41,99.30,274.96,876.60,0.8563,-1,-1,-1
319,40,747.08,260.04,96.14,300.82,0.7687,-1,-1,-1
319,43,987.36,210.51,104.54,427.83,0.7701,-1,-1,-1
320,2,811.73,172.22,192.81,552.18,0.8588,-1,-1,-1
320,6,1333.57,139.44,130.53,664.67,0.7603,-1,-1,-1
320,32,-9.78,2.64,479.20,1070.59,0.9442,-1,-1,-1
320,38,1120.55,94.28,281.23,898.79,0.8739,-1,-1,-1
320,40,742.90,257.77,98.75,304.48,0.7760,-1,-1,-1
320,43,984.40,206.32,107.09,428.35,0.7800,-1,-1,-1
321,2,807.93,167.02,195.32,556.10,0.8603,-1,-1,-1
321,6,1340.31,134.45,126.73,665.10,0.6844,-1,-1,-1
321,32,-9.56,1.69,456.19,1071.10,0.9350,-1,-1,-1
321,38,1128.73,88.20,285.36,929.99,0.8599,-1,-1,-1
321,40,739.84,255.47,99.72,306.68,0.7511,-1,-1,-1
321,43,981.66,203.08,109.74,427.87,0.7954,-1,-1,-1
322,2,816.21,165.34,186.98,554.59,0.8672,-1,-1,-1
322,32,-8.28,3.84,431.08,1068.47,0.9326,-1,-1,-1
322,38,1136.83,80.57,311.33,959.48,0.8698,-1,-1,-1
322,40,736.40,252.57,100.65,309.18,0.7627,-1,-1,-1
322,43,979.03,199.00,111.03,427.25,0.8071,-1,-1,-1
323,2,819.71,162.87,182.11,549.72,0.8679,-1,-1,-1
323,32,-6.58,4.28,402.12,1064.41,0.9174,-1,-1,-1
323,38,1141.50,71.11,328.36,982.42,0.8946,-1,-1,-1
323,40,732.01,250.31,103.33,312.92,0.7614,-1,-1,-1
323,43,976.26,196.73,113.01,423.72,0.7988,-1,-1,-1
324,2,820.58,166.61,178.48,539.40,0.8714,-1,-1,-1
324,32,-5.72,5.82,369.04,1064.71,0.9323,-1,-1,-1
324,38,1151.24,62.22,329.98,1006.46,0.9057,-1,-1,-1
324,40,728.54,251.17,103.43,316.34,0.7620,-1,-1,-1
324,43,974.72,196.07,114.07,422.40,0.7912,-1,-1,-1
325,2,826.86,166.09,171.65,538.69,0.8731,-1,-1,-1
325,32,-4.17,7.06,332.20,1062.70,0.9180,-1,-1,-1
325,38,1160.11,51.26,328.41,1025.78,0.9014,-1,-1,-1
325,40,722.98,251.95,106.16,318.03,0.7679,-1,-1,-1
325,43,974.59,195.13,114.39,423.97,0.7898,-1,-1,-1
326,2,829.77,165.06,168.56,540.34,0.8596,-1,-1,-1
326,32,-2.82,7.33,319.18,1063.08,0.8383,-1,-1,-1
326,38,1166.79,35.08,331.44,1043.16,0.9037,-1,-1,-1
326,40,715.50,250.74,111.87,320.87,0.8044,-1,-1,-1
326,43,974.81,193.87,114.19,427.38,0.7917,-1,-1,-1
327,2,831.79,167.08,166.69,542.11,0.8588,-1,-1,-1
327,32,-1.41,8.23,257.03,1063.05,0.7914,-1,-1,-1
327,38,1175.95,24.23,338.28,1055.62,0.8797,-1,-1,-1
327,40,712.65,252.37,113.20,321.77,0.8103,-1,-1,-1
327,43,975.69,195.41,112.94,428.98,0.8010,-1,-1,-1
328,2,832.50,166.97,165.48,543.34,0.8505,-1,-1,-1
328,32,-0.84,8.10,193.04,1059.41,0.5432,-1,-1,-1
328,38,1181.68,11.34,355.40,1068.55,0.8862,-1,-1,-1
328,40,712.62,251.08,110.69,320.52,0.8148,-1,-1,-1
328,43,975.92,194.92,111.94,429.86,0.7968,-1,-1,-1
329,2,839.32,165.48,162.30,550.23,0.8470,-1,-1,-1
329,32,0.09,43.16,136.50,737.77,0.6082,-1,-1,-1
329,38,1192.71,3.21,366.57,1074.37,0.8879,-1,-1,-1
329,40,710.52,249.98,113.25,323.55,0.8112,-1,-1,-1
329,43,977.23,196.46,111.80,430.99,0.7773,-1,-1,-1
330,2,844.31,163.89,159.25,558.76,0.8480,-1,-1,-1
330,38,1209.59,-0.08,369.48,1080.03,0.9027,-1,-1,-1
330,40,710.15,250.22,113.88,327.79,0.8103,-1,-1,-1
330,43,981.50,199.26,113.04,430.23,0.7864,-1,-1,-1
330,47,557.98,300.33,49.83,161.54,0.3655,-1,-1,-1
331,2,847.97,170.79,157.55,559.16,0.8283,-1,-1,-1
331,38,1226.33,-1.36,382.98,1077.14,0.9053,-1,-1,-1
331,40,711.39,251.66,112.69,331.18,0.7927,-1,-1,-1
331,43,985.93,202.68,113.22,431.22,0.7895,-1,-1,-1
332,2,853.06,178.07,155.07,560.37,0.8326,-1,-1,-1
332,38,1241.51,-1.40,394.10,1075.90,0.9074,-1,-1,-1
332,40,710.80,253.84,113.77,331.22,0.8177,-1,-1,-1
332,43,988.63,205.39,113.34,433.78,0.7767,-1,-1,-1
333,2,853.22,182.86,154.53,561.57,0.8342,-1,-1,-1
333,38,1260.27,-1.51,403.39,1079.76,0.8986,-1,-1,-1
333,40,708.09,255.46,115.82,331.87,0.8162,-1,-1,-1
333,43,989.16,209.02,113.24,432.71,0.7654,-1,-1,-1
333,48,826.12,235.61,65.17,287.43,0.4481,-1,-1,-1
334,2,851.21,188.94,156.50,562.06,0.8281,-1,-1,-1
334,38,1270.27,0.89,424.35,1074.32,0.8802,-1,-1,-1
334,40,704.76,256.35,118.44,336.18,0.8239,-1,-1,-1
334,43,989.47,215.14,115.36,431.77,0.7868,-1,-1,-1
334,48,824.81,237.23,66.68,268.12,0.4497,-1,-1,-1
335,2,850.53,194.13,155.19,558.90,0.8273,-1,-1,-1
335,38,1274.73,0.96,456.09,1072.09,0.8816,-1,-1,-1
335,40,702.43,257.71,119.68,339.21,0.8354,-1,-1,-1
335,43,991.45,220.22,115.29,431.56,0.7874,-1,-1,-1
335,48,823.38,238.45,68.21,322.27,0.4020,-1,-1,-1
336,2,847.29,195.99,155.72,560.98,0.8166,-1,-1,-1
336,38,1304.66,0.76,470.89,1074.08,0.8630,-1,-1,-1
336,40,699.48,259.81,120.26,340.20,0.8277,-1,-1,-1
336,43,989.54,222.56,118.51,434.23,0.7733,-1,-1,-1
336,48,819.88,238.98,69.19,327.88,0.4089,-1,-1,-1
337,2,843.58,197.06,158.71,561.56,0.8060,-1,-1,-1
337,38,1326.77,-1.17,509.29,1081.13,0.8613,-1,-1,-1
337,40,693.26,259.31,122.29,347.81,0.8258,-1,-1,-1
337,43,985.74,223.72,119.51,436.31,0.7440,-1,-1,-1
337,48,815.65,236.38,71.36,343.26,0.3180,-1,-1,-1
337,49,1247.41,165.52,190.73,644.76,0.8166,-1,-1,-1
338,2,836.12,197.93,165.78,561.81,0.8051,-1,-1,-1
338,38,1314.40,-2.38,580.90,1081.56,0.8667,-1,-1,-1
338,40,688.45,263.75,124.31,348.53,0.8236,-1,-1,-1
338,43,982.84,226.33,125.08,439.99,0.7653,-1,-1,-1
338,48,811.89,239.33,72.37,367.69,0.4704,-1,-1,-1
338,49,1240.26,164.64,202.52,664.55,0.7975,-1,-1,-1
339,2,829.44,192.49,172.90,559.50,0.8117,-1,-1,-1
339,38,1313.24,-3.28,614.71,1076.83,0.8687,-1,-1,-1
339,40,684.14,267.18,126.36,353.27,0.8342,-1,-1,-1
339,43,980.99,228.59,127.57,440.85,0.7799,-1,-1,-1
339,48,809.93,245.32,71.49,375.48,0.5074,-1,-1,-1
339,49,1237.03,162.28,205.42,692.41,0.7663,-1,-1,-1
340,2,823.63,188.63,176.50,554.32,0.8297,-1,-1,-1
340,38,1314.59,-2.93,628.31,1073.81,0.9069,-1,-1,-1
340,40,681.12,267.10,124.56,354.91,0.8165,-1,-1,-1
340,43,979.47,227.76,127.11,440.80,0.7768,-1,-1,-1
340,48,806.36,246.07,71.87,376.24,0.5405,-1,-1,-1
340,49,1237.12,165.86,188.08,691.28,0.7245,-1,-1,-1
341,2,821.42,188.93,175.78,546.97,0.8322,-1,-1,-1
341,38,1315.63,-1.40,620.88,1066.87,0.7943,-1,-1,-1
341,40,678.42,266.70,122.89,356.23,0.8112,-1,-1,-1
341,43,979.81,226.63,125.34,439.07,0.7800,-1,-1,-1
341,48,802.05,245.59,72.99,376.68,0.5487,-1,-1,-1
341,49,1232.77,161.89,206.94,701.02,0.8385,-1,-1,-1
342,2,815.80,188.36,181.07,546.14,0.8410,-1,-1,-1
342,38,1323.50,-1.25,608.23,1066.60,0.7249,-1,-1,-1
342,40,673.17,262.85,125.75,361.96,0.8047,-1,-1,-1
342,43,981.00,225.85,122.87,438.02,0.7763,-1,-1,-1
342,48,800.09,243.23,72.29,376.09,0.4378,-1,-1,-1
342,49,1230.79,162.39,210.27,696.82,0.8682,-1,-1,-1
343,2,810.51,190.37,184.79,544.42,0.8416,-1,-1,-1
343,38,1332.97,-0.12,594.33,1060.69,0.8409,-1,-1,-1
343,40,668.25,258.98,126.08,365.33,0.8083,-1,-1,-1
343,43,977.65,225.73,125.91,436.69,0.7748,-1,-1,-1
343,48,787.22,239.87,80.19,378.65,0.4868,-1,-1,-1
343,49,1227.55,162.23,212.58,693.54,0.8766,-1,-1,-1
344,2,809.17,187.63,185.62,550.12,0.8395,-1,-1,-1
344,38,1360.75,-0.33,565.24,1063.78,0.6158,-1,-1,-1
344,40,663.64,257.08,125.41,366.07,0.8233,-1,-1,-1
344,43,977.95,224.16,124.99,437.53,0.7764,-1,-1,-1
344,48,783.79,237.59,79.66,391.60,0.5832,-1,-1,-1
344,49,1225.60,160.50,212.48,698.96,0.8709,-1,-1,-1
345,2,804.32,186.28,188.93,554.29,0.8207,-1,-1,-1
345,40,659.61,254.13,124.02,371.05,0.8165,-1,-1,-1
345,43,979.55,222.72,123.27,433.60,0.7704,-1,-1,-1
345,48,780.96,234.91,78.61,397.57,0.5976,-1,-1,-1
345,49,1221.35,150.57,219.66,708.93,0.8771,-1,-1,-1
346,2,797.05,187.22,191.40,555.50,0.8373,-1,-1,-1
346,40,654.57,250.82,123.61,372.63,0.8278,-1,-1,-1
346,43,971.74,218.49,129.83,432.18,0.7825,-1,-1,-1
346,48,774.85,233.12,79.59,395.76,0.5097,-1,-1,-1
346,49,1212.29,147.58,235.00,713.71,0.8884,-1,-1,-1
346,38,1445.07,2.50,480.01,906.86,0.4372,-1,-1,-1
347,2,794.88,188.73,187.40,554.20,0.8246,-1,-1,-1
347,40,645.94,248.81,124.79,373.33,0.8122,-1,-1,-1
347,43,966.42,217.20,129.76,429.71,0.7904,-1,-1,-1
347,48,766.82,232.54,84.39,392.42,0.5971,-1,-1,-1
347,49,1199.11,147.34,246.63,710.36,0.8844,-1,-1,-1
347,38,1492.62,6.79,428.66,919.44,0.7919,-1,-1,-1
348,2,796.21,189.47,184.48,552.72,0.8372,-1,-1,-1
348,40,637.89,244.93,126.90,376.81,0.8083,-1,-1,-1
348,43,963.40,215.44,129.73,427.78,0.7690,-1,-1,-1
348,48,759.45,230.06,88.64,398.25,0.6798,-1,-1,-1
348,49,1191.86,143.65,253.37,708.27,0.8905,-1,-1,-1
348,38,1555.88,15.67,364.67,921.37,0.8337,-1,-1,-1
349,2,796.91,189.74,183.50,553.41,0.8326,-1,-1,-1
349,40,629.60,237.93,130.37,386.72,0.8216,-1,-1,-1
349,43,959.96,214.37,131.76,428.44,0.7864,-1,-1,-1
349,48,757.15,226.24,88.70,403.91,0.6880,-1,-1,-1
349,49,1184.56,141.99,257.74,700.01,0.8941,-1,-1,-1
349,38,1630.15,41.85,290.57,844.41,0.6176,-1,-1,-1
349,47,487.92,302.51,55.55,176.46,0.3406,-1,-1,-1
350,2,796.22,191.74,183.30,549.78,0.8526,-1,-1,-1
350,40,622.78,235.73,132.10,389.63,0.8169,-1,-1,-1
350,43,959.99,216.10,128.39,428.55,0.7827,-1,-1,-1
350,48,753.47,224.71,91.52,408.89,0.7421,-1,-1,-1
350,49,1177.42,142.53,260.98,694.00,0.9023,-1,-1,-1
350,47,482.81,306.85,58.05,174.31,0.3172,-1,-1,-1
351,2,794.40,192.40,185.11,546.38,0.8546,-1,-1,-1
351,40,617.63,236.84,132.80,393.28,0.8098,-1,-1,-1
351,43,963.10,217.08,121.43,429.65,0.7628,-1,-1,-1
351,48,749.48,222.28,92.57,414.18,0.7205,-1,-1,-1
351,49,1169.34,143.79,265.23,692.91,0.9032,-1,-1,-1
351,47,477.43,303.23,57.18,179.84,0.3557,-1,-1,-1
352,2,797.12,191.34,181.73,546.68,0.8531,-1,-1,-1
352,40,611.39,235.54,133.56,397.04,0.8205,-1,-1,-1
352,43,960.24,217.21,120.89,432.45,0.7865,-1,-1,-1
352,48,742.59,219.38,96.43,420.01,0.7637,-1,-1,-1
352,49,1161.81,143.75,270.31,696.20,0.9019,-1,-1,-1
352,52,1081.15,328.44,68.57,183.02,0.4206,-1,-1,-1
353,2,799.15,189.66,181.11,547.94,0.8543,-1,-1,-1
353,40,606.41,230.63,131.23,401.81,0.8318,-1,-1,-1
353,43,958.10,216.58,119.29,431.96,0.7815,-1,-1,-1
353,48,735.54,213.99,100.09,426.97,0.7589,-1,-1,-1
353,49,1156.08,143.01,270.77,700.31,0.9062,-1,-1,-1
354,2,796.75,191.18,180.21,541.02,0.8786,-1,-1,-1
354,40,595.98,228.87,134.73,403.19,0.8403,-1,-1,-1
354,43,957.26,217.83,115.11,430.63,0.8014,-1,-1,-1
354,48,727.14,212.37,106.20,431.17,0.7819,-1,-1,-1
354,49,1149.23,143.55,271.23,705.55,0.9091,-1,-1,-1
354,52,1055.42,321.99,75.30,185.32,0.4925,-1,-1,-1
355,2,795.55,190.30,177.13,534.88,0.8716,-1,-1,-1
355,40,587.85,228.62,133.22,405.45,0.8504,-1,-1,-1
355,43,951.85,219.04,112.91,429.03,0.8028,-1,-1,-1
355,48,717.52,208.68,113.22,438.06,0.7994,-1,-1,-1
355,49,1143.59,143.60,273.17,709.13,0.9114,-1,-1,-1
355,52,1045.29,318.44,78.99,187.68,0.6032,-1,-1,-1
356,2,794.14,188.08,175.19,530.41,0.8466,-1,-1,-1
356,40,574.23,225.47,139.46,410.96,0.7325,-1,-1,-1
356,43,945.33,219.89,112.53,428.70,0.7970,-1,-1,-1
356,48,711.43,207.00,112.74,441.88,0.7955,-1,-1,-1
356,49,1136.39,142.55,277.50,711.80,0.9122,-1,-1,-1
356,52,1038.00,315.68,77.05,189.07,0.4214,-1,-1,-1
357,2,792.83,188.58,172.56,526.11,0.8535,-1,-1,-1
357,40,566.95,223.99,137.43,416.09,0.8210,-1,-1,-1
357,43,939.68,217.00,111.00,430.50,0.7734,-1,-1,-1
357,48,699.39,204.33,118.29,447.48,0.8155,-1,-1,-1
357,49,1133.37,141.26,275.12,715.42,0.9101,-1,-1,-1
357,52,1034.20,320.81,68.35,184.23,0.5086,-1,-1,-1
358,2,786.63,185.50,171.42,533.31,0.8456,-1,-1,-1
358,40,555.28,221.34,138.19,416.39,0.8382,-1,-1,-1
358,43,936.02,216.14,108.33,433.84,0.7533,-1,-1,-1
358,48,685.97,200.01,124.74,453.38,0.8257,-1,-1,-1
358,49,1127.08,141.39,276.44,718.17,0.9096,-1,-1,-1
358,52,1025.00,319.22,67.62,183.34,0.6303,-1,-1,-1
358,47,420.63,294.18,59.60,187.89,0.4934,-1,-1,-1
359,2,786.05,182.49,164.84,537.39,0.8553,-1,-1,-1
359,40,540.63,221.45,141.03,420.03,0.8263,-1,-1,-1
359,43,925.86,216.54,109.82,437.23,0.7785,-1,-1,-1
359,48,673.05,195.87,134.00,453.97,0.7879,-1,-1,-1
359,49,1120.61,140.87,278.47,719.97,0.9081,-1,-1,-1
359,52,1015.58,314.96,69.33,188.75,0.4342,-1,-1,-1
360,2,780.59,180.07,163.61,542.91,0.8693,-1,-1,-1
360,40,526.30,220.53,144.86,426.72,0.8213,-1,-1,-1
360,43,917.73,215.03,108.67,441.50,0.8035,-1,-1,-1
360,48,658.84,193.80,140.24,458.80,0.8506,-1,-1,-1
360,49,1114.59,140.62,278.36,723.35,0.9103,-1,-1,-1
360,52,1005.47,315.45,69.70,188.22,0.5750,-1,-1,-1
361,2,774.06,179.52,163.11,544.87,0.8703,-1,-1,-1
361,40,511.88,219.10,147.04,430.86,0.8109,-1,-1,-1
361,43,912.39,215.01,105.30,443.77,0.8197,-1,-1,-1
361,48,650.03,191.17,141.69,466.62,0.8320,-1,-1,-1
361,49,1109.96,141.00,276.58,726.07,0.9074,-1,-1,-1
361,52,994.82,313.98,72.62,190.57,0.6070,-1,-1,-1
361,47,391.38,293.82,56.77,188.44,0.4509,-1,-1,-1
362,2,768.91,181.00,161.63,549.81,0.8696,-1,-1,-1
362,40,494.57,222.51,151.32,431.88,0.8175,-1,-1,-1
362,43,905.73,216.72,103.86,441.05,0.7835,-1,-1,-1
362,48,634.78,191.93,150.73,467.49,0.8563,-1,-1,-1
362,49,1106.07,141.71,274.62,725.94,0.9081,-1,-1,-1
362,52,988.24,317.96,73.82,187.81,0.6265,-1,-1,-1
362,47,382.62,298.24,55.54,188.95,0.3397,-1,-1,-1
363,2,764.40,183.89,159.29,549.03,0.8489,-1,-1,-1
363,40,481.66,222.42,153.18,441.87,0.7931,-1,-1,-1
363,43,900.10,213.68,100.54,441.60,0.7349,-1,-1,-1
363,48,619.67,191.77,158.66,470.51,0.8522,-1,-1,-1
363,49,1101.82,140.47,274.53,732.51,0.9080,-1,-1,-1
363,52,981.97,319.33,74.47,190.12,0.5420,-1,-1,-1
364,2,763.10,188.85,155.17,549.53,0.8128,-1,-1,-1
364,40,466.17,219.93,159.46,454.11,0.7916,-1,-1,-1
364,43,896.91,211.31,98.43,441.22,0.7013,-1,-1,-1
364,48,607.06,189.91,167.46,479.04,0.8518,-1,-1,-1
364,49,1101.02,137.78,273.08,736.06,0.9066,-1,-1,-1
364,52,973.46,314.05,78.71,195.82,0.5648,-1,-1,-1
365,2,762.90,193.22,156.01,548.62,0.8135,-1,-1,-1
365,40,442.33,221.53,178.06,458.89,0.8290,-1,-1,-1
365,43,895.75,210.48,93.84,445.26,0.6420,-1,-1,-1
365,48,593.05,191.61,179.40,483.98,0.8248,-1,-1,-1
365,49,1101.58,137.56,270.77,737.82,0.8993,-1,-1,-1
365,52,968.42,316.42,81.03,195.93,0.5230,-1,-1,-1
366,2,760.66,199.05,154.25,544.62,0.8147,-1,-1,-1
366,40,438.03,222.65,174.71,462.09,0.8047,-1,-1,-1
366,43,893.80,212.35,89.96,441.49,0.6736,-1,-1,-1
366,48,586.04,195.89,182.66,483.98,0.8613,-1,-1,-1
366,49,1099.75,138.35,269.05,732.66,0.9022,-1,-1,-1
366,52,963.54,321.16,83.18,194.05,0.4406,-1,-1,-1
366,47,357.34,304.62,61.38,188.77,0.3820,-1,-1,-1
367,2,760.44,198.58,153.06,543.98,0.8245,-1,-1,-1
367,40,434.48,222.03,170.43,466.48,0.7961,-1,-1,-1
367,43,893.87,208.51,87.53,441.04,0.6700,-1,-1,-1
367,48,587.26,193.43,180.49,489.82,0.8712,-1,-1,-1
367,49,1100.15,135.57,269.03,727.46,0.9027,-1,-1,-1
367,52,963.09,314.01,82.79,198.51,0.4089,-1,-1,-1
367,47,354.80,308.01,66.33,186.18,0.3069,-1,-1,-1
368,2,760.26,198.39,153.89,545.38,0.8273,-1,-1,-1
368,40,431.59,221.12,173.64,471.80,0.8180,-1,-1,-1
368,43,894.27,206.78,84.99,437.70,0.6240,-1,-1,-1
368,48,590.16,192.84,175.19,498.33,0.8601,-1,-1,-1
368,49,1100.31,133.82,268.48,722.77,0.9023,-1,-1,-1
368,52,959.77,310.45,83.42,199.44,0.4082,-1,-1,-1
369,2,759.78,196.03,158.73,546.86,0.8538,-1,-1,-1
369,40,426.71,220.63,173.86,474.36,0.8271,-1,-1,-1
369,43,895.16,204.37,83.44,437.72,0.5820,-1,-1,-1
369,48,590.01,191.13,171.06,505.24,0.8629,-1,-1,-1
369,49,1102.65,133.42,266.20,717.16,0.9053,-1,-1,-1
369,52,959.17,313.77,85.13,197.70,0.4774,-1,-1,-1
370,2,759.74,194.73,163.20,542.16,0.8226,-1,-1,-1
370,40,422.67,221.76,174.62,476.31,0.8256,-1,-1,-1
370,43,895.95,205.41,83.76,437.87,0.6350,-1,-1,-1
370,48,587.24,192.86,169.08,509.54,0.8553,-1,-1,-1
370,49,1104.37,133.18,264.89,716.44,0.9057,-1,-1,-1
371,2,758.91,195.69,165.45,539.07,0.8487,-1,-1,-1
371,40,418.65,223.45,177.35,479.34,0.8530,-1,-1,-1
371,43,897.64,207.19,83.70,440.05,0.6904,-1,-1,-1
371,48,584.29,194.61,168.47,516.62,0.8636,-1,-1,-1
371,49,1106.45,133.40,261.60,720.25,0.9058,-1,-1,-1
372,2,761.41,195.42,164.17,539.48,0.8480,-1,-1,-1
372,40,415.81,223.67,178.23,481.78,0.8712,-1,-1,-1
372,43,901.01,208.48,81.44,442.30,0.6808,-1,-1,-1
372,48,580.37,193.59,170.03,524.33,0.8649,-1,-1,-1
372,49,1110.78,133.12,256.77,726.45,0.9057,-1,-1,-1
372,52,963.34,317.49,79.75,196.51,0.4479,-1,-1,-1
373,2,762.14,198.14,166.05,539.20,0.8569,-1,-1,-1
373,40,413.24,225.34,177.58,483.62,0.8658,-1,-1,-1
373,43,902.25,209.98,80.65,439.96,0.6623,-1,-1,-1
373,48,574.89,193.38,174.31,529.23,0.8677,-1,-1,-1
373,49,1113.41,136.73,254.03,729.87,0.8972,-1,-1,-1
373,52,965.37,322.53,81.62,195.31,0.4451,-1,-1,-1
374,2,763.19,198.33,167.46,540.41,0.8473,-1,-1,-1
374,40,409.10,225.88,176.56,487.55,0.8637,-1,-1,-1
374,43,903.33,210.70,83.51,443.41,0.6742,-1,-1,-1
374,48,568.88,191.99,178.62,533.26,0.8709,-1,-1,-1
374,49,1115.51,139.44,250.87,735.27,0.8924,-1,-1,-1
374,52,966.90,327.65,82.98,192.69,0.4818,-1,-1,-1
375,2,765.55,200.76,166.63,543.30,0.8542,-1,-1,-1
375,40,403.56,229.00,175.19,489.12,0.8468,-1,-1,-1
375,43,906.40,211.21,81.78,446.41,0.6609,-1,-1,-1
375,48,561.45,191.54,186.19,541.54,0.8769,-1,-1,-1
375,49,1118.49,141.23,246.54,741.17,0.8947,-1,-1,-1
375,52,967.34,330.35,81.87,195.03,0.5216,-1,-1,-1
376,2,768.87,203.47,164.69,546.50,0.8528,-1,-1,-1
376,40,396.51,229.49,173.25,499.35,0.8513,-1,-1,-1
376,43,908.60,217.74,81.22,447.23,0.6486,-1,-1,-1
376,48,557.65,191.40,189.13,549.15,0.8625,-1,-1,-1
376,49,1121.36,143.40,240.40,746.92,0.8952,-1,-1,-1
376,52,967.55,322.37,83.37,206.63,0.3927,-1,-1,-1
377,2,773.15,206.20,162.25,549.32,0.8859,-1,-1,-1
377,40,393.47,226.23,171.91,512.99,0.8409,-1,-1,-1
377,43,913.19,222.55,77.21,447.35,0.7020,-1,-1,-1
377,48,550.94,188.68,194.47,554.11,0.8650,-1,-1,-1
377,49,1122.43,150.64,238.37,748.14,0.8950,-1,-1,-1
377,52,971.17,333.90,81.89,199.60,0.4275,-1,-1,-1
378,2,780.05,211.07,157.96,547.95,0.8389,-1,-1,-1
378,40,388.73,222.23,172.03,524.54,0.8226,-1,-1,-1
378,43,915.82,230.10,76.79,441.30,0.7253,-1,-1,-1
378,48,544.79,187.81,200.18,555.90,0.8593,-1,-1,-1
378,49,1123.53,156.43,237.24,748.64,0.8988,-1,-1,-1
378,52,973.70,338.41,81.37,198.33,0.3580,-1,-1,-1
379,2,780.54,214.02,159.63,551.68,0.8407,-1,-1,-1
379,40,385.54,220.80,168.24,533.96,0.8023,-1,-1,-1
379,43,917.94,234.95,75.78,437.19,0.6468,-1,-1,-1
379,48,537.65,188.92,205.69,560.84,0.8640,-1,-1,-1
379,49,1124.51,157.43,235.90,754.29,0.8962,-1,-1,-1
379,52,972.92,338.73,82.78,201.13,0.4153,-1,-1,-1
379,55,737.33,318.64,51.12,197.40,0.4666,-1,-1,-1
380,2,783.50,216.69,158.81,550.01,0.8447,-1,-1,-1
380,40,377.41,216.34,172.88,546.35,0.8125,-1,-1,-1
380,43,916.70,238.72,79.68,434.56,0.7157,-1,-1,-1
380,48,532.94,187.65,208.50,568.32,0.8709,-1,-1,-1
380,49,1124.46,159.21,234.79,757.06,0.8913,-1,-1,-1
380,52,977.05,344.97,80.01,196.83,0.3368,-1,-1,-1
380,55,736.79,317.36,56.13,202.48,0.5992,-1,-1,-1
381,2,784.46,220.05,159.55,548.56,0.8392,-1,-1,-1
381,40,373.94,212.84,173.89,556.94,0.8109,-1,-1,-1
381,43,916.64,242.56,80.38,432.94,0.7359,-1,-1,-1
381,48,524.11,184.80,213.08,577.67,0.8745,-1,-1,-1
381,49,1121.94,158.96,234.32,756.43,0.8836,-1,-1,-1
381,52,979.66,344.04,78.45,198.65,0.3933,-1,-1,-1
381,55,735.17,316.42,59.26,209.71,0.6479,-1,-1,-1
382,2,784.85,220.33,159.21,546.06,0.8466,-1,-1,-1
382,40,370.42,210.44,177.16,566.78,0.8097,-1,-1,-1
382,43,918.27,244.10,82.16,434.24,0.7014,-1,-1,-1
382,48,520.69,182.72,214.52,588.60,0.8719,-1,-1,-1
382,49,1119.26,157.50,232.83,760.00,0.8809,-1,-1,-1
382,52,981.95,351.19,76.70,192.45,0.4968,-1,-1,-1
382,55,733.00,316.59,61.47,213.06,0.6499,-1,-1,-1
383,2,785.41,218.33,159.38,543.02,0.8410,-1,-1,-1
383,40,364.53,207.21,177.30,571.31,0.8214,-1,-1,-1
383,43,919.80,241.88,83.37,436.99,0.6831,-1,-1,-1
383,48,513.32,179.49,220.04,599.68,0.8766,-1,-1,-1
383,49,1114.26,154.87,233.18,762.06,0.8807,-1,-1,-1
383,52,983.34,353.06,74.48,190.33,0.4693,-1,-1,-1
383,55,731.48,317.08,61.38,210.59,0.6420,-1,-1,-1
384,2,785.83,217.60,160.79,541.31,0.8468,-1,-1,-1
384,40,356.47,205.87,180.43,574.17,0.8233,-1,-1,-1
384,43,920.07,244.11,93.91,435.51,0.5743,-1,-1,-1
384,48,506.31,177.26,223.04,607.83,0.8648,-1,-1,-1
384,49,1110.22,152.91,234.30,766.37,0.8834,-1,-1,-1
384,55,728.06,319.15,62.54,211.21,0.6527,-1,-1,-1
385,2,785.72,217.91,163.05,543.10,0.8421,-1,-1,-1
385,40,348.54,208.55,187.14,574.97,0.8393,-1,-1,-1
385,43,919.52,246.12,99.54,435.03,0.6018,-1,-1,-1
385,48,504.75,176.11,222.75,616.55,0.8602,-1,-1,-1
385,49,1106.89,155.87,238.52,763.12,0.8836,-1,-1,-1
385,55,726.48,321.57,64.54,212.65,0.6964,-1,-1,-1
386,2,782.50,215.55,166.87,536.11,0.8175,-1,-1,-1
386,40,341.47,206.88,185.27,574.07,0.8332,-1,-1,-1
386,43,920.93,244.62,91.29,429.94,0.5449,-1,-1,-1
386,48,495.37,173.12,229.83,622.51,0.8638,-1,-1,-1
386,49,1098.57,156.63,248.41,758.74,0.8874,-1,-1,-1
386,55,726.87,320.10,62.29,211.36,0.6590,-1,-1,-1
387,2,778.85,213.84,169.21,532.31,0.8362,-1,-1,-1
387,40,332.46,201.70,187.19,583.98,0.8386,-1,-1,-1
387,43,919.45,244.81,83.94,430.58,0.6180,-1,-1,-1
387,48,486.12,169.04,235.46,631.49,0.8618,-1,-1,-1
387,49,1088.36,156.62,259.86,752.45,0.8935,-1,-1,-1
387,55,722.53,318.05,64.94,212.39,0.6777,-1,-1,-1
387,52,978.38,350.60,75.93,197.36,0.3534,-1,-1,-1
388,2,777.73,211.97,170.82,531.74,0.8344,-1,-1,-1
388,40,322.09,194.42,190.40,595.31,0.8473,-1,-1,-1
388,43,918.03,241.31,85.01,433.15,0.5092,-1,-1,-1
388,48,478.91,166.46,237.69,646.34,0.8643,-1,-1,-1
388,49,1083.50,157.94,266.16,746.66,0.8875,-1,-1,-1
388,55,718.86,317.27,67.78,211.46,0.7096,-1,-1,-1
388,52,976.39,348.61,76.31,199.40,0.3804,-1,-1,-1
389,2,778.33,209.83,167.05,536.47,0.8425,-1,-1,-1
389,40,314.98,187.05,190.82,604.83,0.8410,-1,-1,-1
389,43,916.67,242.36,83.88,433.86,0.5924,-1,-1,-1
389,48,476.46,162.17,236.51,657.86,0.8636,-1,-1,-1
389,49,1081.70,157.58,268.74,747.75,0.8912,-1,-1,-1
389,55,717.15,316.86,68.87,212.59,0.6895,-1,-1,-1
389,52,974.50,333.96,80.11,216.68,0.3132,-1,-1,-1
390,2,777.66,210.03,164.44,539.48,0.8473,-1,-1,-1
390,40,306.39,183.67,195.83,609.63,0.8351,-1,-1,-1
390,43,915.33,242.28,81.74,433.47,0.6596,-1,-1,-1
390,48,475.87,156.59,235.52,669.07,0.8716,-1,-1,-1
390,49,1078.11,157.14,273.91,750.08,0.8852,-1,-1,-1
390,55,715.29,316.79,71.25,213.23,0.7297,-1,-1,-1
390,52,975.69,336.84,79.36,215.38,0.3829,-1,-1,-1
391,2,773.68,209.62,164.69,542.48,0.8497,-1,-1,-1
391,40,295.37,180.65,200.83,614.52,0.8369,-1,-1,-1
391,43,911.73,238.37,83.66,436.27,0.6521,-1,-1,-1
391,48,474.40,149.80,236.93,678.89,0.8719,-1,-1,-1
391,49,1069.41,157.26,283.28,754.51,0.8882,-1,-1,-1
391,55,711.64,316.24,74.25,213.67,0.7366,-1,-1,-1
391,52,976.39,340.55,75.68,211.84,0.6001,-1,-1,-1
392,2,771.19,210.80,164.11,545.62,0.8335,-1,-1,-1
392,40,286.71,175.74,203.01,624.66,0.8498,-1,-1,-1
392,43,908.94,235.84,82.95,439.10,0.6606,-1,-1,-1
392,48,473.97,143.94,235.90,689.16,0.8750,-1,-1,-1
392,49,1062.30,156.63,290.06,762.96,0.8942,-1,-1,-1
392,55,708.01,314.71,77.43,214.96,0.7612,-1,-1,-1
392,52,976.56,335.18,74.09,216.38,0.4818,-1,-1,-1
393,2,769.25,216.77,165.83,540.03,0.8213,-1,-1,-1
393,40,273.62,171.83,209.13,633.33,0.8570,-1,-1,-1
393,43,906.27,238.03,84.25,437.05,0.6173,-1,-1,-1
393,48,471.94,139.44,234.12,696.66,0.8784,-1,-1,-1
393,49,1058.09,156.82,293.97,768.48,0.8968,-1,-1,-1
393,55,706.13,313.97,78.37,216.79,0.7595,-1,-1,-1
393,52,974.63,330.89,74.94,219.92,0.5626,-1,-1,-1
394,2,767.17,218.65,163.05,538.72,0.8076,-1,-1,-1
394,40,260.65,165.21,216.90,642.68,0.8638,-1,-1,-1
394,43,904.80,234.99,82.33,436.00,0.6198,-1,-1,-1
394,48,465.71,133.48,235.83,704.88,0.8821,-1,-1,-1
394,49,1055.57,156.22,295.68,771.78,0.9046,-1,-1,-1
394,55,703.01,313.34,79.18,216.25,0.7511,-1,-1,-1
394,52,972.55,329.74,76.69,220.30,0.6046,-1,-1,-1
395,2,761.97,220.09,164.34,538.78,0.8036,-1,-1,-1
395,40,231.33,160.53,238.92,648.61,0.8654,-1,-1,-1
395,43,901.75,232.74,81.88,436.86,0.6269,-1,-1,-1
395,48,461.34,127.36,234.94,714.56,0.8771,-1,-1,-1
395,49,1052.52,155.95,298.06,776.23,0.9004,-1,-1,-1
395,55,700.84,311.78,79.01,217.46,0.7430,-1,-1,-1
395,52,970.90,338.08,74.30,210.79,0.6174,-1,-1,-1
396,2,759.29,222.27,162.79,535.29,0.8090,-1,-1,-1
396,40,223.33,157.33,235.09,659.89,0.8677,-1,-1,-1
396,43,899.80,235.74,81.73,433.91,0.6875,-1,-1,-1
396,48,454.97,118.51,237.10,726.10,0.8803,-1,-1,-1
396,49,1050.77,155.94,300.56,777.85,0.8991,-1,-1,-1
396,55,697.79,309.77,78.66,218.49,0.7346,-1,-1,-1
396,52,969.25,338.08,73.78,210.30,0.6421,-1,-1,-1
396,56,1028.15,378.71,44.10,170.04,0.3488,-1,-1,-1
397,2,756.71,222.09,160.58,532.03,0.8138,-1,-1,-1
397,40,198.54,155.70,251.33,667.28,0.8703,-1,-1,-1
397,43,897.04,237.71,81.89,430.14,0.6887,-1,-1,-1
397,48,445.50,110.59,242.07,736.80,0.8861,-1,-1,-1
397,49,1050.24,155.78,300.45,779.86,0.8980,-1,-1,-1
397,55,695.73,309.14,75.65,219.94,0.7447,-1,-1,-1
397,52,967.83,337.07,75.29,210.31,0.6278,-1,-1,-1
398,2,752.14,218.94,159.78,536.00,0.8314,-1,-1,-1
398,40,174.40,148.76,268.66,684.60,0.8857,-1,-1,-1
398,43,894.06,238.31,82.82,430.12,0.6814,-1,-1,-1
398,48,435.32,102.21,248.93,747.55,0.8952,-1,-1,-1
398,49,1049.78,155.64,298.33,781.45,0.8983,-1,-1,-1
398,55,693.07,307.13,72.79,221.53,0.7578,-1,-1,-1
398,52,967.48,338.04,75.69,208.64,0.6037,-1,-1,-1
399,2,747.24,216.39,158.99,537.40,0.8551,-1,-1,-1
399,40,142.81,144.21,287.99,697.81,0.8967,-1,-1,-1
399,43,888.42,238.23,87.30,430.47,0.7181,-1,-1,-1
399,48,426.90,94.40,254.05,757.03,0.8931,-1,-1,-1
399,49,1050.36,155.22,295.39,784.55,0.8964,-1,-1,-1
399,55,691.09,304.66,69.67,224.19,0.7866,-1,-1,-1
399,52,966.89,336.12,75.94,210.75,0.6219,-1,-1,-1
400,2,740.62,216.39,159.44,531.61,0.8431,-1,-1,-1
400,40,126.16,141.54,294.33,705.80,0.8944,-1,-1,-1
400,43,882.01,238.84,91.35,431.24,0.7512,-1,-1,-1
400,48,418.69,90.07,262.76,764.55,0.8946,-1,-1,-1
400,49,1050.18,154.95,294.00,787.80,0.8989,-1,-1,-1
400,55,690.03,305.02,67.09,223.62,0.7739,-1,-1,-1
400,52,964.90,330.91,81.11,217.08,0.5422,-1,-1,-1
401,2,731.72,216.28,163.56,521.70,0.8636,-1,-1,-1
401,40,114.56,139.63,294.76,717.89,0.8956,-1,-1,-1
401,43,877.76,235.89,93.47,437.31,0.7815,-1,-1,-1
401,48,412.22,84.86,270.20,775.14,0.8992,-1,-1,-1
401,49,1051.28,154.57,290.72,784.89,0.8997,-1,-1,-1
401,55,687.31,304.12,66.03,223.80,0.7248,-1,-1,-1
401,52,964.53,329.98,83.47,217.87,0.6045,-1,-1,-1
402,2,727.77,213.41,165.46,520.40,0.8794,-1,-1,-1
402,40,109.53,136.27,290.33,728.00,0.8979,-1,-1,-1
402,43,874.66,235.09,96.93,438.70,0.8049,-1,-1,-1
402,48,405.75,79.92,277.74,791.19,0.8986,-1,-1,-1
402,49,1054.30,149.67,286.06,790.77,0.8973,-1,-1,-1
402,55,686.80,302.47,63.86,225.47,0.5678,-1,-1,-1
402,52,965.72,329.69,81.25,216.95,0.6070,-1,-1,-1
403,2,725.34,212.72,166.04,521.43,0.8769,-1,-1,-1
403,40,102.54,135.12,284.98,746.57,0.8964,-1,-1,-1
403,43,873.21,236.39,98.13,438.82,0.8047,-1,-1,-1
403,48,398.41,75.64,285.89,813.31,0.9080,-1,-1,-1
403,49,1058.11,149.57,281.81,796.18,0.8966,-1,-1,-1
403,55,686.75,303.09,62.82,227.89,0.5820,-1,-1,-1
403,52,968.83,338.88,77.70,208.11,0.5807,-1,-1,-1
404,2,723.13,212.88,166.61,523.86,0.8641,-1,-1,-1
404,40,92.42,132.17,283.27,767.99,0.9013,-1,-1,-1
404,43,872.87,237.51,99.11,443.25,0.8012,-1,-1,-1
404,48,389.67,73.60,292.71,835.88,0.9093,-1,-1,-1
404,49,1063.21,149.52,281.80,796.56,0.8900,-1,-1,-1
404,55,686.27,304.33,62.62,228.77,0.5454,-1,-1,-1
404,52,970.31,339.26,78.26,210.34,0.6391,-1,-1,-1
405,2,724.56,214.27,164.37,524.76,0.8625,-1,-1,-1
405,40,78.04,129.87,288.56,782.46,0.8915,-1,-1,-1
405,43,872.90,238.59,99.38,442.14,0.8015,-1,-1,-1
405,48,378.21,73.35,302.57,842.55,0.9082,-1,-1,-1
405,49,1063.86,150.52,285.34,793.24,0.8890,-1,-1,-1
405,55,687.22,304.11,61.32,229.81,0.5205,-1,-1,-1
405,52,971.99,338.93,79.68,211.33,0.6548,-1,-1,-1
406,2,723.45,215.65,166.49,526.05,0.8496,-1,-1,-1
406,40,58.65,128.83,301.05,791.55,0.8919,-1,-1,-1
406,43,873.23,239.22,101.46,439.74,0.7962,-1,-1,-1
406,48,367.19,71.79,313.78,853.07,0.9054,-1,-1,-1
406,49,1065.58,150.06,287.40,785.89,0.8773,-1,-1,-1
406,55,688.71,304.69,61.97,231.48,0.4906,-1,-1,-1
406,52,975.33,342.11,83.16,211.57,0.6669,-1,-1,-1
407,2,725.85,217.30,165.25,527.58,0.8585,-1,-1,-1
407,40,55.14,122.79,301.72,805.01,0.8889,-1,-1,-1
407,43,873.53,239.17,102.47,441.47,0.7979,-1,-1,-1
407,48,357.11,72.55,325.99,861.57,0.9049,-1,-1,-1
407,49,1070.73,149.62,284.66,780.81,0.8776,-1,-1,-1
407,55,689.70,305.36,63.51,234.96,0.5944,-1,-1,-1
407,52,978.19,345.79,84.21,209.26,0.6534,-1,-1,-1
408,2,725.75,219.55,166.89,528.42,0.8642,-1,-1,-1
408,40,41.43,118.11,311.56,814.57,0.9036,-1,-1,-1
408,43,872.89,239.82,104.71,441.35,0.7924,-1,-1,-1
408,48,350.74,70.17,332.14,875.60,0.9037,-1,-1,-1
408,49,1076.21,149.24,280.88,779.12,0.8891,-1,-1,-1
408,55,693.25,305.20,60.93,237.49,0.4709,-1,-1,-1
408,52,980.96,338.09,85.02,218.20,0.6136,-1,-1,-1
409,2,728.53,220.90,166.70,532.62,0.8603,-1,-1,-1
409,40,42.31,114.57,310.53,826.22,0.9047,-1,-1,-1
409,43,873.54,241.71,106.94,438.23,0.8036,-1,-1,-1
409,48,350.87,67.87,330.47,894.60,0.9088,-1,-1,-1
409,49,1083.46,149.97,276.15,782.64,0.8948,-1,-1,-1
409,55,699.18,306.74,55.34,240.44,0.4864,-1,-1,-1
409,52,986.52,342.56,79.63,212.93,0.6596,-1,-1,-1
410,2,731.89,223.58,165.83,533.90,0.8374,-1,-1,-1
410,40,38.73,111.33,314.11,836.97,0.9032,-1,-1,-1
410,43,875.37,240.55,113.52,438.22,0.7898,-1,-1,-1
410,48,355.26,65.35,322.03,912.28,0.9161,-1,-1,-1
410,49,1091.00,151.21,272.19,785.74,0.8921,-1,-1,-1
410,55,704.37,308.84,56.77,242.18,0.6059,-1,-1,-1
410,52,993.90,345.85,76.23,210.12,0.6307,-1,-1,-1
411,2,733.81,224.49,168.89,535.42,0.8013,-1,-1,-1
411,40,30.22,105.44,313.70,847.73,0.9078,-1,-1,-1
411,43,880.55,239.69,113.56,438.37,0.7869,-1,-1,-1
411,48,356.34,61.21,318.15,925.60,0.9157,-1,-1,-1
411,49,1099.34,149.70,267.40,793.67,0.8893,-1,-1,-1
411,55,710.01,308.81,54.92,242.26,0.5888,-1,-1,-1
411,52,999.76,349.74,80.06,207.93,0.6637,-1,-1,-1
412,2,736.12,225.71,171.16,533.02,0.8135,-1,-1,-1
412,40,19.82,96.55,314.12,859.87,0.9169,-1,-1,-1
412,43,887.62,236.38,110.55,442.55,0.7514,-1,-1,-1
412,48,352.43,55.80,318.94,954.42,0.9129,-1,-1,-1
412,49,1103.34,152.39,269.22,798.27,0.8925,-1,-1,-1
412,55,715.67,308.28,55.10,240.82,0.5468,-1,-1,-1
412,52,1003.92,347.15,82.41,211.45,0.7007,-1,-1,-1
412,57,653.27,342.60,54.26,191.22,0.6281,-1,-1,-1
413,2,740.72,226.00,172.02,529.69,0.8178,-1,-1,-1
413,40,5.13,89.55,320.40,869.79,0.9265,-1,-1,-1
413,43,891.09,231.56,113.39,445.10,0.7521,-1,-1,-1
413,48,346.08,48.80,323.88,976.99,0.9110,-1,-1,-1
413,49,1105.62,153.49,273.46,802.82,0.8973,-1,-1,-1
413,55,723.15,306.57,53.81,241.06,0.4619,-1,-1,-1
413,52,1010.26,344.66,80.14,213.50,0.5990,-1,-1,-1
413,57,653.17,345.62,57.93,187.93,0.6632,-1,-1,-1
414,2,748.74,226.47,168.75,526.76,0.8209,-1,-1,-1
414,40,-2.32,82.36,321.37,880.66,0.9297,-1,-1,-1
414,43,893.61,232.67,119.46,445.46,0.7817,-1,-1,-1
414,48,337.67,38.99,326.76,996.82,0.9023,-1,-1,-1
414,49,1109.72,153.52,274.05,806.99,0.8896,-1,-1,-1
414,55,727.38,303.56,55.96,241.86,0.4851,-1,-1,-1
414,52,1016.44,341.50,78.75,216.54,0.6409,-1,-1,-1
414,57,653.85,342.50,63.49,195.76,0.6429,-1,-1,-1
415,2,752.69,224.13,168.73,528.05,0.8248,-1,-1,-1
415,40,-4.50,76.71,319.47,887.36,0.9252,-1,-1,-1
415,43,899.19,236.84,118.72,441.89,0.8091,-1,-1,-1
415,48,328.31,27.31,335.53,1017.30,0.9130,-1,-1,-1
415,49,1115.27,153.22,272.74,810.18,0.8864,-1,-1,-1
415,55,731.21,302.29,56.68,238.11,0.4361,-1,-1,-1
415,52,1020.42,346.92,82.07,212.85,0.6746,-1,-1,-1
415,57,654.69,341.92,67.11,190.08,0.6434,-1,-1,-1
416,2,750.47,221.01,174.26,524.69,0.8437,-1,-1,-1
416,40,-5.45,66.69,315.25,907.03,0.9217,-1,-1,-1
416,43,903.71,236.58,120.02,444.96,0.7921,-1,-1,-1
416,48,317.94,14.51,343.96,1037.25,0.9137,-1,-1,-1
416,49,1119.56,151.74,272.04,814.34,0.8904,-1,-1,-1
416,52,1022.90,348.45,84.55,211.47,0.5940,-1,-1,-1
416,57,655.49,340.92,68.40,187.75,0.6558,-1,-1,-1
417,2,747.79,221.00,179.29,522.24,0.8357,-1,-1,-1
417,40,-6.05,57.14,311.57,941.57,0.9180,-1,-1,-1
417,43,905.76,236.86,120.79,445.06,0.7984,-1,-1,-1
417,48,298.30,5.04,360.18,1053.88,0.9090,-1,-1,-1
417,49,1123.49,150.95,269.54,822.44,0.8916,-1,-1,-1
417,52,1027.69,345.43,83.19,213.27,0.6626,-1,-1,-1
417,57,655.72,341.01,69.43,188.72,0.6611,-1,-1,-1
418,2,746.39,219.34,182.11,521.25,0.8436,-1,-1,-1
418,40,-6.10,48.96,289.37,975.79,0.9162,-1,-1,-1
418,43,908.72,234.23,122.48,445.04,0.7835,-1,-1,-1
418,48,279.64,0.13,374.67,1062.85,0.9150,-1,-1,-1
418,49,1126.43,148.31,268.01,826.65,0.8920,-1,-1,-1
418,52,1030.52,337.84,83.34,218.42,0.6659,-1,-1,-1
418,57,655.09,339.73,69.73,190.89,0.6717,-1,-1,-1
419,2,744.79,212.43,182.89,528.55,0.8542,-1,-1,-1
419,40,-5.60,41.34,269.40,992.21,0.9105,-1,-1,-1
419,43,909.96,233.75,121.24,443.93,0.7779,-1,-1,-1
419,48,259.17,-0.98,389.99,1069.13,0.9215,-1,-1,-1
419,49,1126.65,146.82,268.52,826.07,0.8904,-1,-1,-1
419,52,1032.06,336.82,84.36,219.26,0.6328,-1,-1,-1
419,57,652.65,337.71,69.55,198.70,0.6737,-1,-1,-1
420,2,742.25,209.18,184.22,532.42,0.8564,-1,-1,-1
420,40,-4.64,37.58,251.81,1005.85,0.9036,-1,-1,-1
420,43,909.43,234.85,123.34,445.66,0.7857,-1,-1,-1
420,48,241.81,-0.46,401.58,1075.43,0.9256,-1,-1,-1
420,49,1126.40,144.08,269.40,827.50,0.8896,-1,-1,-1
420,52,1031.64,333.66,89.23,224.82,0.6361,-1,-1,-1
420,57,650.06,337.30,68.73,204.60,0.6764,-1,-1,-1
421,2,741.38,209.89,185.62,530.94,0.8576,-1,-1,-1
421,40,-3.67,27.44,234.97,994.10,0.9001,-1,-1,-1
421,43,908.63,234.67,122.77,444.42,0.7927,-1,-1,-1
421,48,222.75,0.11,415.02,1076.66,0.9258,-1,-1,-1
421,49,1123.53,139.64,274.21,830.39,0.8914,-1,-1,-1
421,52,1031.52,334.05,90.81,224.27,0.6428,-1,-1,-1
421,57,648.52,336.55,69.46,205.61,0.6758,-1,-1,-1
422,2,739.63,210.46,184.49,537.99,0.8470,-1,-1,-1
422,40,-3.33,17.12,216.71,992.87,0.8890,-1,-1,-1
422,43,907.15,235.17,122.53,445.16,0.7922,-1,-1,-1
422,48,202.57,-0.72,425.18,1080.01,0.9196,-1,-1,-1
422,49,1119.56,132.20,279.00,835.53,0.8867,-1,-1,-1
422,52,1031.08,337.52,90.00,220.48,0.5482,-1,-1,-1
422,57,644.22,334.16,69.88,209.42,0.6860,-1,-1,-1
423,2,737.65,210.99,179.75,537.90,0.8480,-1,-1,-1
423,40,-2.54,12.49,196.11,997.01,0.8901,-1,-1,-1
423,43,906.45,237.40,121.78,444.87,0.7742,-1,-1,-1
423,48,185.76,-1.11,430.44,1082.14,0.9225,-1,-1,-1
423,49,1112.01,127.75,286.91,839.11,0.8932,-1,-1,-1
423,52,1030.39,340.18,90.25,218.92,0.5632,-1,-1,-1
423,57,640.00,332.58,72.93,213.09,0.7178,-1,-1,-1
424,2,736.36,213.42,175.04,533.54,0.8379,-1,-1,-1
424,40,-1.94,9.03,175.26,1005.60,0.8764,-1,-1,-1
424,43,902.85,240.29,126.20,442.43,0.7510,-1,-1,-1
424,48,164.39,-0.06,439.12,1082.24,0.9273,-1,-1,-1
424,49,1106.60,126.69,294.12,838.77,0.9005,-1,-1,-1
424,52,1028.40,340.89,88.18,218.75,0.6042,-1,-1,-1
424,57,636.26,332.12,76.03,213.72,0.7002,-1,-1,-1
425,2,731.93,213.16,176.23,535.57,0.8378,-1,-1,-1
425,40,-1.54,6.16,150.20,1011.84,0.8435,-1,-1,-1
425,43,899.13,239.24,127.76,440.67,0.7743,-1,-1,-1
425,48,138.13,-0.71,455.55,1079.78,0.9243,-1,-1,-1
425,49,1100.88,125.17,300.47,832.24,0.9028,-1,-1,-1
425,52,1028.05,338.72,86.19,219.35,0.6202,-1,-1,-1
425,57,632.00,327.65,76.47,218.92,0.7005,-1,-1,-1
426,2,731.74,212.98,173.38,535.49,0.8401,-1,-1,-1
426,40,-1.01,95.76,125.72,713.45,0.5750,-1,-1,-1
426,43,894.85,237.01,132.95,442.14,0.7950,-1,-1,-1
426,48,111.00,-0.65,469.73,1077.63,0.9262,-1,-1,-1
426,49,1093.32,125.35,309.77,820.62,0.9032,-1,-1,-1
426,52,1026.55,334.87,85.35,220.04,0.6319,-1,-1,-1
426,57,629.63,326.24,74.93,217.97,0.6846,-1,-1,-1
426,59,559.63,316.77,43.17,196.32,0.4467,-1,-1,-1
427,2,728.28,214.52,176.82,536.91,0.8310,-1,-1,-1
427,40,-0.36,139.68,97.10,564.52,0.7120,-1,-1,-1
427,43,895.51,236.51,132.91,442.50,0.7799,-1,-1,-1
427,48,76.63,0.74,489.99,1073.68,0.9224,-1,-1,-1
427,49,1086.98,127.63,316.52,813.05,0.9002,-1,-1,-1
427,52,1025.13,332.93,84.92,222.61,0.5847,-1,-1,-1
427,57,625.88,326.65,74.15,220.97,0.7198,-1,-1,-1
427,59,549.90,329.63,50.87,183.28,0.5200,-1,-1,-1
428,2,720.41,218.66,181.37,531.69,0.8337,-1,-1,-1
428,40,0.19,156.53,72.87,529.10,0.4361,-1,-1,-1
428,43,892.27,236.25,136.03,442.30,0.7978,-1,-1,-1
428,48,46.48,2.38,511.01,1070.65,0.9213,-1,-1,-1
428,49,1081.56,129.26,321.42,813.36,0.9039,-1,-1,-1
428,52,1024.79,332.82,81.56,223.32,0.4998,-1,-1,-1
428,57,620.76,327.05,74.36,221.26,0.7151,-1,-1,-1
428,59,541.98,316.04,55.45,194.03,0.5870,-1,-1,-1
429,2,711.43,216.66,186.01,538.95,0.8318,-1,-1,-1
429,43,892.99,235.06,133.03,441.52,0.7767,-1,-1,-1
429,48,10.32,2.47,534.32,1070.81,0.9302,-1,-1,-1
429,49,1076.37,130.92,322.93,815.79,0.9048,-1,-1,-1
429,52,1027.09,331.04,77.74,226.87,0.4855,-1,-1,-1
429,57,615.72,328.26,71.59,222.27,0.7547,-1,-1,-1
429,59,536.93,319.74,57.13,194.10,0.5872,-1,-1,-1
430,2,704.29,215.15,179.66,544.05,0.8380,-1,-1,-1
430,43,894.00,234.37,129.54,437.17,0.7791,-1,-1,-1
430,48,-4.88,3.19,540.88,1070.31,0.9266,-1,-1,-1
430,49,1070.30,133.07,328.53,819.19,0.9091,-1,-1,-1
430,52,1030.95,329.85,74.68,224.38,0.4598,-1,-1,-1
430,57,612.27,325.74,71.35,224.48,0.7132,-1,-1,-1
430,59,532.41,331.52,55.34,178.02,0.4666,-1,-1,-1
431,2,695.61,212.86,175.16,551.54,0.8260,-1,-1,-1
431,43,893.15,233.46,128.32,434.46,0.7825,-1,-1,-1
431,48,-10.07,3.63,535.13,1070.01,0.9298,-1,-1,-1
431,49,1067.40,133.76,329.91,823.14,0.9050,-1,-1,-1
431,52,1034.13,329.06,72.31,225.07,0.3722,-1,-1,-1
431,57,606.72,326.17,75.02,227.85,0.6759,-1,-1,-1
431,59,527.30,334.25,55.07,182.26,0.4579,-1,-1,-1
431,56,993.79,314.34,79.16,237.03,0.3986,-1,-1,-1
432,2,686.34,209.77,175.52,566.05,0.8332,-1,-1,-1
432,43,893.71,231.75,127.17,432.72,0.7886,-1,-1,-1
432,48,-10.27,4.84,527.21,1069.67,0.9352,-1,-1,-1
432,49,1065.86,134.09,331.22,827.57,0.9038,-1,-1,-1
432,52,1036.07,328.12,71.41,224.82,0.3758,-1,-1,-1
432,57,603.79,326.61,73.84,228.77,0.6594,-1,-1,-1
432,59,522.47,342.75,55.61,209.84,0.4126,-1,-1,-1
432,56,993.50,314.12,78.44,237.29,0.4667,-1,-1,-1
433,2,680.12,206.43,178.09,562.43,0.8283,-1,-1,-1
433,43,893.76,231.15,126.22,431.07,0.7958,-1,-1,-1
433,48,-9.29,5.90,515.37,1065.07,0.9355,-1,-1,-1
433,49,1066.91,133.08,330.89,831.59,0.9033,-1,-1,-1
433,57,600.90,325.14,74.40,228.66,0.6440,-1,-1,-1
433,59,519.34,343.87,55.22,191.07,0.4223,-1,-1,-1
433,56,995.56,310.03,77.23,240.93,0.5634,-1,-1,-1
434,2,676.65,202.64,176.58,572.67,0.8403,-1,-1,-1
434,43,893.41,228.35,126.40,431.53,0.7960,-1,-1,-1
434,48,-7.57,4.51,503.70,1064.52,0.9387,-1,-1,-1
434,49,1070.08,131.17,328.79,833.35,0.9013,-1,-1,-1
434,57,598.18,321.67,72.76,231.53,0.6849,-1,-1,-1
434,59,518.09,333.17,55.45,187.05,0.4290,-1,-1,-1
434,56,999.82,308.64,74.27,240.47,0.5197,-1,-1,-1
434,52,1042.78,323.26,66.87,230.70,0.3383,-1,-1,-1
435,2,674.70,199.05,173.91,565.50,0.8254,-1,-1,-1
435,43,891.96,225.71,127.89,431.44,0.7788,-1,-1,-1
435,48,-6.18,2.72,492.11,1065.05,0.9396,-1,-1,-1
435,49,1071.70,128.55,327.99,836.49,0.9037,-1,-1,-1
435,57,595.84,319.31,73.48,233.08,0.6859,-1,-1,-1
435,59,516.27,317.13,54.37,193.77,0.6668,-1,-1,-1
435,56,999.83,304.80,73.24,241.18,0.5408,-1,-1,-1
435,52,1046.39,321.10,63.20,237.48,0.3123,-1,-1,-1
436,2,672.47,195.99,174.27,558.08,0.7974,-1,-1,-1
436,43,896.98,224.06,123.15,431.84,0.7698,-1,-1,-1
436,48,-5.02,1.79,481.28,1066.71,0.9397,-1,-1,-1
436,49,1074.15,125.57,326.86,841.61,0.9070,-1,-1,-1
436,57,595.20,317.47,73.12,232.99,0.7085,-1,-1,-1
436,59,514.60,309.53,53.51,198.78,0.6141,-1,-1,-1
436,56,998.26,302.49,74.29,242.33,0.5420,-1,-1,-1
437,2,669.55,193.52,173.62,539.38,0.8136,-1,-1,-1
437,43,900.42,223.04,120.20,432.02,0.7558,-1,-1,-1
437,48,-3.77,1.48,466.64,1071.39,0.9357,-1,-1,-1
437,49,1078.16,121.15,324.90,845.19,0.9055,-1,-1,-1
437,57,592.10,313.49,74.94,232.63,0.7235,-1,-1,-1
437,59,514.31,334.15,51.76,170.87,0.5871,-1,-1,-1
437,56,996.33,300.74,72.70,241.69,0.5714,-1,-1,-1
437,61,819.89,300.88,80.84,230.37,0.6743,-1,-1,-1
437,52,1048.45,313.62,64.23,235.18,0.4977,-1,-1,-1
438,2,663.98,194.03,175.74,530.93,0.8385,-1,-1,-1
438,43,903.71,223.18,116.85,433.59,0.7556,-1,-1,-1
438,48,-2.94,3.21,444.64,1069.95,0.9349,-1,-1,-1
438,49,1079.78,118.38,324.38,839.71,0.9003,-1,-1,-1
438,57,589.36,312.58,75.25,233.77,0.7308,-1,-1,-1
438,59,512.47,335.50,51.25,170.81,0.4228,-1,-1,-1
438,56,994.87,300.46,72.96,240.44,0.5696,-1,-1,-1
438,61,816.59,300.78,83.45,231.53,0.6723,-1,-1,-1
438,52,1050.11,313.63,62.70,232.43,0.3874,-1,-1,-1
439,2,661.24,194.61,174.82,528.08,0.8540,-1,-1,-1
439,43,905.43,223.34,114.19,435.64,0.7576,-1,-1,-1
439,48,-2.96,3.52,420.05,1070.78,0.9277,-1,-1,-1
439,49,1083.95,115.33,321.10,841.04,0.9012,-1,-1,-1
439,57,585.38,312.29,75.98,234.52,0.7219,-1,-1,-1
439,59,509.98,330.81,51.64,174.03,0.4342,-1,-1,-1
439,56,994.41,300.45,73.00,238.32,0.6397,-1,-1,-1
439,61,812.35,299.54,85.47,236.82,0.7252,-1,-1,-1
439,52,1050.74,312.57,66.06,232.71,0.4694,-1,-1,-1
440,2,657.11,193.82,175.83,527.42,0.8672,-1,-1,-1
440,43,905.09,221.60,112.94,437.52,0.7694,-1,-1,-1
440,48,-2.65,3.40,394.21,1066.98,0.9269,-1,-1,-1
440,49,1087.66,111.47,321.04,840.89,0.8844,-1,-1,-1
440,57,582.61,308.73,77.45,241.43,0.7687,-1,-1,-1
440,59,506.78,325.94,52.81,177.99,0.4088,-1,-1,-1
440,56,993.87,299.98,74.25,237.02,0.7044,-1,-1,-1
440,61,808.76,297.26,85.01,239.66,0.7015,-1,-1,-1
440,52,1051.66,309.09,68.19,236.03,0.5686,-1,-1,-1
441,2,656.29,195.59,176.98,528.56,0.8638,-1,-1,-1
441,43,906.84,222.36,111.97,437.76,0.7791,-1,-1,-1
441,48,-1.68,3.73,365.18,1065.47,0.9199,-1,-1,-1
441,49,1092.52,107.36,321.49,841.81,0.8998,-1,-1,-1
441,57,582.88,306.27,76.96,246.09,0.7663,-1,-1,-1
441,59,506.39,315.81,53.86,188.91,0.4088,-1,-1,-1
441,56,994.68,298.04,75.56,238.81,0.7103,-1,-1,-1
441,61,808.60,296.46,84.02,241.63,0.6950,-1,-1,-1
441,52,1052.37,308.17,70.52,240.11,0.6098,-1,-1,-1
442,2,657.58,198.22,176.35,529.42,0.8552,-1,-1,-1
442,43,910.88,224.47,109.54,435.14,0.7336,-1,-1,-1
442,48,-0.65,3.83,332.07,1064.91,0.9136,-1,-1,-1
442,49,1098.12,107.08,321.93,832.61,0.8975,-1,-1,-1
442,57,583.80,306.03,76.29,249.09,0.7717,-1,-1,-1
442,59,509.74,326.70,51.98,177.79,0.4275,-1,-1,-1
442,56,995.99,297.86,75.82,242.34,0.6780,-1,-1,-1
442,61,811.54,297.43,86.76,238.39,0.7282,-1,-1,-1
442,52,1056.32,313.60,71.56,237.68,0.6572,-1,-1,-1
443,2,662.36,199.46,173.25,527.27,0.8509,-1,-1,-1
443,43,911.73,225.21,109.62,435.00,0.7464,-1,-1,-1
443,48,0.44,4.85,299.64,1062.77,0.8933,-1,-1,-1
443,49,1104.09,110.51,323.31,820.83,0.8967,-1,-1,-1
443,57,584.67,308.70,78.33,249.09,0.7729,-1,-1,-1
443,59,513.61,334.75,50.81,172.14,0.4495,-1,-1,-1
443,56,998.56,296.13,79.41,243.47,0.6434,-1,-1,-1
443,61,814.54,299.78,87.24,232.59,0.7587,-1,-1,-1
443,52,1061.15,314.17,70.90,238.55,0.5983,-1,-1,-1
444,2,668.14,201.05,169.32,521.05,0.8448,-1,-1,-1
444,43,915.60,226.14,107.46,432.31,0.7102,-1,-1,-1
444,48,1.02,4.93,268.20,1060.93,0.8392,-1,-1,-1
444,49,1112.67,113.01,319.49,813.48,0.9003,-1,-1,-1
444,57,586.64,307.67,79.87,250.78,0.7617,-1,-1,-1
444,59,517.13,341.78,50.50,164.29,0.4906,-1,-1,-1
444,56,1000.33,297.49,82.37,243.20,0.6361,-1,-1,-1
444,61,818.03,299.82,85.32,233.52,0.7713,-1,-1,-1
444,52,1063.79,304.26,72.21,245.47,0.5810,-1,-1,-1
445,2,673.78,203.35,169.11,511.93,0.8420,-1,-1,-1
445,43,913.49,223.18,113.50,438.13,0.7751,-1,-1,-1
445,48,1.60,5.53,234.74,1061.03,0.3825,-1,-1,-1
445,49,1120.48,118.72,316.45,816.76,0.8973,-1,-1,-1
445,57,587.12,307.79,82.23,251.16,0.7620,-1,-1,-1
445,59,521.79,334.30,50.60,172.53,0.4917,-1,-1,-1
445,56,1006.95,292.60,82.99,246.37,0.7156,-1,-1,-1
445,61,821.25,298.74,87.11,235.23,0.7827,-1,-1,-1
445,52,1071.07,303.62,72.80,243.38,0.5707,-1,-1,-1
446,2,681.61,202.68,165.91,502.20,0.8352,-1,-1,-1
446,43,911.56,221.29,118.67,445.29,0.8087,-1,-1,-1
446,48,1.74,5.25,276.82,1062.39,0.7279,-1,-1,-1
446,49,1129.29,124.63,314.59,817.89,0.9060,-1,-1,-1
446,57,587.37,309.04,86.80,250.55,0.7384,-1,-1,-1
446,59,525.29,342.53,53.21,164.51,0.5358,-1,-1,-1
446,56,1012.91,294.80,81.06,248.18,0.7712,-1,-1,-1
446,61,826.51,296.34,86.53,237.80,0.7905,-1,-1,-1
446,52,1078.89,302.09,70.95,245.24,0.6522,-1,-1,-1
447,2,685.89,201.63,169.40,507.76,0.8357,-1,-1,-1
447,43,916.65,220.78,121.60,449.65,0.7667,-1,-1,-1
447,49,1139.91,127.11,309.95,823.05,0.9061,-1,-1,-1
447,57,589.97,310.52,88.36,249.23,0.6900,-1,-1,-1
447,59,530.78,352.42,52.22,153.62,0.5005,-1,-1,-1
447,56,1018.07,293.25,83.47,250.14,0.7646,-1,-1,-1
447,61,833.60,296.07,87.41,239.01,0.7572,-1,-1,-1
447,52,1086.85,301.00,68.91,248.54,0.6897,-1,-1,-1
448,2,690.10,201.82,175.18,517.82,0.8418,-1,-1,-1
448,43,923.10,220.05,123.34,453.36,0.7439,-1,-1,-1
448,49,1148.00,136.53,311.86,823.55,0.9052,-1,-1,-1
448,57,591.55,312.33,89.88,248.81,0.6963,-1,-1,-1
448,59,536.23,335.24,52.51,175.06,0.4990,-1,-1,-1
448,56,1026.39,296.26,81.89,250.69,0.7390,-1,-1,-1
448,61,841.13,296.97,85.44,239.52,0.7968,-1,-1,-1
448,52,1095.07,303.82,69.57,247.90,0.6793,-1,-1,-1
449,2,698.84,203.20,172.95,518.19,0.8162,-1,-1,-1
449,43,931.49,218.16,118.69,454.25,0.7734,-1,-1,-1
449,49,1154.22,142.31,313.91,823.88,0.9073,-1,-1,-1
449,57,600.11,314.89,87.03,250.85,0.7450,-1,-1,-1
449,59,541.28,323.06,55.50,189.88,0.5240,-1,-1,-1
449,56,1036.91,297.40,78.29,249.98,0.7118,-1,-1,-1
449,61,846.68,297.87,85.77,239.29,0.7501,-1,-1,-1
449,52,1102.50,313.31,70.27,240.22,0.6746,-1,-1,-1
450,2,706.24,202.34,172.21,514.22,0.8152,-1,-1,-1
450,43,931.28,218.67,119.43,453.54,0.7803,-1,-1,-1
450,49,1162.21,147.46,309.45,827.05,0.9099,-1,-1,-1
450,57,606.18,314.97,84.68,250.99,0.7175,-1,-1,-1
450,59,546.59,325.69,54.47,185.08,0.4894,-1,-1,-1
450,56,1040.36,299.04,79.46,247.85,0.7050,-1,-1,-1
450,61,852.15,298.38,83.37,236.24,0.7162,-1,-1,-1
450,52,1108.02,314.63,71.18,240.24,0.7049,-1,-1,-1
451,2,710.69,201.98,172.40,512.84,0.8243,-1,-1,-1
451,43,939.39,220.48,117.13,447.58,0.7805,-1,-1,-1
451,49,1170.53,151.88,306.22,830.66,0.9031,-1,-1,-1
451,57,606.39,314.99,87.36,253.69,0.7410,-1,-1,-1
451,59,552.40,319.12,54.50,190.92,0.4580,-1,-1,-1
451,56,1050.69,291.88,74.51,253.21,0.6919,-1,-1,-1
451,61,856.53,295.30,88.80,240.41,0.7236,-1,-1,-1
451,52,1116.40,319.20,71.04,236.44,0.6990,-1,-1,-1
452,2,718.95,201.21,167.60,511.18,0.8417,-1,-1,-1
452,43,946.35,220.73,120.53,440.54,0.7663,-1,-1,-1
452,49,1177.72,154.88,306.66,834.30,0.9044,-1,-1,-1
452,57,608.05,315.43,89.47,253.51,0.7351,-1,-1,-1
452,59,558.50,319.33,53.11,186.56,0.4504,-1,-1,-1
452,56,1057.20,294.06,78.40,251.19,0.7422,-1,-1,-1
452,61,858.99,298.06,91.16,237.73,0.7779,-1,-1,-1
452,52,1124.29,317.23,71.27,240.73,0.6752,-1,-1,-1
453,2,726.34,202.86,164.57,512.44,0.8454,-1,-1,-1
453,43,951.96,217.98,122.93,441.37,0.7951,-1,-1,-1
453,49,1185.13,157.83,305.08,838.75,0.9097,-1,-1,-1
453,57,615.40,314.96,84.60,256.15,0.7706,-1,-1,-1
453,59,565.17,313.76,54.63,191.72,0.5484,-1,-1,-1
453,56,1065.36,297.55,77.45,252.37,0.7400,-1,-1,-1
453,61,870.41,297.52,84.78,240.90,0.7866,-1,-1,-1
453,52,1132.19,317.66,69.98,241.17,0.7209,-1,-1,-1
453,62,710.97,256.66,63.35,301.90,0.3681,-1,-1,-1
454,2,733.64,202.53,164.91,512.92,0.8184,-1,-1,-1
454,43,954.58,218.93,129.71,441.49,0.7835,-1,-1,-1
454,49,1192.61,159.97,304.24,841.92,0.9113,-1,-1,-1
454,57,619.79,310.64,85.41,258.22,0.7544,-1,-1,-1
454,59,572.60,319.46,52.97,186.88,0.3954,-1,-1,-1
454,56,1074.58,299.23,77.46,251.69,0.7128,-1,-1,-1
454,61,878.85,298.37,83.90,242.17,0.7316,-1,-1,-1
454,52,1140.54,313.71,70.49,245.68,0.6241,-1,-1,-1
454,62,711.22,256.84,66.55,312.54,0.6269,-1,-1,-1
455,2,738.64,199.43,168.30,519.14,0.8353,-1,-1,-1
455,43,961.82,220.37,128.27,437.23,0.7786,-1,-1,-1
455,49,1197.18,159.24,306.56,843.91,0.9117,-1,-1,-1
455,57,625.91,304.52,83.76,265.33,0.7662,-1,-1,-1
455,59,580.22,315.64,54.08,190.18,0.5628,-1,-1,-1
455,56,1082.73,300.28,75.70,251.55,0.7150,-1,-1,-1
455,61,885.96,302.79,84.29,235.04,0.6951,-1,-1,-1
455,52,1152.12,313.41,67.22,245.95,0.6143,-1,-1,-1
455,62,716.20,257.48,67.20,311.85,0.5842,-1,-1,-1
456,2,749.93,198.80,164.03,520.21,0.8264,-1,-1,-1
456,43,966.13,213.98,128.19,442.54,0.7564,-1,-1,-1
456,49,1201.38,158.38,310.04,838.55,0.9041,-1,-1,-1
456,57,630.57,301.21,84.56,268.94,0.7503,-1,-1,-1
456,59,583.33,316.66,56.24,191.32,0.5161,-1,-1,-1
456,56,1089.73,299.37,74.69,248.47,0.7141,-1,-1,-1
456,61,894.77,300.41,80.69,238.41,0.6622,-1,-1,-1
456,52,1157.87,313.38,66.65,245.67,0.5428,-1,-1,-1
456,62,720.06,255.04,72.94,317.70,0.6253,-1,-1,-1
457,2,760.26,200.53,162.68,519.62,0.8140,-1,-1,-1
457,43,974.43,212.72,124.28,442.08,0.7678,-1,-1,-1
457,49,1205.98,156.82,313.99,836.40,0.9002,-1,-1,-1
457,57,632.68,299.52,89.06,268.49,0.7407,-1,-1,-1
457,59,589.30,308.63,56.82,200.66,0.5269,-1,-1,-1
457,56,1095.09,297.44,76.33,250.26,0.6778,-1,-1,-1
457,61,901.41,298.53,81.22,239.60,0.6763,-1,-1,-1
457,52,1161.02,309.91,68.22,249.10,0.3950,-1,-1,-1
457,62,725.25,251.80,75.81,321.17,0.6755,-1,-1,-1
458,2,768.97,199.89,160.88,518.73,0.8163,-1,-1,-1
458,43,989.11,211.30,120.24,441.12,0.7767,-1,-1,-1
458,49,1208.15,155.26,317.76,834.99,0.8971,-1,-1,-1
458,57,634.84,297.12,90.95,271.11,0.7159,-1,-1,-1
458,59,596.35,307.11,55.26,199.29,0.4871,-1,-1,-1
458,56,1102.39,293.30,73.87,255.35,0.7095,-1,-1,-1
458,61,907.59,297.92,86.18,239.99,0.7447,-1,-1,-1
458,62,727.93,250.19,76.69,319.89,0.7532,-1,-1,-1
459,2,775.88,203.46,159.78,517.02,0.8479,-1,-1,-1
459,43,996.80,206.89,121.49,444.17,0.8079,-1,-1,-1
459,49,1206.53,150.49,329.28,839.76,0.9081,-1,-1,-1
459,57,639.00,296.50,91.48,272.76,0.7247,-1,-1,-1
459,59,599.33,302.82,55.97,202.77,0.4792,-1,-1,-1
459,56,1106.44,293.12,79.15,257.02,0.7439,-1,-1,-1
459,61,912.96,297.25,83.73,238.63,0.7835,-1,-1,-1
459,62,729.91,250.20,77.53,322.54,0.7664,-1,-1,-1
460,2,783.20,203.02,156.41,513.44,0.8533,-1,-1,-1
460,43,997.48,207.10,129.42,444.80,0.7900,-1,-1,-1
460,49,1204.95,143.52,340.53,836.94,0.9100,-1,-1,-1
460,57,640.29,295.50,92.47,272.90,0.7372,-1,-1,-1
460,56,1109.68,294.31,80.23,255.92,0.7269,-1,-1,-1
460,61,920.33,296.01,80.92,238.48,0.7890,-1,-1,-1
460,62,732.26,247.20,79.69,328.24,0.7712,-1,-1,-1
461,2,786.58,202.82,157.38,509.75,0.8304,-1,-1,-1
461,43,1003.04,209.09,126.61,445.18,0.7850,-1,-1,-1
461,49,1203.62,137.78,347.66,833.79,0.9076,-1,-1,-1
461,57,641.82,293.62,92.54,276.04,0.7432,-1,-1,-1
461,56,1110.88,293.32,84.54,254.12,0.7288,-1,-1,-1
461,61,927.31,295.73,79.14,237.44,0.7531,-1,-1,-1
461,62,734.43,243.04,81.36,331.57,0.7554,-1,-1,-1
462,2,788.29,201.59,157.93,508.03,0.8075,-1,-1,-1
462,43,1003.34,208.59,128.02,450.47,0.7936,-1,-1,-1
462,49,1203.04,132.99,352.88,829.96,0.9069,-1,-1,-1
462,57,643.25,292.34,91.72,278.31,0.7776,-1,-1,-1
462,56,1113.64,294.04,84.50,254.11,0.6668,-1,-1,-1
462,61,931.96,295.18,79.68,235.62,0.7295,-1,-1,-1
462,62,736.42,241.91,82.37,330.27,0.7587,-1,-1,-1
462,59,615.12,293.03,48.16,200.26,0.3990,-1,-1,-1
463,2,787.52,198.45,160.17,511.45,0.8201,-1,-1,-1
463,43,1002.72,207.26,130.95,451.49,0.8010,-1,-1,-1
463,49,1203.20,131.37,354.40,822.33,0.9067,-1,-1,-1
463,57,642.71,291.87,91.62,279.05,0.7689,-1,-1,-1
463,56,1117.48,292.19,83.23,252.29,0.6623,-1,-1,-1
463,61,935.50,290.48,79.37,236.12,0.7368,-1,-1,-1
463,62,736.30,239.21,82.06,333.67,0.7515,-1,-1,-1
464,2,783.82,191.30,163.37,511.04,0.8135,-1,-1,-1
464,43,1001.98,205.57,133.91,452.15,0.8048,-1,-1,-1
464,49,1207.79,128.04,349.89,823.50,0.9036,-1,-1,-1
464,57,639.37,289.20,90.82,277.66,0.7707,-1,-1,-1
464,56,1117.61,287.58,82.59,253.95,0.6681,-1,-1,-1
464,61,934.85,284.98,80.23,236.63,0.7360,-1,-1,-1
464,62,734.36,237.98,82.35,333.55,0.7737,-1,-1,-1
464,59,617.09,288.45,47.33,202.88,0.4228,-1,-1,-1
465,2,779.83,185.94,166.27,512.17,0.8149,-1,-1,-1
465,43,1002.02,205.85,134.99,450.97,0.7876,-1,-1,-1
465,49,1209.94,123.49,346.18,829.12,0.9071,-1,-1,-1
465,57,635.83,284.47,91.01,282.86,0.7539,-1,-1,-1
465,56,1122.99,287.18,77.32,252.17,0.6094,-1,-1,-1
465,61,933.92,280.23,80.14,239.06,0.7204,-1,-1,-1
465,62,729.23,233.20,84.81,336.80,0.7613,-1,-1,-1
466,2,774.46,181.10,170.39,512.57,0.8059,-1,-1,-1
466,43,1002.08,204.74,135.91,447.51,0.7771,-1,-1,-1
466,49,1208.40,119.93,347.38,836.91,0.9075,-1,-1,-1
466,57,632.47,282.42,90.18,284.72,0.7077,-1,-1,-1
466,56,1126.19,285.78,72.02,251.65,0.5959,-1,-1,-1
466,61,933.04,276.14,80.75,241.36,0.7318,-1,-1,-1
466,62,725.39,228.61,85.43,339.89,0.7355,-1,-1,-1
467,2,769.82,180.66,177.34,508.89,0.8208,-1,-1,-1
467,43,1002.27,204.61,134.31,449.12,0.7822,-1,-1,-1
467,49,1204.58,119.03,351.27,842.87,0.9090,-1,-1,-1
467,57,624.70,277.83,94.00,291.96,0.7178,-1,-1,-1
467,56,1125.71,283.61,72.03,253.56,0.6249,-1,-1,-1
467,61,931.45,275.04,82.58,242.23,0.7589,-1,-1,-1
467,62,719.05,224.89,88.53,343.87,0.7119,-1,-1,-1
468,2,766.86,179.56,177.26,509.23,0.8275,-1,-1,-1
468,43,999.39,203.94,133.39,450.10,0.7759,-1,-1,-1
468,49,1197.80,117.89,356.53,851.82,0.9128,-1,-1,-1
468,57,618.22,275.37,94.79,296.01,0.7475,-1,-1,-1
468,56,1120.77,280.91,75.55,254.00,0.5713,-1,-1,-1
468,61,929.41,274.71,82.79,242.49,0.7661,-1,-1,-1
468,62,713.41,220.50,88.72,351.76,0.7289,-1,-1,-1
469,2,764.02,179.60,175.63,507.55,0.8289,-1,-1,-1
469,43,998.17,203.46,130.60,445.72,0.7852,-1,-1,-1
469,49,1193.68,117.43,359.20,860.62,0.9112,-1,-1,-1
469,57,612.57,270.14,92.57,301.72,0.8041,-1,-1,-1
469,56,1113.76,279.87,82.20,254.56,0.5768,-1,-1,-1
469,61,925.68,272.94,84.39,243.51,0.7714,-1,-1,-1
469,62,707.00,218.24,87.41,354.81,0.7503,-1,-1,-1
470,2,761.88,176.92,177.27,512.91,0.8398,-1,-1,-1
470,43,995.65,200.16,132.02,447.49,0.8002,-1,-1,-1
470,49,1190.19,118.14,359.30,865.46,0.9142,-1,-1,-1
470,57,602.37,267.80,97.71,303.49,0.7812,-1,-1,-1
470,56,1110.95,277.96,82.69,257.10,0.6244,-1,-1,-1
470,61,922.53,272.63,82.79,243.27,0.7862,-1,-1,-1
470,62,702.26,215.91,89.34,357.67,0.7713,-1,-1,-1
471,2,759.93,175.38,176.01,513.19,0.8405,-1,-1,-1
471,43,993.91,196.94,131.26,449.96,0.7971,-1,-1,-1
471,49,1183.34,118.05,364.54,874.62,0.9087,-1,-1,-1
471,57,595.19,265.32,98.07,307.31,0.7758,-1,-1,-1
471,56,1106.52,273.95,81.72,260.06,0.5644,-1,-1,-1
471,61,918.20,272.73,84.35,243.57,0.8015,-1,-1,-1
471,62,693.58,213.34,92.33,359.83,0.7392,-1,-1,-1
472,2,754.89,173.87,177.07,512.80,0.8625,-1,-1,-1
472,43,991.19,196.44,131.39,449.91,0.7829,-1,-1,-1
472,49,1183.37,118.13,360.64,876.37,0.9108,-1,-1,-1
472,57,590.10,264.14,98.54,308.39,0.8215,-1,-1,-1
472,56,1103.88,271.27,82.15,264.30,0.6575,-1,-1,-1
472,61,916.58,271.50,83.17,243.41,0.8048,-1,-1,-1
472,62,686.30,209.44,96.20,362.34,0.7863,-1,-1,-1
473,2,755.22,174.02,176.08,513.58,0.8754,-1,-1,-1
473,43,988.53,196.21,129.24,450.38,0.7749,-1,-1,-1
473,49,1183.33,117.69,357.68,874.16,0.9105,-1,-1,-1
473,57,585.21,262.42,98.50,310.57,0.8205,-1,-1,-1
473,56,1102.74,270.78,85.05,265.85,0.6941,-1,-1,-1
473,61,916.10,272.14,81.89,242.83,0.7932,-1,-1,-1
473,62,680.39,206.50,99.88,364.99,0.8141,-1,-1,-1
474,2,756.98,175.03,174.34,513.60,0.8764,-1,-1,-1
474,43,986.65,195.34,127.73,450.26,0.7775,-1,-1,-1
474,49,1185.06,115.18,352.12,867.87,0.9124,-1,-1,-1
474,57,581.02,261.29,96.27,311.30,0.8550,-1,-1,-1
474,56,1100.79,269.11,83.03,267.87,0.7443,-1,-1,-1
474,61,915.80,273.60,79.82,242.86,0.7573,-1,-1,-1
474,62,675.05,205.21,103.43,368.87,0.8076,-1,-1,-1
475,2,757.90,175.21,174.98,513.86,0.8670,-1,-1,-1
475,43,987.28,195.57,119.87,441.06,0.7674,-1,-1,-1
475,49,1185.33,112.15,350.35,862.80,0.9117,-1,-1,-1
475,57,575.20,259.64,97.26,312.12,0.8384,-1,-1,-1
475,56,1097.28,266.76,81.37,268.19,0.7513,-1,-1,-1
475,61,916.21,275.77,79.27,239.11,0.7596,-1,-1,-1
475,62,668.27,203.27,107.18,371.44,0.8244,-1,-1,-1
476,2,759.10,175.88,176.27,512.80,0.8655,-1,-1,-1
476,43,984.89,194.47,116.98,436.20,0.7694,-1,-1,-1
476,49,1187.14,107.62,349.01,861.98,0.9087,-1,-1,-1
476,57,571.21,258.33,95.11,314.01,0.8238,-1,-1,-1
476,56,1097.65,264.10,77.89,270.56,0.7604,-1,-1,-1
476,61,917.92,276.76,75.63,235.65,0.7492,-1,-1,-1
476,62,662.65,202.40,110.48,374.62,0.8287,-1,-1,-1
477,2,763.07,177.88,174.98,511.47,0.8643,-1,-1,-1
477,43,983.91,194.82,115.55,434.19,0.7660,-1,-1,-1
477,49,1189.86,104.56,346.93,858.01,0.9085,-1,-1,-1
477,57,569.31,260.50,94.68,315.69,0.8306,-1,-1,-1
477,56,1098.46,263.93,76.27,272.07,0.7607,-1,-1,-1
477,61,919.26,279.80,73.73,233.54,0.7562,-1,-1,-1
477,62,658.09,203.39,114.32,378.62,0.8371,-1,-1,-1
478,2,767.84,179.93,173.63,509.98,0.8513,-1,-1,-1
478,43,982.06,196.24,116.40,433.97,0.7656,-1,-1,-1
478,49,1190.80,103.12,348.10,848.81,0.9091,-1,-1,-1
478,57,561.36,263.60,98.89,321.04,0.8093,-1,-1,-1
478,56,1097.16,265.82,77.16,272.56,0.7682,-1,-1,-1
478,61,920.94,280.79,72.06,235.15,0.6693,-1,-1,-1
478,62,654.44,205.70,117.26,383.86,0.8426,-1,-1,-1
479,2,773.21,179.86,172.73,507.84,0.8615,-1,-1,-1
479,43,980.16,196.45,120.14,433.27,0.7522,-1,-1,-1
479,49,1192.30,101.88,348.97,842.28,0.9118,-1,-1,-1
479,57,553.23,262.90,105.38,324.54,0.8061,-1,-1,-1
479,56,1097.33,265.90,76.63,273.54,0.7660,-1,-1,-1
479,61,919.20,252.87,78.21,265.77,0.5586,-1,-1,-1
479,62,651.94,205.87,120.58,387.32,0.8356,-1,-1,-1
480,2,776.91,180.98,174.12,504.62,0.8563,-1,-1,-1
480,43,979.59,195.57,121.13,440.86,0.7589,-1,-1,-1
480,49,1194.38,101.47,349.60,842.80,0.9095,-1,-1,-1
480,57,548.40,264.12,107.00,327.87,0.8075,-1,-1,-1
480,56,1097.47,266.36,77.30,275.97,0.7605,-1,-1,-1
480,61,919.43,240.51,79.42,278.59,0.4914,-1,-1,-1
480,62,648.42,206.38,126.66,390.19,0.8168,-1,-1,-1
481,2,781.40,182.96,172.36,501.30,0.8588,-1,-1,-1
481,43,979.61,196.61,122.94,446.73,0.7733,-1,-1,-1
481,49,1196.92,103.08,350.19,848.94,0.9125,-1,-1,-1
481,57,545.14,267.34,108.24,329.79,0.8047,-1,-1,-1
481,56,1097.68,271.26,79.05,273.33,0.7872,-1,-1,-1
481,61,924.75,264.27,73.42,253.79,0.3701,-1,-1,-1
481,62,647.31,208.04,131.20,393.75,0.8177,-1,-1,-1
482,2,785.63,186.49,175.21,501.91,0.8504,-1,-1,-1
482,43,979.36,199.99,124.99,444.23,0.7634,-1,-1,-1
482,49,1200.06,107.02,353.49,854.76,0.9113,-1,-1,-1
482,57,544.10,272.54,108.50,329.70,0.7955,-1,-1,-1
482,56,1098.47,275.68,80.20,271.74,0.7677,-1,-1,-1
482,62,648.78,211.38,133.10,395.72,0.8244,-1,-1,-1
483,2,789.42,184.23,176.94,505.61,0.8504,-1,-1,-1
483,43,981.92,200.40,128.73,446.31,0.7990,-1,-1,-1
483,49,1202.41,107.89,355.61,860.41,0.9092,-1,-1,-1
483,57,545.15,271.63,106.81,331.92,0.7802,-1,-1,-1
483,56,1101.09,274.84,83.74,274.27,0.7716,-1,-1,-1
483,62,649.53,210.41,136.59,398.11,0.8170,-1,-1,-1
484,2,797.84,183.67,172.74,508.22,0.8525,-1,-1,-1
484,43,986.55,202.79,126.94,448.20,0.8213,-1,-1,-1
484,49,1205.16,111.34,355.03,865.96,0.9080,-1,-1,-1
484,57,546.35,270.42,104.66,337.35,0.7710,-1,-1,-1
484,56,1103.15,275.67,86.81,274.61,0.7832,-1,-1,-1
484,62,650.72,209.39,134.24,403.38,0.8116,-1,-1,-1
485,2,805.63,188.99,171.92,502.95,0.8442,-1,-1,-1
485,43,993.03,206.76,123.87,449.54,0.8210,-1,-1,-1
485,49,1209.04,114.14,354.79,876.87,0.9015,-1,-1,-1
485,57,545.60,271.86,106.65,341.57,0.7962,-1,-1,-1
485,56,1105.91,275.91,86.52,278.08,0.7897,-1,-1,-1
485,62,652.79,208.85,131.54,410.45,0.8024,-1,-1,-1
486,2,812.39,191.92,171.55,505.11,0.8459,-1,-1,-1
486,43,998.92,210.97,121.73,448.86,0.8143,-1,-1,-1
486,49,1216.27,118.82,350.47,885.87,0.9044,-1,-1,-1
486,57,546.13,272.30,108.99,345.56,0.7992,-1,-1,-1
486,56,1107.03,279.44,94.08,277.36,0.7854,-1,-1,-1
486,62,655.39,208.80,135.28,413.16,0.8148,-1,-1,-1
487,2,820.17,195.61,171.13,510.14,0.8609,-1,-1,-1
487,43,1005.35,217.30,121.02,448.98,0.7954,-1,-1,-1
487,49,1223.43,128.46,348.73,891.18,0.9047,-1,-1,-1
487,57,544.94,271.58,111.48,351.01,0.8125,-1,-1,-1
487,56,1113.22,283.48,93.70,279.54,0.7876,-1,-1,-1
487,62,658.03,209.83,144.53,417.98,0.8055,-1,-1,-1
488,2,826.39,202.03,172.66,509.92,0.8573,-1,-1,-1
488,43,1007.46,222.29,123.93,449.00,0.8017,-1,-1,-1
488,49,1227.38,137.34,347.28,893.79,0.9044,-1,-1,-1
488,57,544.86,272.37,112.73,354.74,0.8075,-1,-1,-1
488,56,1118.78,286.62,93.36,278.76,0.7799,-1,-1,-1
488,62,660.84,211.52,146.61,419.91,0.8048,-1,-1,-1
489,2,833.98,206.53,175.74,510.15,0.8523,-1,-1,-1
489,43,1012.37,228.21,121.44,443.83,0.7789,-1,-1,-1
489,49,1229.66,142.34,346.34,893.92,0.9078,-1,-1,-1
489,57,543.46,271.10,116.29,359.65,0.7907,-1,-1,-1
489,56,1127.53,292.03,89.94,278.06,0.7963,-1,-1,-1
489,62,663.10,211.83,151.73,422.19,0.8042,-1,-1,-1
490,2,839.51,212.89,176.96,508.85,0.8672,-1,-1,-1
490,43,1015.13,230.19,122.72,446.59,0.7751,-1,-1,-1
490,49,1231.30,144.48,348.75,892.15,0.9106,-1,-1,-1
490,57,538.14,271.93,125.72,363.04,0.7834,-1,-1,-1
490,56,1132.48,296.43,90.45,275.18,0.8022,-1,-1,-1
490,62,664.39,213.10,153.73,426.41,0.7998,-1,-1,-1
491,2,844.42,218.04,177.83,508.29,0.8650,-1,-1,-1
491,43,1016.41,229.99,122.93,447.71,0.7798,-1,-1,-1
491,49,1229.91,144.78,353.01,894.13,0.9101,-1,-1,-1
491,57,532.90,272.88,131.31,365.64,0.7804,-1,-1,-1
491,56,1135.53,300.04,92.13,273.86,0.8188,-1,-1,-1
491,62,664.64,213.69,158.15,429.80,0.8141,-1,-1,-1
492,2,848.12,223.73,177.71,507.42,0.8460,-1,-1,-1
492,43,1015.09,232.16,125.12,450.44,0.7853,-1,-1,-1
492,49,1226.81,143.70,362.79,894.76,0.9084,-1,-1,-1
492,57,527.66,273.43,139.18,367.16,0.8083,-1,-1,-1
492,56,1136.60,303.98,95.01,274.55,0.8235,-1,-1,-1
492,62,665.37,213.90,158.75,432.48,0.8303,-1,-1,-1
493,2,851.08,229.94,174.55,505.76,0.8309,-1,-1,-1
493,43,1015.16,233.27,127.27,452.09,0.8115,-1,-1,-1
493,49,1224.03,139.62,362.10,901.30,0.8988,-1,-1,-1
493,57,523.26,274.34,143.08,369.39,0.7978,-1,-1,-1
493,56,1136.07,308.49,98.75,273.01,0.8216,-1,-1,-1
493,62,661.42,213.83,160.65,436.12,0.8135,-1,-1,-1
494,2,854.83,231.29,173.88,498.09,0.8308,-1,-1,-1
494,43,1014.50,233.80,127.58,449.53,0.8162,-1,-1,-1
494,49,1219.51,136.00,356.03,895.61,0.8984,-1,-1,-1
494,57,519.41,275.21,145.34,374.88,0.8202,-1,-1,-1
494,56,1134.81,310.90,101.75,272.06,0.7904,-1,-1,-1
494,62,659.64,213.38,159.71,442.55,0.8268,-1,-1,-1
495,2,858.22,231.29,172.16,496.35,0.8385,-1,-1,-1
495,43,1010.49,234.51,128.94,448.02,0.8094,-1,-1,-1
495,49,1214.41,132.90,355.21,888.96,0.9057,-1,-1,-1
495,57,515.16,277.01,146.55,379.39,0.7914,-1,-1,-1
495,56,1135.64,312.46,100.76,273.47,0.7831,-1,-1,-1
495,62,655.44,213.03,162.36,449.87,0.8195,-1,-1,-1
496,2,859.82,230.57,172.73,495.58,0.8126,-1,-1,-1
496,43,1009.68,234.67,129.22,445.93,0.8063,-1,-1,-1
496,49,1213.09,128.75,353.19,882.95,0.9091,-1,-1,-1
496,57,511.60,279.83,145.84,382.19,0.8007,-1,-1,-1
496,56,1139.15,312.83,98.52,274.80,0.7659,-1,-1,-1
496,62,646.69,213.13,170.81,454.59,0.8373,-1,-1,-1
497,2,860.56,229.99,174.40,476.61,0.8111,-1,-1,-1
497,43,1008.55,234.18,129.71,446.18,0.8103,-1,-1,-1
497,49,1211.49,123.24,352.81,885.46,0.9162,-1,-1,-1
497,57,508.11,282.00,145.50,384.51,0.8176,-1,-1,-1
497,56,1140.71,312.71,97.83,277.57,0.7445,-1,-1,-1
497,62,639.10,212.83,177.50,457.05,0.8461,-1,-1,-1
498,2,860.05,229.61,176.88,462.06,0.8131,-1,-1,-1
498,43,1007.36,235.00,130.24,446.87,0.8242,-1,-1,-1
498,49,1209.63,119.25,353.37,893.60,0.9115,-1,-1,-1
498,57,505.50,284.99,141.34,384.29,0.8260,-1,-1,-1
498,56,1141.13,312.77,97.75,279.06,0.7723,-1,-1,-1
498,62,634.02,212.67,179.09,460.60,0.8764,-1,-1,-1
499,2,859.55,228.08,178.36,480.40,0.8189,-1,-1,-1
499,43,1006.90,233.54,129.80,448.77,0.8059,-1,-1,-1
499,49,1209.60,115.78,352.56,903.40,0.9119,-1,-1,-1
499,57,498.72,286.67,143.83,387.19,0.8103,-1,-1,-1
499,56,1142.42,312.10,96.38,282.17,0.7388,-1,-1,-1
499,62,629.09,213.49,176.68,464.00,0.8769,-1,-1,-1
500,2,859.28,227.01,177.37,484.82,0.8309,-1,-1,-1
500,43,1007.08,232.81,127.21,452.21,0.8011,-1,-1,-1
500,49,1207.44,114.10,354.10,914.85,0.9101,-1,-1,-1
500,57,492.79,288.86,143.35,390.92,0.8254,-1,-1,-1
500,56,1141.23,312.47,97.27,284.90,0.7397,-1,-1,-1
500,62,624.00,213.49,173.97,471.32,0.8412,-1,-1,-1
501,2,857.94,226.83,179.02,489.47,0.8407,-1,-1,-1
501,43,1006.69,233.06,127.27,453.57,0.8121,-1,-1,-1
501,49,1206.93,113.43,354.15,924.00,0.9116,-1,-1,-1
501,57,486.30,285.22,143.92,398.15,0.8323,-1,-1,-1
501,56,1142.31,312.23,96.08,284.96,0.7571,-1,-1,-1
501,62,620.60,212.17,171.85,480.35,0.8423,-1,-1,-1
502,2,857.95,227.25,180.40,489.07,0.8465,-1,-1,-1
502,43,1004.15,234.42,128.48,453.46,0.8182,-1,-1,-1
502,49,1207.16,113.30,353.34,930.16,0.9147,-1,-1,-1
502,57,480.03,283.73,142.45,404.33,0.8263,-1,-1,-1
502,56,1141.61,311.59,96.88,284.24,0.7961,-1,-1,-1
502,62,615.42,212.49,174.61,484.90,0.8389,-1,-1,-1
503,2,855.51,225.54,180.19,494.40,0.8427,-1,-1,-1
503,43,1001.42,234.41,130.72,450.68,0.8122,-1,-1,-1
503,49,1206.79,113.86,352.45,934.19,0.9157,-1,-1,-1
503,57,470.82,278.83,142.70,410.43,0.8174,-1,-1,-1
503,56,1138.67,309.36,97.13,285.20,0.8153,-1,-1,-1
503,62,608.50,207.58,168.69,488.59,0.8485,-1,-1,-1
504,2,852.68,224.12,182.48,493.21,0.8407,-1,-1,-1
504,43,1000.71,232.95,129.51,449.27,0.8056,-1,-1,-1
504,49,1205.85,114.35,352.71,938.64,0.9172,-1,-1,-1
504,57,461.87,274.91,144.75,415.13,0.8151,-1,-1,-1
504,56,1136.83,305.88,98.49,288.13,0.8100,-1,-1,-1
504,62,601.36,198.53,168.94,498.74,0.8539,-1,-1,-1
505,2,853.69,224.05,183.50,495.44,0.8217,-1,-1,-1
505,43,1002.92,230.47,122.41,449.38,0.7633,-1,-1,-1
505,49,1206.54,114.25,352.89,942.94,0.9195,-1,-1,-1
505,57,452.21,270.11,145.20,421.89,0.8092,-1,-1,-1
505,56,1135.37,302.82,98.13,288.65,0.8120,-1,-1,-1
505,62,591.69,194.92,172.55,504.41,0.8639,-1,-1,-1
506,2,853.75,223.51,183.94,501.24,0.8192,-1,-1,-1
506,43,1002.01,231.16,120.16,442.83,0.7543,-1,-1,-1
506,49,1206.48,112.97,353.94,945.94,0.9161,-1,-1,-1
506,57,441.48,266.74,151.12,427.59,0.8197,-1,-1,-1
506,56,1130.50,299.48,103.03,290.20,0.8077,-1,-1,-1
506,62,582.59,189.24,170.64,508.48,0.8524,-1,-1,-1
507,2,854.98,224.50,181.88,504.34,0.8122,-1,-1,-1
507,43,1000.32,232.34,119.01,441.02,0.7591,-1,-1,-1
507,49,1208.34,111.76,352.71,939.32,0.9159,-1,-1,-1
507,57,432.07,263.51,151.40,434.27,0.8505,-1,-1,-1
507,56,1128.76,297.62,103.23,291.00,0.8150,-1,-1,-1
507,62,573.33,186.78,170.60,509.60,0.8499,-1,-1,-1
508,2,853.62,227.67,178.51,500.58,0.8230,-1,-1,-1
508,43,1001.47,228.67,111.33,445.11,0.7305,-1,-1,-1
508,49,1209.48,108.21,350.83,936.09,0.9172,-1,-1,-1
508,57,418.90,259.87,151.34,439.68,0.8384,-1,-1,-1
508,56,1130.24,295.90,99.50,290.76,0.7945,-1,-1,-1
508,62,562.79,181.38,170.51,518.19,0.8464,-1,-1,-1
509,2,853.05,228.14,175.40,495.33,0.8009,-1,-1,-1
509,43,1000.93,226.91,100.93,448.16,0.7384,-1,-1,-1
509,49,1208.74,104.56,349.60,935.60,0.9159,-1,-1,-1
509,57,407.89,255.90,150.74,444.19,0.8459,-1,-1,-1
509,56,1126.92,294.65,97.66,290.24,0.7947,-1,-1,-1
509,62,550.59,175.41,172.88,526.13,0.8655,-1,-1,-1
510,2,850.51,228.26,173.98,490.81,0.7938,-1,-1,-1
510,43,997.73,227.02,98.47,448.25,0.7134,-1,-1,-1
510,49,1206.18,100.81,355.39,934.08,0.9113,-1,-1,-1
510,57,393.90,254.43,151.07,450.22,0.8395,-1,-1,-1
510,56,1121.68,292.99,98.49,290.75,0.8059,-1,-1,-1
510,62,536.73,171.06,178.15,534.35,0.8798,-1,-1,-1
510,64,1077.49,309.79,51.18,207.68,0.4561,-1,-1,-1
511,2,855.51,226.39,165.31,485.91,0.7536,-1,-1,-1
511,43,993.19,221.11,99.64,456.33,0.6836,-1,-1,-1
511,49,1203.58,94.91,359.29,925.63,0.9118,-1,-1,-1
511,57,377.00,252.03,157.61,459.37,0.8520,-1,-1,-1
511,56,1118.44,289.46,97.86,293.84,0.8114,-1,-1,-1
511,62,523.36,169.70,179.46,538.07,0.8654,-1,-1,-1
511,64,1071.19,310.26,57.31,205.34,0.5248,-1,-1,-1
512,2,855.55,221.44,161.79,482.72,0.7486,-1,-1,-1
512,43,990.10,217.21,100.85,462.60,0.6845,-1,-1,-1
512,49,1203.21,88.48,356.95,912.62,0.9077,-1,-1,-1
512,57,363.37,251.04,159.66,468.52,0.8265,-1,-1,-1
512,56,1114.46,285.51,98.04,296.56,0.7847,-1,-1,-1
512,62,511.44,167.79,183.21,546.04,0.8665,-1,-1,-1
512,64,1066.98,307.72,59.51,202.55,0.4564,-1,-1,-1
513,2,852.78,215.84,161.29,482.67,0.8258,-1,-1,-1
513,43,988.68,219.30,88.77,455.50,0.6102,-1,-1,-1
513,49,1205.22,83.00,353.80,903.06,0.9028,-1,-1,-1
513,57,350.99,246.64,161.80,478.89,0.8543,-1,-1,-1
513,56,1111.66,283.04,98.01,296.76,0.7458,-1,-1,-1
513,62,500.90,162.11,188.10,557.71,0.8584,-1,-1,-1
513,64,1061.35,307.81,63.28,203.17,0.5035,-1,-1,-1
514,2,851.42,207.70,159.84,486.21,0.7774,-1,-1,-1
514,43,987.32,213.68,88.68,453.20,0.6746,-1,-1,-1
514,49,1208.84,75.24,350.80,899.54,0.9054,-1,-1,-1
514,57,340.71,245.93,164.76,478.96,0.8290,-1,-1,-1
514,56,1108.87,278.16,99.71,297.50,0.7837,-1,-1,-1
514,62,488.88,157.64,195.25,569.54,0.8477,-1,-1,-1
514,64,1059.00,300.89,63.43,210.97,0.4241,-1,-1,-1
515,2,850.81,204.38,158.41,486.14,0.7921,-1,-1,-1
515,43,987.33,210.68,88.94,453.19,0.6656,-1,-1,-1
515,49,1212.33,68.73,347.67,903.07,0.9066,-1,-1,-1
515,57,329.51,244.86,168.62,482.20,0.8546,-1,-1,-1
515,56,1105.65,274.50,101.45,298.80,0.8049,-1,-1,-1
515,62,480.25,154.63,197.80,579.28,0.8479,-1,-1,-1
515,64,1056.94,294.65,60.14,219.02,0.4458,-1,-1,-1
516,2,849.65,201.59,158.35,486.32,0.8173,-1,-1,-1
516,43,987.49,206.00,88.11,450.04,0.6717,-1,-1,-1
516,49,1216.07,62.83,343.91,908.03,0.9067,-1,-1,-1
516,57,318.45,243.85,172.75,490.26,0.8639,-1,-1,-1
516,56,1104.79,272.29,101.08,299.18,0.8176,-1,-1,-1
516,62,470.59,151.12,204.30,586.29,0.8653,-1,-1,-1
516,64,1054.46,294.66,61.22,217.48,0.4492,-1,-1,-1
517,2,851.27,199.23,155.79,488.89,0.8158,-1,-1,-1
517,43,988.24,204.14,85.27,441.86,0.6631,-1,-1,-1
517,49,1219.52,59.70,341.74,916.55,0.9086,-1,-1,-1
517,57,308.99,241.02,172.89,502.52,0.8546,-1,-1,-1
517,56,1105.68,270.92,101.23,300.82,0.8210,-1,-1,-1
517,62,464.49,150.41,208.56,595.50,0.8866,-1,-1,-1
517,64,1054.88,295.22,61.43,214.95,0.5299,-1,-1,-1
518,2,852.62,197.63,153.42,491.88,0.7923,-1,-1,-1
518,43,988.51,201.81,82.45,438.33,0.6678,-1,-1,-1
518,49,1220.94,57.36,341.25,926.98,0.9090,-1,-1,-1
518,57,299.43,236.48,174.31,515.62,0.8636,-1,-1,-1
518,56,1104.35,269.06,103.83,304.25,0.8106,-1,-1,-1
518,62,458.58,147.67,212.81,605.11,0.8800,-1,-1,-1
518,64,1054.01,289.88,58.15,218.50,0.4935,-1,-1,-1
519,2,852.37,196.02,153.77,493.81,0.7936,-1,-1,-1
519,43,988.32,199.32,81.23,436.98,0.6409,-1,-1,-1
519,49,1221.90,56.21,340.70,933.13,0.9035,-1,-1,-1
519,57,290.45,231.33,176.84,527.89,0.8635,-1,-1,-1
519,56,1102.13,265.06,106.43,307.65,0.8084,-1,-1,-1
519,62,451.82,143.64,217.49,615.09,0.8662,-1,-1,-1
519,64,1055.35,290.07,57.43,220.40,0.5483,-1,-1,-1
520,2,853.97,193.98,152.69,495.72,0.7847,-1,-1,-1
520,43,988.37,196.78,80.89,438.57,0.6349,-1,-1,-1
520,49,1226.59,55.12,337.94,941.15,0.9025,-1,-1,-1
520,57,279.78,226.51,181.77,535.84,0.8732,-1,-1,-1
520,56,1102.82,264.38,107.53,306.35,0.8028,-1,-1,-1
520,62,447.16,139.73,222.14,624.19,0.8580,-1,-1,-1
520,64,1056.46,286.56,54.73,221.80,0.5421,-1,-1,-1
521,2,857.77,196.37,150.78,496.30,0.7859,-1,-1,-1
521,43,990.72,196.83,80.85,439.63,0.6698,-1,-1,-1
521,49,1232.04,58.10,335.82,947.05,0.9022,-1,-1,-1
521,57,273.47,227.10,184.64,538.70,0.8842,-1,-1,-1
521,56,1107.71,264.70,108.41,307.14,0.7963,-1,-1,-1
521,62,445.77,136.29,225.37,631.73,0.8568,-1,-1,-1
521,64,1059.93,293.66,55.99,215.29,0.5819,-1,-1,-1
522,2,859.53,196.97,150.31,493.86,0.8086,-1,-1,-1
522,43,990.90,194.92,80.95,441.23,0.6511,-1,-1,-1
522,49,1234.89,56.74,331.23,954.89,0.9047,-1,-1,-1
522,57,266.14,222.98,187.55,545.17,0.8767,-1,-1,-1
522,56,1108.98,261.97,107.64,307.09,0.7992,-1,-1,-1
522,62,442.79,130.35,228.71,639.49,0.8674,-1,-1,-1
522,64,1060.53,286.25,56.17,216.11,0.5760,-1,-1,-1
523,2,863.19,196.30,148.48,493.11,0.8158,-1,-1,-1
523,43,991.32,192.74,81.67,445.15,0.6679,-1,-1,-1
523,49,1236.29,54.30,326.59,963.29,0.9078,-1,-1,-1
523,57,256.15,217.41,195.47,552.92,0.8786,-1,-1,-1
523,56,1109.04,259.38,109.10,306.16,0.7868,-1,-1,-1
523,62,437.35,120.13,233.63,652.88,0.8748,-1,-1,-1
523,64,1060.79,284.43,58.76,215.75,0.6369,-1,-1,-1
524,2,868.77,197.97,145.74,492.11,0.8325,-1,-1,-1
524,43,994.05,196.37,79.82,449.11,0.6185,-1,-1,-1
524,49,1237.93,53.44,323.59,963.96,0.9067,-1,-1,-1
524,57,248.92,215.25,200.48,561.57,0.8795,-1,-1,-1
524,56,1107.99,258.39,112.49,306.88,0.7970,-1,-1,-1
524,62,433.50,117.24,237.35,659.64,0.8761,-1,-1,-1
524,64,1061.04,282.36,61.02,217.04,0.6624,-1,-1,-1
525,2,873.48,199.32,147.79,491.18,0.8534,-1,-1,-1
525,43,995.84,200.14,82.53,442.15,0.5593,-1,-1,-1
525,49,1238.21,49.88,326.15,966.70,0.9048,-1,-1,-1
525,57,241.50,212.84,203.56,567.46,0.8767,-1,-1,-1
525,56,1111.48,256.94,114.11,307.25,0.8081,-1,-1,-1
525,62,432.19,113.09,241.45,667.37,0.8757,-1,-1,-1
525,64,1064.80,280.65,61.82,218.67,0.6511,-1,-1,-1
526,2,878.41,199.69,148.81,493.14,0.8613,-1,-1,-1
526,43,997.84,202.05,86.07,444.68,0.5388,-1,-1,-1
526,49,1241.50,48.44,327.09,966.71,0.9025,-1,-1,-1
526,57,233.50,210.53,206.53,574.60,0.8671,-1,-1,-1
526,56,1114.89,256.26,116.90,310.23,0.8281,-1,-1,-1
526,62,429.79,110.76,247.25,672.89,0.8780,-1,-1,-1
526,64,1069.66,278.20,60.45,220.96,0.7115,-1,-1,-1
527,2,881.80,200.76,150.34,492.18,0.8386,-1,-1,-1
527,43,998.94,203.80,89.25,447.25,0.6063,-1,-1,-1
527,49,1245.71,49.10,325.73,964.85,0.9087,-1,-1,-1
527,57,225.88,206.57,207.80,583.88,0.8560,-1,-1,-1
527,56,1118.05,258.37,119.06,309.76,0.8428,-1,-1,-1
527,62,425.86,110.09,254.13,676.35,0.8747,-1,-1,-1
527,64,1072.88,278.83,62.18,224.25,0.7561,-1,-1,-1
528,2,881.21,200.37,154.85,492.95,0.8258,-1,-1,-1
528,43,1000.57,203.70,91.64,450.27,0.5889,-1,-1,-1
528,49,1245.51,47.33,329.59,965.31,0.9093,-1,-1,-1
528,57,222.39,205.62,209.69,590.53,0.8463,-1,-1,-1
528,56,1124.67,260.07,114.51,310.50,0.8397,-1,-1,-1
528,62,421.37,107.89,259.68,682.57,0.8841,-1,-1,-1
528,64,1078.29,278.49,62.73,225.04,0.7222,-1,-1,-1
529,2,879.78,199.63,156.90,491.05,0.8119,-1,-1,-1
529,43,1003.10,203.90,90.60,452.12,0.6234,-1,-1,-1
529,49,1245.27,47.77,332.91,958.71,0.9104,-1,-1,-1
529,57,220.63,205.45,210.60,605.46,0.8253,-1,-1,-1
529,56,1132.19,261.60,110.44,311.65,0.8126,-1,-1,-1
529,62,416.89,104.85,267.51,692.72,0.8815,-1,-1,-1
529,64,1084.48,282.63,60.11,226.26,0.7215,-1,-1,-1
530,2,887.65,197.91,148.17,490.98,0.7797,-1,-1,-1
530,43,1008.16,207.44,88.20,452.18,0.7038,-1,-1,-1
530,49,1248.12,48.85,338.71,946.13,0.9049,-1,-1,-1
530,57,213.90,205.31,216.54,624.92,0.8275,-1,-1,-1
530,56,1137.37,262.38,108.36,313.45,0.8000,-1,-1,-1
530,62,407.14,101.52,278.54,709.37,0.8806,-1,-1,-1
530,64,1089.34,293.50,61.14,215.01,0.6524,-1,-1,-1
531,2,882.92,196.67,155.18,491.38,0.7960,-1,-1,-1
531,43,1011.30,207.71,91.15,457.07,0.7153,-1,-1,-1
531,49,1249.85,49.23,342.90,940.57,0.9107,-1,-1,-1
531,57,208.66,207.22,218.36,635.37,0.8439,-1,-1,-1
531,56,1143.76,264.78,106.60,312.46,0.8074,-1,-1,-1
531,62,402.44,95.66,283.46,734.92,0.8831,-1,-1,-1
531,64,1094.29,294.20,63.13,213.95,0.7247,-1,-1,-1
532,2,887.14,197.84,155.89,488.28,0.8205,-1,-1,-1
532,43,1014.21,203.85,91.83,461.56,0.6439,-1,-1,-1
532,49,1251.83,47.92,347.04,946.60,0.9081,-1,-1,-1
532,57,203.00,209.63,221.98,638.28,0.8573,-1,-1,-1
532,56,1147.57,265.32,106.00,313.79,0.8129,-1,-1,-1
532,62,397.39,92.26,288.65,754.06,0.8872,-1,-1,-1
532,64,1099.59,294.59,61.37,215.59,0.7336,-1,-1,-1
533,2,892.30,199.70,154.29,486.40,0.8351,-1,-1,-1
533,43,1016.60,203.57,92.19,461.11,0.7141,-1,-1,-1
533,49,1253.94,48.13,352.81,952.46,0.9008,-1,-1,-1
533,57,197.58,212.45,222.65,642.90,0.8669,-1,-1,-1
533,56,1151.96,268.50,105.52,314.88,0.8024,-1,-1,-1
533,62,389.94,90.42,296.38,763.91,0.8827,-1,-1,-1
533,64,1103.57,288.59,61.75,222.60,0.6586,-1,-1,-1
534,2,895.81,200.93,153.52,493.17,0.8349,-1,-1,-1
534,43,1017.18,199.82,92.00,465.35,0.6615,-1,-1,-1
534,49,1259.47,45.42,357.21,962.61,0.9035,-1,-1,-1
534,57,189.13,214.82,222.91,645.61,0.8753,-1,-1,-1
534,56,1154.97,269.96,106.31,316.24,0.7684,-1,-1,-1
534,62,381.79,89.10,303.19,768.61,0.8852,-1,-1,-1
534,64,1106.78,287.56,63.59,229.54,0.5998,-1,-1,-1
535,2,896.98,203.52,153.55,493.18,0.8422,-1,-1,-1
535,43,1018.27,199.23,93.84,470.71,0.6857,-1,-1,-1
535,49,1263.27,43.55,358.13,974.11,0.9082,-1,-1,-1
535,57,179.84,211.35,227.03,669.05,0.8801,-1,-1,-1
535,56,1154.88,270.05,110.84,317.29,0.7876,-1,-1,-1
535,62,374.28,86.20,305.55,779.12,0.8757,-1,-1,-1
535,64,1107.83,288.50,61.25,231.49,0.4044,-1,-1,-1
536,2,899.73,204.63,152.34,494.31,0.8320,-1,-1,-1
536,43,1019.06,197.32,93.16,469.78,0.7118,-1,-1,-1
536,49,1263.73,41.74,364.17,984.36,0.9050,-1,-1,-1
536,57,168.41,208.86,232.64,681.78,0.8808,-1,-1,-1
536,56,1155.32,269.64,111.83,317.99,0.8013,-1,-1,-1
536,62,369.53,82.39,304.00,802.27,0.8700,-1,-1,-1
536,64,1109.11,292.38,59.69,226.62,0.3572,-1,-1,-1
537,2,902.20,208.34,151.21,493.59,0.8228,-1,-1,-1
537,43,1019.58,198.14,93.00,465.74,0.6986,-1,-1,-1
537,49,1264.27,40.70,369.70,992.68,0.9050,-1,-1,-1
537,57,153.38,205.99,239.52,694.15,0.8765,-1,-1,-1
537,56,1156.01,270.02,111.72,318.45,0.7664,-1,-1,-1
537,62,362.14,78.78,304.40,825.40,0.8744,-1,-1,-1
537,64,1111.95,286.21,64.08,238.83,0.3736,-1,-1,-1
538,2,903.65,211.13,151.55,491.59,0.8182,-1,-1,-1
538,43,1019.81,199.19,98.18,462.10,0.7037,-1,-1,-1
538,49,1266.41,40.27,374.39,1000.02,0.9047,-1,-1,-1
538,57,137.82,199.97,243.79,707.98,0.8730,-1,-1,-1
538,56,1157.89,268.79,110.49,320.82,0.8010,-1,-1,-1
538,62,351.24,69.01,302.04,846.26,0.8846,-1,-1,-1
538,64,1114.29,283.01,63.96,244.57,0.3619,-1,-1,-1
539,2,902.75,211.04,151.02,491.84,0.8160,-1,-1,-1
539,43,1019.50,198.66,102.09,454.82,0.7193,-1,-1,-1
539,49,1267.51,38.84,377.57,1007.55,0.9043,-1,-1,-1
539,57,115.03,190.32,249.98,721.41,0.8693,-1,-1,-1
539,56,1155.43,265.66,110.54,323.20,0.7894,-1,-1,-1
539,62,341.24,55.87,306.36,865.00,0.8803,-1,-1,-1
540,2,902.58,212.49,151.12,491.30,0.8094,-1,-1,-1
540,43,1019.87,198.66,95.50,454.50,0.6248,-1,-1,-1
540,49,1270.91,40.68,375.81,1014.60,0.9040,-1,-1,-1
540,57,98.80,181.60,246.48,735.64,0.8850,-1,-1,-1
540,56,1152.21,266.40,109.41,323.21,0.7977,-1,-1,-1
540,62,327.46,50.54,309.76,875.96,0.8769,-1,-1,-1
541,2,902.51,216.19,148.51,485.67,0.8054,-1,-1,-1
541,43,1018.05,200.13,95.87,454.16,0.7096,-1,-1,-1
541,49,1271.22,48.31,376.85,1013.69,0.9000,-1,-1,-1
541,57,78.43,179.51,251.34,745.43,0.8952,-1,-1,-1
541,56,1140.10,268.63,115.40,322.49,0.7808,-1,-1,-1
541,62,307.42,43.42,310.74,888.66,0.8858,-1,-1,-1
542,2,897.88,212.55,149.81,487.51,0.7967,-1,-1,-1
542,43,1016.73,196.49,88.51,455.11,0.6567,-1,-1,-1
542,49,1271.52,50.81,377.85,1010.26,0.8952,-1,-1,-1
542,57,55.10,168.68,256.40,755.82,0.8871,-1,-1,-1
542,56,1138.81,266.44,112.35,323.65,0.8210,-1,-1,-1
542,62,290.71,33.95,307.82,902.90,0.8866,-1,-1,-1
542,68,584.38,291.35,69.98,248.92,0.6274,-1,-1,-1
543,2,892.62,209.49,151.77,489.22,0.8219,-1,-1,-1
543,43,1016.18,194.42,84.12,455.56,0.6310,-1,-1,-1
543,49,1274.37,50.87,376.78,1006.28,0.8989,-1,-1,-1
543,57,30.59,159.88,262.08,770.29,0.8898,-1,-1,-1
543,56,1133.01,265.00,111.53,322.60,0.7960,-1,-1,-1
543,62,264.13,21.43,319.77,919.55,0.8778,-1,-1,-1
543,68,580.78,287.60,74.23,254.53,0.5995,-1,-1,-1
544,2,890.83,206.54,151.92,487.48,0.8171,-1,-1,-1
544,43,1014.50,191.86,84.83,459.50,0.5611,-1,-1,-1
544,49,1276.79,52.19,375.59,1008.02,0.8984,-1,-1,-1
544,57,6.57,154.50,269.52,782.47,0.8870,-1,-1,-1
544,56,1120.83,263.68,118.60,326.41,0.8357,-1,-1,-1
544,62,251.69,12.15,315.88,936.96,0.8982,-1,-1,-1
544,68,578.56,286.93,74.82,257.74,0.6438,-1,-1,-1
545,2,888.81,204.95,151.48,484.61,0.8098,-1,-1,-1
545,43,1011.72,197.96,85.10,459.61,0.6109,-1,-1,-1
545,49,1278.98,54.02,373.42,1004.23,0.9040,-1,-1,-1
545,57,-4.93,147.42,261.15,799.98,0.8815,-1,-1,-1
545,56,1110.92,264.69,123.34,328.23,0.8420,-1,-1,-1
545,62,225.12,4.38,326.18,951.44,0.8899,-1,-1,-1
545,68,576.93,289.15,73.49,256.13,0.6475,-1,-1,-1
546,2,884.39,202.93,154.70,484.22,0.8077,-1,-1,-1
546,43,1008.90,198.67,90.84,448.82,0.4927,-1,-1,-1
546,49,1278.76,54.51,372.97,1002.21,0.9042,-1,-1,-1
546,57,-8.50,141.17,245.42,821.31,0.8869,-1,-1,-1
546,56,1108.09,267.48,120.93,325.88,0.8204,-1,-1,-1
546,62,203.05,2.00,335.86,962.25,0.9040,-1,-1,-1
546,68,573.79,288.58,71.63,254.54,0.6964,-1,-1,-1
547,2,878.74,201.43,155.34,484.34,0.8088,-1,-1,-1
547,43,1003.35,199.13,99.69,447.56,0.6078,-1,-1,-1
547,49,1277.75,53.84,371.11,995.42,0.9079,-1,-1,-1
547,57,-8.57,132.91,228.03,838.29,0.8793,-1,-1,-1
547,56,1108.44,267.91,113.56,324.17,0.7743,-1,-1,-1
547,62,182.43,-0.31,344.33,970.36,0.8975,-1,-1,-1
547,68,568.75,289.21,64.17,254.65,0.6272,-1,-1,-1
547,69,1637.56,299.88,59.24,149.71,0.3411,-1,-1,-1
548,2,873.59,202.25,156.15,485.19,0.8153,-1,-1,-1
548,43,999.37,201.66,111.91,447.00,0.6326,-1,-1,-1
548,49,1277.06,53.19,369.43,983.54,0.9042,-1,-1,-1
548,57,-7.61,126.23,211.18,845.37,0.8607,-1,-1,-1
548,56,1098.54,269.41,115.78,325.13,0.8084,-1,-1,-1
548,62,159.93,0.37,358.15,986.44,0.8996,-1,-1,-1
548,68,563.20,288.34,62.21,258.11,0.6729,-1,-1,-1
548,69,1632.44,293.67,61.44,156.89,0.3878,-1,-1,-1
549,2,868.14,202.23,153.11,488.62,0.8359,-1,-1,-1
549,43,994.19,213.03,125.86,434.84,0.6793,-1,-1,-1
549,49,1276.32,51.29,366.43,972.02,0.9045,-1,-1,-1
549,57,-6.15,125.66,199.01,851.19,0.8491,-1,-1,-1
549,56,1095.12,271.11,113.26,323.91,0.8208,-1,-1,-1
549,62,122.39,-0.28,389.45,1018.52,0.8784,-1,-1,-1
549,68,555.98,290.93,63.25,255.40,0.6634,-1,-1,-1
549,69,1629.42,294.91,60.67,157.34,0.4340,-1,-1,-1
550,2,865.07,203.39,152.98,491.28,0.8402,-1,-1,-1
550,43,988.02,209.08,99.88,442.95,0.4563,-1,-1,-1
550,49,1275.74,49.34,363.92,970.51,0.9036,-1,-1,-1
550,57,-5.62,149.63,167.05,834.83,0.8166,-1,-1,-1
550,56,1094.35,272.07,106.67,323.52,0.8088,-1,-1,-1
550,62,93.25,0.72,399.45,1054.05,0.8849,-1,-1,-1
550,68,547.48,287.95,69.41,259.52,0.6639,-1,-1,-1
550,69,1624.61,291.59,62.03,162.90,0.4779,-1,-1,-1
550,64,1027.46,276.16,108.19,346.18,0.6143,-1,-1,-1
551,2,863.60,207.06,149.75,488.30,0.8467,-1,-1,-1
551,43,983.66,208.20,87.43,434.38,0.3066,-1,-1,-1
551,49,1275.28,48.52,362.93,978.35,0.8995,-1,-1,-1
551,57,-3.34,219.48,147.90,769.65,0.8401,-1,-1,-1
551,56,1092.70,273.88,104.24,321.61,0.7984,-1,-1,-1
551,62,66.58,0.62,407.10,1072.50,0.8871,-1,-1,-1
551,68,541.71,283.31,65.54,265.56,0.7282,-1,-1,-1
551,69,1620.78,285.91,64.15,170.02,0.4933,-1,-1,-1
551,64,1021.79,283.54,111.57,344.04,0.6775,-1,-1,-1
552,2,859.26,211.18,148.79,482.46,0.8403,-1,-1,-1
552,43,976.47,211.19,86.17,418.55,0.4465,-1,-1,-1
552,49,1275.58,48.38,360.87,986.53,0.8993,-1,-1,-1
552,57,-2.64,235.54,128.47,758.21,0.7941,-1,-1,-1
552,56,1092.68,276.08,99.16,320.67,0.7477,-1,-1,-1
552,62,31.30,1.89,422.44,1076.22,0.9076,-1,-1,-1
552,68,535.04,283.32,68.34,267.10,0.7325,-1,-1,-1
552,69,1618.33,280.19,66.52,177.01,0.3780,-1,-1,-1
552,64,1013.91,283.28,120.94,349.14,0.6555,-1,-1,-1
553,2,853.68,215.46,147.00,480.41,0.8146,-1,-1,-1
553,43,972.85,212.94,86.01,420.00,0.5704,-1,-1,-1
553,49,1278.65,48.14,356.39,993.88,0.8959,-1,-1,-1
553,57,-1.37,237.42,115.72,762.64,0.4720,-1,-1,-1
553,56,1095.03,276.70,90.80,319.69,0.7466,-1,-1,-1
553,62,3.97,2.04,436.32,1074.00,0.9054,-1,-1,-1
553,68,530.38,288.93,69.62,263.34,0.7055,-1,-1,-1
553,69,1615.76,280.20,67.93,178.89,0.3160,-1,-1,-1
553,64,1011.85,275.96,123.79,361.10,0.6266,-1,-1,-1
554,2,851.66,220.11,140.25,479.89,0.8401,-1,-1,-1
554,43,966.25,214.13,85.47,451.27,0.6286,-1,-1,-1
554,49,1276.37,47.84,353.73,1000.98,0.9026,-1,-1,-1
554,56,1095.44,277.86,89.56,325.48,0.6852,-1,-1,-1
554,62,-6.61,3.40,436.31,1070.97,0.9109,-1,-1,-1
554,68,527.12,287.79,70.27,267.18,0.7208,-1,-1,-1
554,69,1613.25,284.69,70.85,174.63,0.5706,-1,-1,-1
554,64,1013.90,271.42,121.35,369.80,0.6175,-1,-1,-1
555,2,852.05,222.72,134.47,481.33,0.8488,-1,-1,-1
555,43,961.17,215.68,86.71,460.28,0.6516,-1,-1,-1
555,49,1271.50,50.34,353.22,1005.58,0.9051,-1,-1,-1
555,56,1096.96,279.61,83.98,332.92,0.4506,-1,-1,-1
555,62,-9.30,3.58,404.37,1069.14,0.8839,-1,-1,-1
555,68,523.48,289.33,73.09,268.30,0.7476,-1,-1,-1
555,69,1607.98,289.07,75.56,172.00,0.6565,-1,-1,-1
555,64,1013.84,270.23,122.77,375.16,0.6406,-1,-1,-1
556,2,850.53,223.95,133.57,481.31,0.8436,-1,-1,-1
556,43,960.24,217.65,89.97,463.79,0.7286,-1,-1,-1
556,49,1268.90,53.66,352.40,1011.68,0.9004,-1,-1,-1
556,62,-8.76,5.68,369.91,1065.13,0.9233,-1,-1,-1
556,68,521.19,290.76,71.49,269.82,0.7281,-1,-1,-1
556,69,1607.16,291.54,76.90,172.50,0.6454,-1,-1,-1
556,64,1015.80,265.54,125.84,382.53,0.6032,-1,-1,-1
557,2,847.07,221.87,135.03,482.78,0.8357,-1,-1,-1
557,43,959.79,215.08,92.53,464.53,0.7582,-1,-1,-1
557,49,1270.47,55.19,347.24,1012.56,0.8958,-1,-1,-1
557,62,-7.23,4.56,348.90,1065.88,0.9184,-1,-1,-1
557,68,518.01,292.11,71.16,269.82,0.7235,-1,-1,-1
557,69,1605.80,289.38,78.07,175.52,0.5224,-1,-1,-1
557,64,1033.11,262.58,124.18,381.79,0.7519,-1,-1,-1
558,2,841.66,220.17,139.25,486.23,0.8392,-1,-1,-1
558,43,960.48,216.19,93.11,461.80,0.8014,-1,-1,-1
558,49,1276.02,56.48,337.84,1014.23,0.8954,-1,-1,-1
558,62,-5.33,4.32,336.33,1065.95,0.8748,-1,-1,-1
558,68,516.96,292.85,71.96,270.59,0.7385,-1,-1,-1
558,69,1605.36,288.36,81.81,176.84,0.4420,-1,-1,-1
558,64,1044.43,258.03,120.01,388.50,0.7893,-1,-1,-1
559,2,835.41,221.10,145.61,483.59,0.8350,-1,-1,-1
559,43,958.79,215.19,97.43,457.26,0.7989,-1,-1,-1
559,49,1282.94,57.79,327.93,1012.48,0.9023,-1,-1,-1
559,62,-3.89,6.11,347.13,1066.24,0.8955,-1,-1,-1
559,68,519.43,290.79,70.18,275.94,0.7439,-1,-1,-1
559,69,1604.29,290.87,90.39,176.33,0.5060,-1,-1,-1
559,64,1047.28,256.34,121.24,392.72,0.7931,-1,-1,-1
560,2,827.83,224.20,154.21,477.33,0.8430,-1,-1,-1
560,43,957.06,219.09,101.69,448.40,0.7658,-1,-1,-1
560,49,1288.38,59.96,318.46,1008.80,0.8923,-1,-1,-1
560,62,-2.40,5.49,348.20,1065.56,0.7996,-1,-1,-1
560,68,520.84,291.80,70.71,277.52,0.7422,-1,-1,-1
560,69,1602.66,292.53,99.12,176.01,0.6286,-1,-1,-1
560,64,1058.02,261.52,115.38,387.63,0.7204,-1,-1,-1
561,2,824.19,221.60,158.89,474.95,0.8466,-1,-1,-1
561,43,956.97,216.97,107.33,446.65,0.7842,-1,-1,-1
561,49,1293.77,56.72,317.04,1010.20,0.8955,-1,-1,-1
561,62,-1.36,5.15,338.72,1064.05,0.8638,-1,-1,-1
561,68,523.46,287.64,74.28,280.74,0.7175,-1,-1,-1
561,69,1605.51,284.96,112.25,181.40,0.5894,-1,-1,-1
561,64,1074.41,267.77,114.06,376.84,0.7062,-1,-1,-1
562,2,820.31,219.52,163.16,472.39,0.8435,-1,-1,-1
562,43,956.15,215.02,112.47,451.16,0.7989,-1,-1,-1
562,49,1298.41,55.51,313.81,1015.80,0.9003,-1,-1,-1
562,62,-0.54,10.38,333.55,1058.81,0.8352,-1,-1,-1
562,68,525.65,288.51,74.53,279.81,0.6948,-1,-1,-1
562,69,1613.90,285.00,112.79,182.06,0.6895,-1,-1,-1
562,64,1089.19,269.87,113.57,380.39,0.7617,-1,-1,-1
563,2,819.72,218.94,165.71,474.51,0.8473,-1,-1,-1
563,43,958.81,215.83,114.20,453.43,0.8122,-1,-1,-1
563,49,1303.79,57.79,319.39,1015.89,0.8957,-1,-1,-1
563,62,0.38,8.16,320.68,1061.15,0.8743,-1,-1,-1
563,68,528.93,288.90,74.01,281.28,0.7384,-1,-1,-1
563,69,1626.32,283.79,116.46,184.71,0.5990,-1,-1,-1
563,64,1101.45,270.85,124.18,382.90,0.7906,-1,-1,-1
564,2,822.81,219.27,166.36,478.51,0.8585,-1,-1,-1
564,43,963.73,215.08,116.39,459.38,0.7958,-1,-1,-1
564,49,1308.21,54.72,332.13,1020.16,0.8986,-1,-1,-1
564,62,1.01,6.91,308.50,1064.21,0.8590,-1,-1,-1
564,68,534.75,292.32,72.89,280.52,0.7499,-1,-1,-1
564,69,1641.55,280.32,111.54,189.70,0.6525,-1,-1,-1
564,64,1113.64,270.58,140.73,387.78,0.7523,-1,-1,-1
565,2,831.30,223.34,163.86,478.18,0.8561,-1,-1,-1
565,43,971.64,217.01,117.95,462.54,0.7981,-1,-1,-1
565,49,1311.00,54.29,349.15,1024.26,0.9026,-1,-1,-1
565,62,1.76,10.41,291.57,1058.85,0.7603,-1,-1,-1
565,68,542.85,300.20,72.90,275.31,0.7162,-1,-1,-1
565,69,1656.23,280.65,114.00,195.19,0.6561,-1,-1,-1
565,64,1129.73,270.89,157.89,391.63,0.7973,-1,-1,-1
565,70,1082.06,274.77,92.78,340.02,0.6707,-1,-1,-1
566,2,838.64,225.85,161.91,477.75,0.8490,-1,-1,-1
566,43,976.61,216.24,121.31,462.61,0.7561,-1,-1,-1
566,49,1316.45,53.91,360.84,1018.07,0.8978,-1,-1,-1
566,62,1.57,9.15,271.69,1060.31,0.7995,-1,-1,-1
566,68,549.07,302.78,72.48,273.66,0.7245,-1,-1,-1
566,69,1672.01,281.14,107.24,196.18,0.7203,-1,-1,-1
566,64,1139.65,273.07,175.89,394.85,0.7255,-1,-1,-1
566,70,1087.83,273.69,101.33,341.38,0.6524,-1,-1,-1
567,2,845.26,230.04,162.06,478.76,0.8363,-1,-1,-1
567,43,981.60,221.11,119.17,452.61,0.7652,-1,-1,-1
567,49,1322.00,54.19,375.23,1010.48,0.9166,-1,-1,-1
567,62,0.93,6.28,250.50,1063.29,0.7281,-1,-1,-1
567,68,553.76,304.33,73.50,272.99,0.7416,-1,-1,-1
567,69,1688.59,281.85,105.62,195.17,0.6559,-1,-1,-1
567,64,1145.78,271.76,198.43,399.97,0.7992,-1,-1,-1
567,70,1092.58,273.28,107.66,349.76,0.7413,-1,-1,-1
568,2,849.62,231.02,163.72,479.88,0.8452,-1,-1,-1
568,43,987.10,224.53,121.07,452.76,0.8195,-1,-1,-1
568,49,1318.11,54.58,394.82,1014.78,0.9163,-1,-1,-1
568,62,0.10,11.32,223.34,1063.49,0.3049,-1,-1,-1
568,68,558.81,302.08,75.79,275.36,0.7534,-1,-1,-1
568,69,1702.79,282.97,105.63,197.63,0.6213,-1,-1,-1
568,64,1152.89,278.94,197.55,397.33,0.8633,-1,-1,-1
568,70,1096.39,272.08,114.44,354.05,0.7461,-1,-1,-1
569,2,854.48,232.74,163.30,480.62,0.8513,-1,-1,-1
569,43,995.86,226.90,119.77,459.28,0.8181,-1,-1,-1
569,49,1322.20,55.18,405.31,1016.61,0.9097,-1,-1,-1
569,68,564.24,301.30,78.01,278.26,0.7622,-1,-1,-1
569,69,1715.80,285.55,104.35,199.26,0.6673,-1,-1,-1
569,64,1157.49,283.46,198.57,396.96,0.8656,-1,-1,-1
569,70,1103.08,274.85,114.50,355.01,0.7735,-1,-1,-1
569,56,1104.58,276.13,111.63,353.54,0.7735,-1,-1,-1
570,2,861.92,239.74,159.36,476.63,0.8607,-1,-1,-1
570,43,1006.09,230.72,116.62,461.03,0.8222,-1,-1,-1
570,49,1323.20,56.10,421.10,1016.43,0.9009,-1,-1,-1
570,68,568.36,297.59,79.63,283.22,0.7628,-1,-1,-1
570,69,1729.03,288.34,103.78,199.39,0.6610,-1,-1,-1
570,64,1166.97,282.65,199.71,402.19,0.8487,-1,-1,-1
570,70,1110.12,275.99,118.31,353.91,0.7815,-1,-1,-1
570,56,1109.87,276.35,116.33,353.03,0.7815,-1,-1,-1
571,2,869.03,244.30,157.53,474.54,0.8513,-1,-1,-1
571,43,1012.50,233.31,113.69,463.56,0.7977,-1,-1,-1
571,49,1328.29,55.18,423.61,1019.22,0.9150,-1,-1,-1
571,68,572.06,301.82,79.30,283.08,0.7940,-1,-1,-1
571,69,1740.38,289.60,104.31,201.40,0.5991,-1,-1,-1
571,64,1173.24,281.21,203.28,410.01,0.8297,-1,-1,-1
571,70,1112.04,274.62,127.10,357.34,0.8052,-1,-1,-1
571,56,1111.44,274.76,125.30,356.69,0.8052,-1,-1,-1
572,2,874.57,241.26,157.13,476.32,0.8207,-1,-1,-1
572,43,1016.32,233.94,114.82,462.76,0.7807,-1,-1,-1
572,49,1329.42,54.12,431.23,1021.92,0.9047,-1,-1,-1
572,68,576.64,304.54,77.31,280.89,0.8196,-1,-1,-1
572,69,1751.72,290.10,105.42,202.40,0.5636,-1,-1,-1
572,64,1190.60,281.71,195.44,412.01,0.8294,-1,-1,-1
572,70,1118.38,274.61,130.79,360.50,0.7915,-1,-1,-1
572,56,1117.55,274.64,129.25,359.97,0.7915,-1,-1,-1
573,2,880.12,239.89,154.25,476.81,0.8283,-1,-1,-1
573,43,1022.05,234.01,114.78,460.10,0.7582,-1,-1,-1
573,49,1333.25,54.68,440.02,1022.16,0.8942,-1,-1,-1
573,68,580.37,307.43,75.41,279.71,0.7774,-1,-1,-1
573,69,1762.24,292.59,104.77,202.11,0.6059,-1,-1,-1
573,64,1210.20,284.07,182.21,412.05,0.8168,-1,-1,-1
573,70,1122.53,275.68,134.30,360.88,0.8219,-1,-1,-1
573,56,1121.71,275.63,132.98,360.50,0.8219,-1,-1,-1
574,2,884.08,239.89,156.93,477.35,0.8419,-1,-1,-1
574,43,1026.24,235.98,115.49,457.21,0.7595,-1,-1,-1
574,49,1339.70,54.15,443.63,1021.77,0.9082,-1,-1,-1
574,68,584.44,306.68,75.67,280.94,0.7112,-1,-1,-1
574,69,1774.25,293.94,106.44,204.08,0.5542,-1,-1,-1
574,64,1230.67,283.82,170.62,415.09,0.7738,-1,-1,-1
574,70,1127.31,277.75,134.78,362.38,0.8301,-1,-1,-1
574,56,1126.51,277.65,133.68,362.07,0.8301,-1,-1,-1
575,2,886.66,239.52,157.53,475.96,0.8421,-1,-1,-1
575,43,1030.34,236.20,113.66,459.45,0.7712,-1,-1,-1
575,49,1347.78,55.98,440.56,1017.27,0.9107,-1,-1,-1
575,68,588.33,305.30,75.12,281.89,0.6908,-1,-1,-1
575,64,1247.97,283.25,159.83,418.34,0.7156,-1,-1,-1
575,70,1132.89,278.00,133.81,364.75,0.8404,-1,-1,-1
575,56,1132.12,277.89,132.92,364.49,0.8404,-1,-1,-1
576,2,889.19,239.42,156.81,473.92,0.8240,-1,-1,-1
576,43,1031.33,236.78,113.43,457.41,0.7833,-1,-1,-1
576,49,1355.13,59.18,438.03,1012.65,0.9127,-1,-1,-1
576,68,591.30,312.22,74.37,276.59,0.7103,-1,-1,-1
576,64,1267.83,281.99,146.76,423.28,0.7407,-1,-1,-1
576,70,1138.47,275.84,134.32,368.75,0.8366,-1,-1,-1
576,56,1137.75,275.77,133.58,368.51,0.8366,-1,-1,-1
576,69,1788.35,296.31,113.64,205.52,0.5531,-1,-1,-1
577,2,891.84,237.34,155.06,471.75,0.8183,-1,-1,-1
577,43,1031.22,229.58,113.02,469.68,0.7900,-1,-1,-1
577,49,1359.76,59.79,436.99,1011.06,0.9074,-1,-1,-1
577,68,588.92,315.19,77.37,273.83,0.6703,-1,-1,-1
577,64,1289.21,285.76,139.76,425.34,0.7620,-1,-1,-1
577,70,1140.54,274.16,135.86,371.37,0.8281,-1,-1,-1
577,56,1139.88,274.09,135.22,371.16,0.8281,-1,-1,-1
577,69,1795.85,295.92,115.03,202.88,0.6058,-1,-1,-1
578,2,893.26,236.77,154.07,471.39,0.8285,-1,-1,-1
578,43,1031.24,226.00,112.94,475.33,0.7903,-1,-1,-1
578,49,1366.04,62.09,438.08,1008.76,0.9023,-1,-1,-1
578,68,589.34,315.19,77.59,274.80,0.6975,-1,-1,-1
578,64,1313.13,283.48,126.85,431.13,0.7274,-1,-1,-1
578,70,1143.05,274.07,129.85,373.51,0.8226,-1,-1,-1
578,56,1142.45,274.00,129.35,373.32,0.8226,-1,-1,-1
578,69,1800.38,298.81,116.75,202.24,0.5935,-1,-1,-1
579,2,890.90,240.28,153.84,471.59,0.8383,-1,-1,-1
579,43,1028.52,231.23,114.47,473.49,0.7845,-1,-1,-1
579,49,1379.71,69.47,429.73,1001.49,0.9034,-1,-1,-1
579,68,588.89,311.03,75.25,286.02,0.7375,-1,-1,-1
579,64,1328.84,285.19,123.35,440.53,0.7858,-1,-1,-1
579,70,1142.55,276.81,130.38,376.95,0.8299,-1,-1,-1
579,56,1142.04,276.75,129.97,376.79,0.8299,-1,-1,-1
579,69,1803.09,304.17,118.16,207.17,0.6254,-1,-1,-1
580,2,890.98,241.64,150.55,468.81,0.8434,-1,-1,-1
580,43,1023.72,233.64,118.07,469.09,0.7730,-1,-1,-1
580,49,1390.43,71.75,424.67,997.24,0.9024,-1,-1,-1
580,68,585.54,305.82,75.29,293.58,0.6824,-1,-1,-1
580,64,1334.89,284.63,125.32,448.25,0.7708,-1,-1,-1
580,70,1141.26,275.55,130.12,379.89,0.8005,-1,-1,-1
580,56,1140.80,275.50,129.77,379.74,0.8005,-1,-1,-1
580,69,1807.70,304.63,114.15,211.18,0.6577,-1,-1,-1
581,2,887.37,242.03,150.34,466.64,0.8373,-1,-1,-1
581,43,1019.98,234.07,121.82,464.45,0.7765,-1,-1,-1
581,49,1405.32,69.98,418.41,995.83,0.9015,-1,-1,-1
581,68,583.21,306.67,73.20,293.39,0.7289,-1,-1,-1
581,64,1338.11,283.37,141.58,454.03,0.7717,-1,-1,-1
581,70,1144.36,281.73,123.40,373.92,0.7879,-1,-1,-1
581,56,1143.93,281.66,123.13,373.81,0.7879,-1,-1,-1
581,69,1815.59,304.71,106.44,214.83,0.6039,-1,-1,-1
582,2,885.73,244.41,147.04,465.08,0.8439,-1,-1,-1
582,43,1016.71,233.91,125.35,462.36,0.7830,-1,-1,-1
582,49,1420.02,70.48,415.09,999.72,0.9084,-1,-1,-1
582,68,581.42,307.51,72.57,293.82,0.7594,-1,-1,-1
582,64,1340.33,284.52,159.54,453.73,0.8255,-1,-1,-1
582,70,1146.70,284.20,119.40,371.57,0.7751,-1,-1,-1
582,56,1146.33,284.13,119.19,371.49,0.7751,-1,-1,-1
582,69,1825.84,304.88,96.18,215.83,0.5269,-1,-1,-1
582,71,1230.68,311.05,62.62,282.59,0.4558,-1,-1,-1
583,2,883.07,247.91,144.82,470.13,0.8497,-1,-1,-1
583,43,1013.38,233.27,128.54,463.54,0.7637,-1,-1,-1
583,49,1428.80,72.32,415.86,1000.18,0.9085,-1,-1,-1
583,68,577.55,309.96,73.68,293.55,0.7641,-1,-1,-1
583,64,1343.29,286.17,164.81,452.75,0.8009,-1,-1,-1
583,70,1144.28,281.92,118.57,376.38,0.7812,-1,-1,-1
583,56,1143.95,281.86,118.40,376.30,0.7812,-1,-1,-1
583,69,1835.49,306.67,85.82,217.61,0.5303,-1,-1,-1
583,71,1232.82,312.37,62.15,283.72,0.5573,-1,-1,-1
584,2,876.56,249.61,145.98,475.01,0.8481,-1,-1,-1
584,43,1011.97,234.31,129.88,466.59,0.7645,-1,-1,-1
584,49,1437.06,71.32,416.79,1001.61,0.9091,-1,-1,-1
584,68,574.30,306.69,74.14,294.82,0.7627,-1,-1,-1
584,64,1343.14,283.39,167.98,456.71,0.7983,-1,-1,-1
584,70,1142.51,283.88,120.42,377.43,0.7715,-1,-1,-1
584,56,1142.22,283.82,120.27,377.35,0.7715,-1,-1,-1
584,69,1840.82,307.95,79.62,222.99,0.5697,-1,-1,-1
584,71,1232.18,312.35,63.74,283.31,0.5487,-1,-1,-1
585,2,868.48,251.23,145.87,475.83,0.8627,-1,-1,-1
585,43,1006.86,233.55,132.90,469.13,0.7862,-1,-1,-1
585,49,1442.81,71.75,417.25,997.72,0.9092,-1,-1,-1
585,68,571.85,307.55,72.23,293.22,0.7814,-1,-1,-1
585,64,1342.69,282.51,166.45,454.10,0.7661,-1,-1,-1
585,70,1141.02,284.15,121.13,379.22,0.7748,-1,-1,-1
585,56,1140.76,284.10,120.99,379.16,0.7748,-1,-1,-1
585,69,1847.74,305.42,71.97,227.34,0.5222,-1,-1,-1
585,71,1229.97,310.71,64.45,277.41,0.4703,-1,-1,-1
586,2,862.30,252.75,146.27,475.02,0.8471,-1,-1,-1
586,43,1006.04,234.12,129.96,469.73,0.8059,-1,-1,-1
586,49,1451.20,70.92,414.75,1000.52,0.9039,-1,-1,-1
586,68,567.54,300.92,72.74,300.88,0.7592,-1,-1,-1
586,64,1343.04,283.44,167.92,453.19,0.7407,-1,-1,-1
586,70,1139.83,284.25,124.77,379.07,0.7452,-1,-1,-1
586,56,1139.60,284.21,124.65,379.02,0.7452,-1,-1,-1
586,69,1851.78,305.97,67.86,230.23,0.4459,-1,-1,-1
587,2,859.93,253.83,144.61,473.38,0.8499,-1,-1,-1
587,43,1005.80,235.86,125.57,469.16,0.8083,-1,-1,-1
587,49,1458.32,67.99,411.96,1005.86,0.8986,-1,-1,-1
587,68,563.45,303.84,72.50,299.26,0.7180,-1,-1,-1
587,64,1343.59,283.69,174.62,458.06,0.7564,-1,-1,-1
587,70,1139.77,283.32,125.50,381.55,0.7569,-1,-1,-1
587,56,1139.56,283.29,125.39,381.50,0.7569,-1,-1,-1
587,69,1854.40,308.05,65.26,228.84,0.4824,-1,-1,-1
588,2,858.14,254.68,141.59,472.26,0.8394,-1,-1,-1
588,43,1001.93,238.51,124.51,466.84,0.7911,-1,-1,-1
588,49,1464.52,66.21,407.00,1006.90,0.9020,-1,-1,-1
588,68,557.19,313.41,72.82,291.60,0.7263,-1,-1,-1
588,64,1343.03,283.94,182.18,460.49,0.7545,-1,-1,-1
588,70,1140.08,284.96,127.14,380.67,0.7229,-1,-1,-1
588,56,1139.89,284.93,127.04,380.63,0.7229,-1,-1,-1
588,69,1856.66,308.53,62.53,226.75,0.5365,-1,-1,-1
589,2,854.09,253.74,138.21,473.77,0.8394,-1,-1,-1
589,43,997.03,237.59,127.46,469.07,0.8000,-1,-1,-1
589,49,1468.83,63.46,407.82,1010.95,0.9034,-1,-1,-1
589,68,552.03,319.70,70.94,285.68,0.7144,-1,-1,-1
589,64,1342.94,283.07,192.18,467.07,0.7695,-1,-1,-1
589,70,1139.74,283.80,133.11,383.76,0.7717,-1,-1,-1
589,56,1139.58,283.77,133.02,383.72,0.7717,-1,-1,-1
589,69,1860.65,310.52,59.03,223.43,0.4634,-1,-1,-1
590,2,849.71,252.75,137.70,475.99,0.8382,-1,-1,-1
590,43,985.12,239.24,136.16,468.24,0.8109,-1,-1,-1
590,49,1469.01,62.42,412.57,1012.81,0.9073,-1,-1,-1
590,68,548.79,318.63,71.46,287.57,0.7126,-1,-1,-1
590,64,1350.16,280.36,193.32,474.74,0.7315,-1,-1,-1
590,70,1139.01,284.70,138.92,386.18,0.8114,-1,-1,-1
590,56,1138.86,284.68,138.84,386.15,0.8114,-1,-1,-1
590,69,1864.46,312.89,55.12,222.25,0.3898,-1,-1,-1
591,2,838.91,250.70,144.70,474.67,0.8402,-1,-1,-1
591,43,982.61,240.35,134.71,465.92,0.8065,-1,-1,-1
591,49,1469.34,60.91,416.62,1012.18,0.9094,-1,-1,-1
591,68,543.36,318.94,73.61,288.29,0.7381,-1,-1,-1
591,64,1370.30,278.98,177.35,479.55,0.7153,-1,-1,-1
591,70,1139.38,282.41,139.63,389.99,0.8228,-1,-1,-1
591,56,1139.24,282.39,139.56,389.97,0.8228,-1,-1,-1
591,69,1868.23,315.37,51.56,219.89,0.3593,-1,-1,-1
592,2,830.24,250.29,147.73,470.46,0.8341,-1,-1,-1
592,43,982.15,239.80,132.49,468.08,0.8135,-1,-1,-1
592,49,1468.99,59.54,420.05,1011.61,0.9062,-1,-1,-1
592,68,539.60,311.29,77.27,298.45,0.7282,-1,-1,-1
592,64,1394.90,276.55,154.78,483.23,0.5635,-1,-1,-1
592,70,1140.80,279.18,137.64,393.99,0.8065,-1,-1,-1
592,56,1140.68,279.17,137.57,393.96,0.8065,-1,-1,-1
592,69,1871.44,330.11,48.17,201.45,0.3207,-1,-1,-1
593,2,824.67,250.07,148.28,466.42,0.8350,-1,-1,-1
593,43,982.38,239.37,129.43,470.50,0.8159,-1,-1,-1
593,49,1466.97,59.82,424.46,1012.00,0.8956,-1,-1,-1
593,68,537.19,306.91,78.88,305.85,0.7113,-1,-1,-1
593,64,1414.81,299.70,142.84,460.72,0.4430,-1,-1,-1
593,70,1142.01,280.03,136.04,396.33,0.8259,-1,-1,-1
593,56,1141.90,280.02,135.98,396.31,0.8259,-1,-1,-1
593,72,1107.59,317.95,52.84,243.10,0.6203,-1,-1,-1
594,2,816.46,250.80,154.36,463.68,0.8364,-1,-1,-1
594,43,981.78,241.14,127.31,471.64,0.8132,-1,-1,-1
594,49,1471.14,61.31,420.04,1012.76,0.8955,-1,-1,-1
594,68,534.66,309.98,76.16,303.70,0.7298,-1,-1,-1
594,70,1145.41,281.65,132.85,397.26,0.8041,-1,-1,-1
594,56,1145.32,281.64,132.80,397.24,0.8041,-1,-1,-1
594,72,1108.28,318.16,54.19,244.05,0.6118,-1,-1,-1
595,2,809.79,250.71,158.14,463.67,0.8524,-1,-1,-1
595,43,981.87,243.05,126.63,471.84,0.8039,-1,-1,-1
595,49,1479.69,62.53,414.44,1010.92,0.9089,-1,-1,-1
595,68,531.46,308.18,80.37,309.84,0.7637,-1,-1,-1
595,70,1147.91,282.06,131.11,398.58,0.7975,-1,-1,-1
595,56,1147.83,282.05,131.07,398.56,0.7975,-1,-1,-1
595,72,1106.71,314.99,57.32,247.70,0.6605,-1,-1,-1
596,2,804.02,250.63,162.61,463.76,0.8478,-1,-1,-1
596,43,978.17,243.24,132.52,472.57,0.8123,-1,-1,-1
596,49,1487.14,59.96,406.33,1013.08,0.9161,-1,-1,-1
596,68,529.69,309.24,81.87,310.90,0.7562,-1,-1,-1
596,70,1148.77,278.54,131.75,402.73,0.7774,-1,-1,-1
596,56,1148.70,278.53,131.71,402.72,0.7774,-1,-1,-1
596,72,1106.27,312.22,59.10,250.58,0.5392,-1,-1,-1
597,2,800.98,249.04,163.62,466.71,0.8448,-1,-1,-1
597,43,976.94,243.87,136.72,473.47,0.8106,-1,-1,-1
597,49,1497.32,55.85,395.71,1017.63,0.9159,-1,-1,-1
597,68,530.30,307.07,79.34,312.91,0.7631,-1,-1,-1
597,70,1152.42,276.83,136.42,404.49,0.7707,-1,-1,-1
597,56,1152.36,276.82,136.39,404.48,0.7707,-1,-1,-1
597,72,1105.85,313.11,60.79,250.75,0.5782,-1,-1,-1
598,2,800.08,251.96,164.56,472.11,0.8462,-1,-1,-1
598,43,979.24,249.51,139.12,479.09,0.8237,-1,-1,-1
598,49,1507.10,57.86,384.66,1015.97,0.9145,-1,-1,-1
598,68,530.73,306.68,77.43,316.66,0.7487,-1,-1,-1
598,70,1152.93,281.87,145.51,403.81,0.8048,-1,-1,-1
598,56,1152.87,281.86,145.48,403.80,0.8048,-1,-1,-1
598,72,1107.78,317.10,60.80,245.52,0.4598,-1,-1,-1
599,2,800.48,254.12,165.60,473.46,0.8503,-1,-1,-1
599,43,984.80,251.80,138.32,479.10,0.8189,-1,-1,-1
599,49,1511.16,58.10,383.26,1016.96,0.9196,-1,-1,-1
599,68,531.36,310.20,82.25,317.96,0.7503,-1,-1,-1
599,70,1155.44,284.03,151.25,403.60,0.8041,-1,-1,-1
599,56,1155.38,284.03,151.23,403.59,0.8041,-1,-1,-1
599,72,1108.19,316.68,61.98,248.99,0.3663,-1,-1,-1
600,2,804.11,255.54,163.37,475.02,0.8403,-1,-1,-1
600,43,991.15,251.34,136.46,482.73,0.8009,-1,-1,-1
600,49,1513.84,55.39,388.11,1021.69,0.9233,-1,-1,-1
600,68,533.77,310.79,85.71,319.30,0.7338,-1,-1,-1
600,70,1161.46,286.59,152.57,402.20,0.8259,-1,-1,-1
600,56,1161.41,286.58,152.55,402.19,0.8259,-1,-1,-1
601,2,808.10,258.72,159.07,476.55,0.8457,-1,-1,-1
601,43,995.38,251.90,134.42,483.18,0.7934,-1,-1,-1
601,49,1514.29,55.78,397.24,1022.91,0.9238,-1,-1,-1
601,68,536.56,312.85,84.35,319.46,0.7296,-1,-1,-1
601,70,1166.58,283.98,154.72,406.64,0.7892,-1,-1,-1
601,56,1166.53,283.98,154.70,406.63,0.7892,-1,-1,-1
601,72,1117.04,325.63,62.01,238.77,0.3977,-1,-1,-1
602,2,813.30,263.23,157.82,477.39,0.8391,-1,-1,-1
602,43,996.45,252.58,135.54,485.39,0.7933,-1,-1,-1
602,49,1513.90,57.65,404.99,1019.60,0.9215,-1,-1,-1
602,68,540.01,317.29,84.14,317.43,0.7174,-1,-1,-1
602,70,1175.92,297.69,107.93,387.91,0.3445,-1,-1,-1
602,56,1181.71,282.57,146.16,412.06,0.7390,-1,-1,-1
602,72,1120.37,329.71,64.76,242.41,0.5203,-1,-1,-1
603,2,822.11,269.54,153.52,475.61,0.8150,-1,-1,-1
603,43,1003.90,256.81,129.90,481.89,0.7888,-1,-1,-1
603,49,1518.91,60.98,403.70,1016.75,0.9261,-1,-1,-1
603,68,543.79,326.08,82.50,314.47,0.7381,-1,-1,-1
603,70,1183.15,308.96,89.70,378.19,0.3740,-1,-1,-1
603,56,1192.87,285.40,145.27,418.42,0.7155,-1,-1,-1
603,72,1125.61,343.24,64.89,233.12,0.5775,-1,-1,-1
604,2,827.17,275.16,153.61,471.49,0.8230,-1,-1,-1
604,43,1010.51,261.14,126.27,478.66,0.8131,-1,-1,-1
604,49,1524.60,63.09,399.09,1014.59,0.9279,-1,-1,-1
604,68,549.79,332.71,83.61,312.67,0.7054,-1,-1,-1
604,70,1190.75,315.33,82.20,314.58,0.4475,-1,-1,-1
604,56,1203.34,288.15,144.92,420.90,0.7598,-1,-1,-1
604,72,1132.36,348.85,63.50,231.92,0.6593,-1,-1,-1
605,2,835.08,277.16,153.36,470.86,0.8311,-1,-1,-1
605,43,1015.35,260.78,126.23,472.77,0.8095,-1,-1,-1
605,49,1527.62,62.79,396.07,1015.78,0.9181,-1,-1,-1
605,68,554.73,334.87,81.17,313.39,0.7402,-1,-1,-1
605,70,1198.23,325.73,78.71,283.31,0.3802,-1,-1,-1
605,56,1211.09,289.47,145.28,422.13,0.7430,-1,-1,-1
605,72,1136.89,351.60,65.33,232.24,0.6530,-1,-1,-1
606,2,843.97,278.02,152.13,472.99,0.8153,-1,-1,-1
606,43,1018.63,260.80,126.15,469.76,0.7926,-1,-1,-1
606,49,1535.42,63.69,387.70,1012.50,0.9223,-1,-1,-1
606,68,560.59,330.54,79.20,318.76,0.7156,-1,-1,-1
606,70,1206.20,324.41,75.25,283.78,0.5179,-1,-1,-1
606,56,1222.93,290.18,145.54,425.08,0.6469,-1,-1,-1
606,72,1142.72,353.22,66.82,233.33,0.6469,-1,-1,-1
607,2,852.99,279.52,148.54,471.72,0.8366,-1,-1,-1
607,43,1028.44,262.09,121.07,468.79,0.8070,-1,-1,-1
607,49,1543.94,65.43,379.21,1008.63,0.9140,-1,-1,-1
607,68,567.19,327.81,83.11,322.93,0.8038,-1,-1,-1
607,70,1216.32,327.21,72.68,341.33,0.4792,-1,-1,-1
607,56,1237.09,291.61,140.85,425.07,0.6693,-1,-1,-1
607,72,1150.77,344.88,66.58,242.29,0.6656,-1,-1,-1
608,2,856.16,278.36,150.94,467.52,0.8296,-1,-1,-1
608,43,1035.78,263.52,124.23,464.51,0.7965,-1,-1,-1
608,49,1553.29,66.87,369.40,1003.93,0.9175,-1,-1,-1
608,68,572.28,328.59,82.79,322.21,0.7612,-1,-1,-1
608,70,1223.09,320.78,86.50,339.95,0.5470,-1,-1,-1
608,56,1246.37,291.37,146.16,429.48,0.5396,-1,-1,-1
608,72,1157.07,345.33,67.66,241.88,0.7177,-1,-1,-1
609,2,862.29,277.16,147.98,465.75,0.8196,-1,-1,-1
609,43,1039.15,262.14,130.98,468.41,0.8252,-1,-1,-1
609,49,1561.71,69.19,359.99,1002.00,0.9201,-1,-1,-1
609,68,576.04,330.24,83.79,323.22,0.7838,-1,-1,-1
609,70,1231.64,326.15,86.04,315.56,0.5664,-1,-1,-1
609,56,1258.57,287.10,140.98,436.59,0.7260,-1,-1,-1
609,72,1162.27,348.64,70.65,242.14,0.6235,-1,-1,-1
610,2,870.88,277.67,143.47,463.58,0.8262,-1,-1,-1
610,43,1043.06,263.83,132.49,471.47,0.8224,-1,-1,-1
610,49,1569.20,72.00,352.01,1001.19,0.9221,-1,-1,-1
610,68,579.68,329.30,87.68,326.90,0.7515,-1,-1,-1
610,70,1238.24,328.22,86.02,312.75,0.6002,-1,-1,-1
610,56,1272.13,286.56,142.05,435.99,0.7582,-1,-1,-1
610,72,1166.81,349.62,71.21,241.00,0.5562,-1,-1,-1
611,2,874.49,278.04,143.64,463.75,0.8168,-1,-1,-1
611,43,1043.28,267.43,133.65,470.18,0.7849,-1,-1,-1
611,49,1580.42,70.77,339.56,1004.34,0.9176,-1,-1,-1
611,68,583.61,330.67,85.19,326.73,0.7412,-1,-1,-1
611,70,1243.83,333.17,84.01,306.61,0.5944,-1,-1,-1
611,56,1282.52,288.71,137.27,439.28,0.6792,-1,-1,-1
611,72,1167.73,348.23,71.82,241.95,0.6941,-1,-1,-1
612,2,878.23,280.81,141.63,459.77,0.8333,-1,-1,-1
612,43,1035.62,273.17,141.53,470.83,0.8125,-1,-1,-1
612,49,1595.36,74.55,323.64,1004.12,0.9152,-1,-1,-1
612,68,586.34,333.60,80.05,323.43,0.7757,-1,-1,-1
612,70,1246.03,339.56,81.34,299.67,0.6030,-1,-1,-1
612,56,1289.57,291.43,138.21,432.80,0.6943,-1,-1,-1
612,72,1171.00,348.24,71.76,245.80,0.6504,-1,-1,-1
613,2,878.84,282.76,143.97,459.96,0.8367,-1,-1,-1
613,43,1031.89,276.06,149.20,475.60,0.8458,-1,-1,-1
613,49,1607.55,77.56,311.26,998.04,0.9119,-1,-1,-1
613,68,587.41,333.94,79.35,323.75,0.7656,-1,-1,-1
613,70,1247.18,337.37,84.14,308.36,0.5563,-1,-1,-1
613,56,1298.37,295.10,135.00,438.35,0.6176,-1,-1,-1
613,72,1174.97,352.95,71.31,240.44,0.6580,-1,-1,-1
614,2,882.90,287.01,143.73,463.48,0.8327,-1,-1,-1
614,43,1031.31,278.39,156.63,478.79,0.8503,-1,-1,-1
614,49,1620.13,80.46,298.79,996.35,0.9143,-1,-1,-1
614,68,587.90,335.85,79.11,325.49,0.7685,-1,-1,-1
614,70,1255.64,327.72,89.03,331.34,0.4746,-1,-1,-1
614,56,1307.73,297.93,132.17,445.95,0.6624,-1,-1,-1
614,72,1180.34,359.05,68.56,240.12,0.6001,-1,-1,-1
615,2,886.30,289.07,145.19,464.98,0.8359,-1,-1,-1
615,43,1031.34,280.21,158.26,478.73,0.8322,-1,-1,-1
615,49,1635.03,82.09,284.03,993.53,0.9026,-1,-1,-1
615,68,589.43,342.98,80.24,322.64,0.7328,-1,-1,-1
615,70,1263.84,324.46,91.84,344.39,0.5934,-1,-1,-1
615,56,1317.96,296.13,122.84,454.03,0.7263,-1,-1,-1
615,72,1182.69,360.54,68.36,241.78,0.6270,-1,-1,-1
616,2,886.11,293.47,148.85,462.61,0.8300,-1,-1,-1
616,43,1031.54,282.73,163.70,478.82,0.8242,-1,-1,-1
616,49,1643.64,81.99,274.72,994.34,0.8897,-1,-1,-1
616,68,590.59,344.93,97.22,321.79,0.7143,-1,-1,-1
616,70,1269.22,322.26,91.28,352.78,0.6118,-1,-1,-1
616,56,1324.56,298.94,120.30,457.29,0.7241,-1,-1,-1
616,72,1186.38,362.22,66.16,239.01,0.5724,-1,-1,-1
617,2,885.08,295.31,151.34,466.22,0.8439,-1,-1,-1
617,43,1029.89,285.82,167.82,479.17,0.8452,-1,-1,-1
617,49,1656.67,90.59,261.27,985.92,0.8846,-1,-1,-1
617,68,589.93,342.82,95.28,327.66,0.7334,-1,-1,-1
617,70,1272.19,323.66,91.53,360.82,0.5930,-1,-1,-1
617,56,1329.07,300.12,118.50,462.15,0.7321,-1,-1,-1
617,72,1187.32,368.86,65.22,235.10,0.6002,-1,-1,-1
618,2,885.51,298.67,151.12,468.34,0.8354,-1,-1,-1
618,43,1029.04,288.60,172.74,480.93,0.8496,-1,-1,-1
618,49,1665.94,99.82,251.62,976.62,0.8813,-1,-1,-1
618,68,588.97,337.57,87.43,335.69,0.7858,-1,-1,-1
618,70,1273.13,327.16,93.10,364.95,0.5692,-1,-1,-1
618,56,1329.75,301.35,119.82,465.41,0.7380,-1,-1,-1
618,72,1188.19,372.00,65.13,240.01,0.5614,-1,-1,-1
619,2,883.26,300.68,148.58,466.85,0.8365,-1,-1,-1
619,43,1026.74,289.32,173.97,482.35,0.8100,-1,-1,-1
619,49,1668.04,104.66,249.03,969.73,0.8953,-1,-1,-1
619,68,586.49,336.40,83.12,337.73,0.7601,-1,-1,-1
619,70,1273.57,327.74,96.96,370.65,0.5996,-1,-1,-1
619,56,1329.72,301.89,127.62,466.58,0.7373,-1,-1,-1
619,72,1186.53,369.49,66.64,245.71,0.5265,-1,-1,-1
619,74,1242.68,359.22,72.82,311.90,0.4380,-1,-1,-1
620,2,880.93,303.05,142.25,465.17,0.8234,-1,-1,-1
620,43,1026.61,289.16,175.55,482.09,0.7866,-1,-1,-1
620,49,1679.11,111.06,238.70,963.48,0.8854,-1,-1,-1
620,68,581.87,337.95,84.08,341.27,0.6972,-1,-1,-1
620,70,1269.15,328.49,101.54,377.18,0.6077,-1,-1,-1
620,56,1331.20,302.20,125.07,468.90,0.7530,-1,-1,-1
620,72,1184.74,372.53,65.41,237.41,0.5809,-1,-1,-1
620,74,1243.27,358.95,73.12,318.54,0.4087,-1,-1,-1
621,2,875.94,302.69,137.22,462.13,0.8241,-1,-1,-1
621,43,1025.70,288.35,165.53,481.35,0.6813,-1,-1,-1
621,49,1686.38,119.61,230.84,954.83,0.8791,-1,-1,-1
621,68,578.48,336.69,82.27,345.04,0.7250,-1,-1,-1
621,70,1266.73,329.51,105.23,380.70,0.6261,-1,-1,-1
621,56,1330.65,303.96,123.51,466.45,0.7443,-1,-1,-1
621,72,1183.16,375.49,65.52,229.20,0.5060,-1,-1,-1
622,2,869.35,303.10,146.15,461.27,0.8024,-1,-1,-1
622,43,1024.16,287.98,149.70,479.63,0.7514,-1,-1,-1
622,49,1688.76,120.90,228.73,954.01,0.8936,-1,-1,-1
622,68,574.60,341.18,79.26,341.44,0.7757,-1,-1,-1
622,70,1261.10,329.26,109.66,388.91,0.5654,-1,-1,-1
622,56,1330.45,304.21,123.04,472.05,0.6598,-1,-1,-1
622,72,1184.22,378.29,62.84,201.28,0.3883,-1,-1,-1
622,75,1127.98,327.63,90.89,356.38,0.6473,-1,-1,-1
622,74,1240.77,360.36,69.92,322.14,0.3475,-1,-1,-1
623,2,862.83,303.18,146.21,463.15,0.7995,-1,-1,-1
623,43,1018.20,288.49,145.61,479.53,0.7784,-1,-1,-1
623,49,1692.73,120.99,225.22,955.25,0.8980,-1,-1,-1
623,68,569.36,340.70,84.36,344.06,0.7378,-1,-1,-1
623,70,1256.01,330.63,113.15,393.48,0.5238,-1,-1,-1
623,56,1329.50,306.29,124.69,475.14,0.6551,-1,-1,-1
623,72,1182.09,381.39,62.99,191.58,0.3111,-1,-1,-1
623,75,1121.02,329.15,95.61,370.00,0.7149,-1,-1,-1
624,2,853.94,304.44,154.27,460.28,0.8459,-1,-1,-1
624,43,1014.09,288.27,140.67,477.06,0.8126,-1,-1,-1
624,49,1695.75,117.14,222.02,957.74,0.8972,-1,-1,-1
624,68,564.67,340.48,85.35,343.02,0.7640,-1,-1,-1
624,70,1254.31,330.36,110.51,399.13,0.6011,-1,-1,-1
624,56,1327.75,307.91,123.57,472.82,0.7068,-1,-1,-1
624,75,1118.74,332.16,96.41,382.16,0.6834,-1,-1,-1
625,2,849.50,304.69,155.41,456.55,0.8464,-1,-1,-1
625,43,1009.00,285.35,136.44,474.13,0.7937,-1,-1,-1
625,49,1698.74,113.76,219.32,960.32,0.9030,-1,-1,-1
625,68,558.45,341.91,85.66,343.78,0.7328,-1,-1,-1
625,70,1245.48,331.29,114.58,403.70,0.6451,-1,-1,-1
625,56,1328.73,306.00,120.04,475.95,0.7265,-1,-1,-1
625,75,1115.98,334.15,95.14,395.40,0.7389,-1,-1,-1
626,2,846.14,303.89,153.38,455.88,0.8216,-1,-1,-1
626,43,1003.83,285.90,134.71,474.42,0.7881,-1,-1,-1
626,49,1702.27,115.57,215.95,957.75,0.9061,-1,-1,-1
626,68,552.39,344.39,83.35,344.35,0.7145,-1,-1,-1
626,70,1241.34,331.65,116.61,406.94,0.6936,-1,-1,-1
626,56,1327.01,305.02,120.79,477.98,0.7759,-1,-1,-1
626,75,1109.80,335.24,95.68,398.52,0.7471,-1,-1,-1
627,2,839.63,302.15,156.34,457.43,0.8351,-1,-1,-1
627,43,996.43,280.36,137.14,480.33,0.7866,-1,-1,-1
627,49,1704.49,117.79,213.88,954.27,0.9040,-1,-1,-1
627,68,545.80,343.10,83.27,349.62,0.7490,-1,-1,-1
627,70,1236.20,330.73,117.38,410.68,0.6721,-1,-1,-1
627,56,1325.71,304.39,121.47,478.61,0.7618,-1,-1,-1
627,75,1106.83,334.84,92.95,401.28,0.7330,-1,-1,-1
628,2,828.94,301.41,163.23,456.86,0.8426,-1,-1,-1
628,43,988.88,279.42,147.00,478.75,0.7588,-1,-1,-1
628,49,1702.42,116.03,216.03,954.53,0.9048,-1,-1,-1
628,68,540.71,339.53,82.03,354.01,0.7773,-1,-1,-1
628,70,1235.08,330.52,114.24,412.23,0.6840,-1,-1,-1
628,56,1324.30,302.52,121.54,480.15,0.7794,-1,-1,-1
628,75,1100.86,331.37,98.32,410.73,0.7134,-1,-1,-1
629,2,824.91,300.81,166.02,456.47,0.8504,-1,-1,-1
629,43,982.91,281.94,135.30,475.99,0.7741,-1,-1,-1
629,49,1684.95,112.71,234.01,956.68,0.8827,-1,-1,-1
629,68,536.17,341.85,88.14,353.67,0.6969,-1,-1,-1
629,70,1233.40,330.02,111.57,416.46,0.6712,-1,-1,-1
629,56,1323.43,301.14,121.33,481.65,0.7740,-1,-1,-1
629,75,1093.08,328.86,106.47,418.54,0.7529,-1,-1,-1
630,2,822.88,302.31,164.50,453.91,0.8434,-1,-1,-1
630,43,975.29,281.04,132.04,475.49,0.8153,-1,-1,-1
630,49,1644.16,114.10,274.92,955.51,0.8888,-1,-1,-1
630,68,530.94,340.40,88.04,358.38,0.7633,-1,-1,-1
630,70,1238.51,327.84,104.08,420.34,0.6422,-1,-1,-1
630,56,1322.87,300.62,120.79,483.42,0.7800,-1,-1,-1
630,75,1087.08,326.91,113.64,423.11,0.7896,-1,-1,-1
631,2,820.47,303.52,165.15,454.17,0.8504,-1,-1,-1
631,43,971.48,280.64,130.25,474.69,0.8284,-1,-1,-1
631,49,1672.69,111.21,247.20,958.61,0.8920,-1,-1,-1
631,68,526.96,343.73,85.35,353.91,0.7333,-1,-1,-1
631,70,1236.64,328.72,106.54,422.17,0.6410,-1,-1,-1
631,56,1323.62,300.63,120.84,483.72,0.7568,-1,-1,-1
631,75,1083.46,326.51,122.26,424.43,0.8123,-1,-1,-1
632,2,816.29,305.50,167.06,455.13,0.8557,-1,-1,-1
632,43,970.34,280.95,127.07,474.24,0.7854,-1,-1,-1
632,49,1691.71,109.41,228.27,961.50,0.9015,-1,-1,-1
632,68,524.78,345.12,83.60,354.11,0.7611,-1,-1,-1
632,70,1237.48,327.11,108.34,426.08,0.6624,-1,-1,-1
632,56,1325.48,302.13,123.57,484.16,0.7626,-1,-1,-1
632,75,1082.35,326.12,125.73,426.41,0.8182,-1,-1,-1
633,2,814.14,307.92,168.77,455.77,0.8613,-1,-1,-1
633,43,971.25,281.64,126.06,476.42,0.7670,-1,-1,-1
633,49,1706.57,103.95,214.10,967.63,0.9040,-1,-1,-1
633,68,523.29,343.20,84.71,358.47,0.7708,-1,-1,-1
633,70,1238.42,323.52,110.32,428.71,0.6770,-1,-1,-1
633,56,1328.25,300.97,123.23,486.41,0.7734,-1,-1,-1
633,75,1085.92,326.35,123.42,429.41,0.8143,-1,-1,-1
634,2,812.84,309.99,170.08,456.93,0.8617,-1,-1,-1
634,43,970.40,282.58,127.16,474.53,0.7812,-1,-1,-1
634,49,1719.56,94.09,201.74,978.25,0.9050,-1,-1,-1
634,68,521.73,347.26,86.69,359.56,0.7821,-1,-1,-1
634,70,1238.22,321.71,115.08,432.08,0.6783,-1,-1,-1
634,56,1332.57,303.21,123.16,487.77,0.7412,-1,-1,-1
634,75,1090.36,327.87,123.45,432.25,0.8318,-1,-1,-1
635,2,812.49,310.58,172.23,459.11,0.8565,-1,-1,-1
635,43,975.48,282.96,123.90,478.42,0.7796,-1,-1,-1
635,49,1724.58,89.21,196.61,979.10,0.8871,-1,-1,-1
635,68,521.02,349.47,87.06,361.15,0.7916,-1,-1,-1
635,70,1244.41,320.39,112.65,432.27,0.5885,-1,-1,-1
635,56,1336.45,300.47,124.75,491.64,0.6899,-1,-1,-1
635,75,1094.79,325.74,125.38,437.85,0.8293,-1,-1,-1
635,74,1234.99,347.06,72.28,380.25,0.3705,-1,-1,-1
636,2,812.97,313.69,174.23,457.78,0.8367,-1,-1,-1
636,43,981.08,284.81,124.10,483.39,0.7954,-1,-1,-1
636,49,1722.55,85.89,198.76,985.79,0.8776,-1,-1,-1
636,68,520.37,353.81,86.41,363.15,0.7790,-1,-1,-1
636,70,1248.09,317.61,113.68,436.25,0.6000,-1,-1,-1
636,56,1340.42,302.10,128.96,492.92,0.7265,-1,-1,-1
636,75,1099.79,327.15,124.70,441.19,0.8234,-1,-1,-1
636,74,1238.81,337.81,69.17,390.72,0.3295,-1,-1,-1
637,2,817.11,319.04,172.45,449.46,0.8471,-1,-1,-1
637,43,987.71,292.62,118.89,483.99,0.7990,-1,-1,-1
637,49,1722.17,86.62,198.68,985.54,0.8706,-1,-1,-1
637,68,519.42,359.59,88.50,362.16,0.7448,-1,-1,-1
637,70,1251.31,319.64,113.94,431.80,0.6421,-1,-1,-1
637,56,1343.24,304.74,130.56,496.48,0.7880,-1,-1,-1
637,75,1102.93,328.26,121.48,442.62,0.8152,-1,-1,-1
637,74,1235.71,348.95,73.41,382.39,0.4399,-1,-1,-1
638,2,825.34,318.67,165.65,445.06,0.8644,-1,-1,-1
638,43,989.85,293.88,117.18,481.35,0.8013,-1,-1,-1
638,49,1716.24,84.12,203.82,986.33,0.8831,-1,-1,-1
638,68,518.09,354.88,90.50,367.09,0.7296,-1,-1,-1
638,70,1255.10,315.96,111.55,433.72,0.6176,-1,-1,-1
638,56,1346.23,303.79,130.19,498.76,0.7827,-1,-1,-1
638,75,1104.29,329.60,124.68,439.81,0.8118,-1,-1,-1
638,74,1234.25,350.58,76.06,381.35,0.4984,-1,-1,-1
639,2,834.26,319.49,158.51,449.27,0.8582,-1,-1,-1
639,43,993.44,298.48,113.29,477.39,0.7983,-1,-1,-1
639,49,1712.67,82.99,208.32,989.32,0.8780,-1,-1,-1
639,68,519.02,363.03,92.71,361.27,0.7410,-1,-1,-1
639,70,1257.35,314.27,117.89,444.14,0.6933,-1,-1,-1
639,56,1353.62,304.29,129.68,500.48,0.7294,-1,-1,-1
639,75,1107.77,331.24,130.64,439.74,0.8286,-1,-1,-1
639,74,1237.53,351.89,71.54,379.10,0.4229,-1,-1,-1
640,2,841.11,319.31,154.79,450.12,0.8471,-1,-1,-1
640,43,998.01,301.25,112.45,476.58,0.7988,-1,-1,-1
640,49,1707.53,77.61,213.24,995.00,0.8778,-1,-1,-1
640,68,520.02,366.16,92.64,361.85,0.7258,-1,-1,-1
640,70,1258.87,314.97,122.72,454.77,0.7230,-1,-1,-1
640,56,1362.06,300.96,128.10,509.38,0.7234,-1,-1,-1
640,75,1110.09,331.49,137.23,441.61,0.8086,-1,-1,-1
640,74,1241.49,350.21,72.43,380.29,0.4228,-1,-1,-1
641,2,847.60,320.37,152.62,448.16,0.8314,-1,-1,-1
641,43,1002.63,304.78,111.18,471.26,0.7950,-1,-1,-1
641,49,1704.59,78.39,216.48,992.57,0.8735,-1,-1,-1
641,68,520.83,362.19,94.21,368.03,0.7316,-1,-1,-1
641,70,1259.71,312.23,127.36,462.04,0.7415,-1,-1,-1
641,56,1369.54,300.13,127.75,507.98,0.7789,-1,-1,-1
641,75,1114.40,330.20,144.55,444.31,0.7948,-1,-1,-1
642,2,853.13,321.61,153.60,448.48,0.8222,-1,-1,-1
642,43,1005.71,308.03,114.64,471.38,0.7902,-1,-1,-1
642,49,1702.03,85.26,218.89,986.47,0.8823,-1,-1,-1
642,68,525.46,360.87,104.74,372.81,0.7056,-1,-1,-1
642,70,1265.51,315.05,129.36,469.02,0.7778,-1,-1,-1
642,56,1377.76,302.46,128.15,511.02,0.7978,-1,-1,-1
642,75,1120.72,330.91,148.96,447.22,0.7790,-1,-1,-1
643,2,857.45,321.63,153.62,445.90,0.8647,-1,-1,-1
643,43,1007.20,308.66,117.30,479.13,0.8074,-1,-1,-1
643,49,1695.19,88.90,226.26,979.76,0.8824,-1,-1,-1
643,68,527.44,361.77,104.87,374.04,0.7174,-1,-1,-1
643,70,1274.67,315.36,127.46,473.61,0.6705,-1,-1,-1
643,56,1382.58,302.79,131.64,514.24,0.7876,-1,-1,-1
643,75,1124.90,328.42,151.65,456.03,0.8044,-1,-1,-1
644,2,863.19,322.24,152.93,448.30,0.8759,-1,-1,-1
644,43,1010.63,308.73,115.04,483.81,0.7890,-1,-1,-1
644,49,1690.84,95.54,230.15,977.37,0.8598,-1,-1,-1
644,68,529.02,362.10,104.02,378.30,0.7460,-1,-1,-1
644,70,1284.98,318.03,123.16,475.98,0.6626,-1,-1,-1
644,56,1390.74,300.55,134.15,522.21,0.8012,-1,-1,-1
644,75,1131.66,323.91,153.75,467.30,0.8334,-1,-1,-1
645,2,868.21,323.62,153.35,449.99,0.8721,-1,-1,-1
645,43,1011.52,309.67,118.01,487.24,0.7787,-1,-1,-1
645,49,1686.95,200.53,233.60,874.50,0.8212,-1,-1,-1
645,68,532.24,363.71,101.85,378.32,0.7623,-1,-1,-1
645,70,1295.61,314.27,118.33,481.47,0.6762,-1,-1,-1
645,56,1395.33,297.85,137.16,525.83,0.7465,-1,-1,-1
645,75,1135.23,320.38,156.00,477.28,0.8499,-1,-1,-1
646,2,873.46,324.54,150.77,454.32,0.8633,-1,-1,-1
646,43,1008.89,309.00,124.48,487.67,0.8056,-1,-1,-1
646,49,1687.61,243.88,232.74,820.05,0.8089,-1,-1,-1
646,68,532.71,363.41,101.30,381.15,0.7652,-1,-1,-1
646,70,1299.33,312.49,122.71,486.43,0.7240,-1,-1,-1
646,56,1404.04,295.39,133.20,529.18,0.7537,-1,-1,-1
646,75,1135.77,318.16,160.19,483.06,0.8513,-1,-1,-1
647,2,876.01,325.82,151.34,456.24,0.8578,-1,-1,-1
647,43,1014.63,308.81,124.13,486.64,0.7980,-1,-1,-1
647,49,1685.65,270.93,234.35,797.08,0.8295,-1,-1,-1
647,68,533.51,363.15,101.20,383.46,0.7413,-1,-1,-1
647,70,1307.41,308.82,120.87,493.33,0.6981,-1,-1,-1
647,56,1411.03,292.68,131.21,538.40,0.7698,-1,-1,-1
647,75,1136.50,319.47,165.33,487.10,0.8493,-1,-1,-1
647,74,1276.94,344.74,74.89,411.38,0.5059,-1,-1,-1
648,2,879.60,329.01,147.59,452.99,0.8507,-1,-1,-1
648,43,1019.97,308.75,119.90,485.26,0.7957,-1,-1,-1
648,49,1687.00,284.51,232.65,786.63,0.8619,-1,-1,-1
648,68,533.73,361.38,100.56,387.29,0.7391,-1,-1,-1
648,70,1308.60,308.39,125.49,498.79,0.7375,-1,-1,-1
648,56,1416.49,294.16,131.48,540.28,0.7605,-1,-1,-1
648,75,1136.57,317.48,170.87,492.14,0.8569,-1,-1,-1
648,74,1280.66,344.20,70.96,413.55,0.4301,-1,-1,-1
649,2,881.18,331.72,146.32,450.79,0.8451,-1,-1,-1
649,43,1021.87,308.92,118.37,481.12,0.8046,-1,-1,-1
649,49,1692.82,292.42,226.86,776.88,0.8483,-1,-1,-1
649,68,534.13,360.85,101.18,389.05,0.7397,-1,-1,-1
649,70,1308.13,307.10,130.60,498.91,0.7514,-1,-1,-1
649,56,1423.16,293.93,132.23,541.38,0.7933,-1,-1,-1
649,75,1136.25,322.27,177.11,492.10,0.8707,-1,-1,-1
649,74,1283.86,343.98,67.38,417.85,0.3185,-1,-1,-1
649,76,831.30,400.94,55.66,222.42,0.5066,-1,-1,-1
650,2,880.30,334.89,151.05,450.65,0.8350,-1,-1,-1
650,43,1026.67,308.66,114.75,477.58,0.8102,-1,-1,-1
650,49,1702.00,294.72,217.31,772.98,0.8023,-1,-1,-1
650,68,533.70,360.77,104.44,390.82,0.7371,-1,-1,-1
650,70,1306.77,306.12,136.50,501.57,0.7610,-1,-1,-1
650,56,1427.79,293.51,135.81,544.12,0.8083,-1,-1,-1
650,75,1135.33,318.86,183.05,504.24,0.8690,-1,-1,-1
650,76,829.63,401.96,59.11,222.73,0.4737,-1,-1,-1
651,2,880.58,335.26,155.29,449.58,0.8464,-1,-1,-1
651,43,1029.71,307.10,113.38,475.53,0.7952,-1,-1,-1
651,49,1710.26,293.65,208.65,777.82,0.5800,-1,-1,-1
651,68,533.17,360.26,106.42,391.98,0.7273,-1,-1,-1
651,70,1309.75,305.16,138.36,506.75,0.7875,-1,-1,-1
651,56,1431.82,292.30,140.98,548.96,0.8441,-1,-1,-1
651,75,1134.23,319.63,187.40,508.34,0.8503,-1,-1,-1
651,76,827.56,405.00,62.17,221.07,0.5597,-1,-1,-1
652,2,878.54,336.04,159.59,446.80,0.8390,-1,-1,-1
652,43,1030.51,306.67,113.45,475.88,0.8057,-1,-1,-1
652,49,1722.94,294.54,195.97,670.05,0.6942,-1,-1,-1
652,68,531.80,361.97,112.47,391.04,0.7142,-1,-1,-1
652,70,1312.33,302.54,141.00,509.72,0.7735,-1,-1,-1
652,56,1434.60,294.91,144.14,548.46,0.8217,-1,-1,-1
652,75,1132.08,319.75,192.18,513.21,0.8324,-1,-1,-1
652,76,820.68,406.70,67.48,221.53,0.6320,-1,-1,-1
653,2,875.68,338.48,163.08,442.17,0.8444,-1,-1,-1
653,43,1031.13,306.63,113.77,477.62,0.8002,-1,-1,-1
653,49,1733.63,294.66,185.15,628.70,0.7907,-1,-1,-1
653,68,529.48,361.92,114.02,393.36,0.7025,-1,-1,-1
653,70,1312.58,306.03,144.97,507.54,0.7691,-1,-1,-1
653,56,1438.73,293.61,144.17,554.48,0.7715,-1,-1,-1
653,75,1129.01,316.53,195.12,526.28,0.8396,-1,-1,-1
653,76,815.07,404.66,70.75,228.34,0.6532,-1,-1,-1
654,2,871.59,336.28,165.72,441.02,0.8417,-1,-1,-1
654,43,1030.15,304.15,113.95,479.40,0.7950,-1,-1,-1
654,49,1746.22,291.34,172.17,655.96,0.7755,-1,-1,-1
654,68,526.10,358.98,105.44,396.80,0.7308,-1,-1,-1
654,70,1313.18,304.37,146.66,509.51,0.7868,-1,-1,-1
654,56,1441.00,292.80,145.76,553.46,0.7605,-1,-1,-1
654,75,1125.26,311.97,198.87,536.85,0.8530,-1,-1,-1
654,76,808.91,402.60,75.64,230.13,0.6979,-1,-1,-1
655,2,868.07,334.09,167.44,444.40,0.8410,-1,-1,-1
655,43,1028.40,303.35,115.52,478.79,0.7755,-1,-1,-1
655,49,1755.56,290.02,162.80,696.10,0.7631,-1,-1,-1
655,68,523.43,357.85,115.80,397.89,0.7641,-1,-1,-1
655,70,1315.36,297.53,146.26,519.82,0.8102,-1,-1,-1
655,56,1445.42,293.20,145.19,554.04,0.7370,-1,-1,-1
655,75,1120.89,310.33,203.78,543.38,0.8418,-1,-1,-1
655,76,806.01,402.05,73.51,230.27,0.6971,-1,-1,-1
656,2,864.89,333.63,166.23,443.26,0.8472,-1,-1,-1
656,43,1026.44,304.98,115.61,477.23,0.7898,-1,-1,-1
656,49,1765.71,288.44,152.23,730.21,0.7909,-1,-1,-1
656,68,517.80,358.77,112.93,402.10,0.7331,-1,-1,-1
656,70,1315.41,297.03,146.89,526.16,0.8156,-1,-1,-1
656,56,1448.33,293.10,144.77,558.52,0.7548,-1,-1,-1
656,75,1116.26,311.07,204.53,545.70,0.8422,-1,-1,-1
656,76,804.52,405.14,70.14,228.83,0.7181,-1,-1,-1
657,2,860.33,336.34,167.15,439.02,0.8642,-1,-1,-1
657,43,1025.53,307.03,114.66,480.48,0.7680,-1,-1,-1
657,49,1777.02,295.62,141.42,740.03,0.7591,-1,-1,-1
657,68,514.75,360.49,114.45,405.00,0.7422,-1,-1,-1
657,70,1314.59,298.06,149.13,531.98,0.8076,-1,-1,-1
657,56,1450.10,293.33,145.97,560.14,0.7551,-1,-1,-1
657,75,1113.50,312.02,204.27,543.98,0.8436,-1,-1,-1
657,76,802.23,402.91,67.41,235.05,0.6985,-1,-1,-1
658,2,855.21,332.56,169.64,444.17,0.8731,-1,-1,-1
658,43,1023.42,305.91,114.64,480.01,0.7671,-1,-1,-1
658,49,1788.12,292.71,130.85,756.38,0.7507,-1,-1,-1
658,68,510.16,359.43,118.46,405.80,0.8045,-1,-1,-1
658,70,1312.75,295.53,151.95,537.24,0.8147,-1,-1,-1
658,56,1452.52,290.36,145.92,562.02,0.7764,-1,-1,-1
658,75,1111.24,309.86,204.50,538.26,0.8412,-1,-1,-1
658,76,797.19,405.29,68.11,232.64,0.6547,-1,-1,-1
659,2,852.39,330.31,170.35,444.15,0.8718,-1,-1,-1
659,43,1020.62,305.41,113.81,480.09,0.7717,-1,-1,-1
659,49,1798.80,291.47,120.24,763.68,0.7336,-1,-1,-1
659,68,505.31,361.57,106.85,402.02,0.6653,-1,-1,-1
659,70,1310.82,294.78,155.08,540.78,0.8340,-1,-1,-1
659,56,1454.87,287.88,145.90,564.72,0.7847,-1,-1,-1
659,75,1108.51,306.88,207.56,547.69,0.8459,-1,-1,-1
659,76,792.24,403.87,70.23,229.96,0.6914,-1,-1,-1
660,2,850.15,328.85,170.62,443.15,0.8649,-1,-1,-1
660,43,1017.42,305.96,114.54,482.22,0.7694,-1,-1,-1
660,49,1806.65,286.45,112.50,778.06,0.7413,-1,-1,-1
660,68,500.79,362.66,102.28,400.04,0.7046,-1,-1,-1
660,70,1308.56,292.30,158.59,546.14,0.8387,-1,-1,-1
660,56,1456.44,286.55,146.73,567.61,0.7903,-1,-1,-1
660,75,1105.58,303.29,209.62,555.97,0.8485,-1,-1,-1
660,76,788.24,398.09,72.33,233.85,0.7189,-1,-1,-1
660,74,1263.57,329.22,86.61,432.99,0.3595,-1,-1,-1
661,2,847.83,327.62,169.16,445.82,0.8621,-1,-1,-1
661,43,1013.59,305.99,114.74,486.72,0.7682,-1,-1,-1
661,49,1811.74,284.41,107.33,787.80,0.7534,-1,-1,-1
661,68,496.04,361.54,119.37,405.78,0.7472,-1,-1,-1
661,70,1306.73,290.10,161.51,553.08,0.8142,-1,-1,-1
661,56,1456.13,285.37,147.65,572.14,0.7937,-1,-1,-1
661,75,1103.26,299.68,209.74,562.88,0.8685,-1,-1,-1
661,76,785.69,394.86,70.42,239.37,0.7361,-1,-1,-1
661,74,1263.54,327.92,81.91,435.26,0.3173,-1,-1,-1
662,2,846.16,328.19,168.11,450.69,0.8513,-1,-1,-1
662,43,1013.40,310.54,109.40,486.16,0.7678,-1,-1,-1
662,49,1813.36,285.35,105.39,790.36,0.7515,-1,-1,-1
662,68,490.39,360.55,111.86,408.48,0.7765,-1,-1,-1
662,70,1303.88,287.08,165.12,559.44,0.8082,-1,-1,-1
662,56,1454.64,285.57,150.84,574.94,0.8015,-1,-1,-1
662,75,1098.92,299.49,209.95,567.05,0.8827,-1,-1,-1
662,76,781.18,391.58,70.10,245.61,0.7734,-1,-1,-1
663,2,838.52,328.73,169.91,449.23,0.8381,-1,-1,-1
663,43,1009.61,311.89,110.67,489.36,0.8036,-1,-1,-1
663,49,1812.74,283.14,105.61,793.68,0.7607,-1,-1,-1
663,68,482.12,358.02,111.66,412.86,0.7901,-1,-1,-1
663,70,1296.10,287.54,170.84,562.58,0.8232,-1,-1,-1
663,56,1452.07,285.56,153.68,576.41,0.8119,-1,-1,-1
663,75,1093.02,296.84,212.96,572.90,0.8784,-1,-1,-1
664,2,832.97,331.07,172.03,444.18,0.8535,-1,-1,-1
664,43,1006.46,311.81,109.99,490.61,0.8056,-1,-1,-1
664,49,1812.31,282.40,105.94,794.80,0.7674,-1,-1,-1
664,68,474.72,355.87,119.56,416.28,0.7977,-1,-1,-1
664,70,1288.20,288.00,177.47,566.16,0.8258,-1,-1,-1
664,56,1450.40,285.02,157.40,578.61,0.8186,-1,-1,-1
664,75,1090.52,297.19,208.12,578.95,0.8739,-1,-1,-1
664,76,773.78,394.36,67.18,236.56,0.5357,-1,-1,-1
665,2,838.96,332.12,159.94,436.65,0.8440,-1,-1,-1
665,43,1000.42,309.05,114.07,491.84,0.7884,-1,-1,-1
665,49,1814.02,276.28,104.46,800.88,0.7559,-1,-1,-1
665,68,468.08,355.85,113.80,418.67,0.7516,-1,-1,-1
665,70,1284.85,282.55,178.59,574.49,0.8553,-1,-1,-1
665,56,1448.77,283.93,159.11,580.97,0.8175,-1,-1,-1
665,75,1086.71,294.33,213.98,584.14,0.8690,-1,-1,-1
665,76,765.58,395.46,72.81,239.28,0.6894,-1,-1,-1
666,2,841.14,332.09,155.30,439.82,0.8453,-1,-1,-1
666,43,994.75,305.70,115.59,492.10,0.7847,-1,-1,-1
666,49,1805.87,268.83,112.59,808.36,0.7588,-1,-1,-1
666,68,462.31,355.32,113.85,420.63,0.7394,-1,-1,-1
666,70,1276.12,281.10,184.01,578.51,0.8587,-1,-1,-1
666,56,1447.70,283.06,162.42,582.88,0.8405,-1,-1,-1
666,75,1084.59,291.26,219.97,593.90,0.8739,-1,-1,-1
666,76,763.50,395.64,70.96,241.87,0.6974,-1,-1,-1
667,2,839.29,332.67,154.67,443.86,0.8482,-1,-1,-1
667,43,988.66,304.13,117.59,481.49,0.7905,-1,-1,-1
667,49,1795.76,263.77,123.15,811.55,0.7675,-1,-1,-1
667,68,454.10,355.11,109.00,420.28,0.7098,-1,-1,-1
667,70,1273.64,275.86,183.31,584.88,0.8727,-1,-1,-1
667,56,1444.36,283.62,166.52,581.69,0.8500,-1,-1,-1
667,75,1083.14,287.99,224.42,609.62,0.8776,-1,-1,-1
667,76,759.54,396.62,70.78,242.93,0.7136,-1,-1,-1
668,2,836.58,332.39,156.59,441.19,0.8555,-1,-1,-1
668,43,982.41,302.21,119.15,486.17,0.7941,-1,-1,-1
668,49,1792.19,260.37,127.00,814.84,0.7446,-1,-1,-1
668,68,446.36,353.04,107.73,423.94,0.7815,-1,-1,-1
668,70,1270.37,270.57,183.38,589.87,0.8744,-1,-1,-1
668,56,1442.38,284.15,171.28,581.42,0.8600,-1,-1,-1
668,75,1079.55,284.88,228.97,619.08,0.8780,-1,-1,-1
668,76,755.28,391.44,72.10,249.46,0.7262,-1,-1,-1
668,78,1223.08,325.23,63.24,96.01,0.3836,-1,-1,-1
669,2,835.57,331.71,158.75,434.55,0.8533,-1,-1,-1
669,43,976.83,299.79,122.13,489.89,0.8046,-1,-1,-1
669,49,1796.10,255.50,123.54,820.53,0.7749,-1,-1,-1
669,68,440.74,346.79,109.17,432.08,0.7758,-1,-1,-1
669,70,1266.59,266.32,184.60,592.79,0.8621,-1,-1,-1
669,56,1440.75,282.18,176.69,582.80,0.8604,-1,-1,-1
669,75,1076.00,282.47,234.54,633.65,0.8838,-1,-1,-1
669,76,750.07,391.79,74.11,249.73,0.6921,-1,-1,-1
670,2,834.57,330.62,156.89,431.48,0.8458,-1,-1,-1
670,43,975.18,298.60,120.34,488.75,0.8182,-1,-1,-1
670,49,1798.55,249.79,121.64,826.63,0.7925,-1,-1,-1
670,68,433.59,347.79,111.48,434.60,0.7885,-1,-1,-1
670,70,1265.90,252.71,184.24,609.20,0.8558,-1,-1,-1
670,56,1441.15,280.75,178.89,584.74,0.8579,-1,-1,-1
670,75,1073.65,280.79,238.03,649.49,0.8828,-1,-1,-1
670,76,742.67,389.04,79.85,254.06,0.7225,-1,-1,-1
671,2,834.96,330.31,151.24,432.26,0.8529,-1,-1,-1
671,43,973.38,298.28,121.09,486.09,0.8109,-1,-1,-1
671,49,1798.69,243.79,121.94,832.68,0.7864,-1,-1,-1
671,68,429.51,348.99,113.40,435.14,0.8086,-1,-1,-1
671,70,1269.76,254.81,182.96,610.05,0.8530,-1,-1,-1
671,56,1441.09,278.65,181.78,588.23,0.8559,-1,-1,-1
671,75,1073.96,281.00,239.44,664.53,0.8848,-1,-1,-1
671,76,740.39,385.68,80.18,258.45,0.7257,-1,-1,-1
672,2,836.20,329.87,149.41,433.61,0.8553,-1,-1,-1
672,43,971.20,296.70,124.46,488.12,0.8134,-1,-1,-1
672,49,1797.87,228.50,123.75,844.25,0.7838,-1,-1,-1
672,68,424.93,348.62,118.70,440.02,0.7895,-1,-1,-1
672,70,1270.98,247.56,185.23,622.89,0.8494,-1,-1,-1
672,56,1442.12,276.32,183.57,590.32,0.8604,-1,-1,-1
672,75,1075.00,279.65,241.28,682.57,0.8894,-1,-1,-1
672,76,737.74,384.09,81.97,261.80,0.7198,-1,-1,-1
673,2,837.99,328.56,142.93,433.59,0.8483,-1,-1,-1
673,43,970.56,294.23,126.10,486.35,0.8159,-1,-1,-1
673,49,1794.72,168.78,127.65,903.33,0.7711,-1,-1,-1
673,68,421.11,350.66,120.20,440.33,0.7847,-1,-1,-1
673,70,1273.01,242.40,186.88,635.03,0.8356,-1,-1,-1
673,56,1444.27,274.29,184.66,593.92,0.8488,-1,-1,-1
673,75,1075.65,275.00,246.93,697.11,0.8859,-1,-1,-1
673,76,736.83,380.94,80.81,265.12,0.7207,-1,-1,-1
674,2,839.07,328.56,138.84,433.27,0.8471,-1,-1,-1
674,43,970.53,294.46,125.98,485.96,0.8090,-1,-1,-1
674,49,1789.02,156.56,132.99,915.39,0.7816,-1,-1,-1
674,68,419.56,353.01,119.60,441.04,0.7688,-1,-1,-1
674,70,1277.71,240.67,183.26,650.93,0.8243,-1,-1,-1
674,56,1445.95,273.86,188.05,594.00,0.8414,-1,-1,-1
674,75,1074.48,268.91,255.86,710.13,0.8774,-1,-1,-1
674,76,736.82,380.64,82.63,263.88,0.7019,-1,-1,-1
675,2,839.51,328.84,138.21,434.15,0.8531,-1,-1,-1
675,43,969.68,293.51,127.11,489.17,0.8131,-1,-1,-1
675,49,1781.57,191.62,139.95,879.71,0.7948,-1,-1,-1
675,68,416.95,351.01,122.09,446.77,0.7744,-1,-1,-1
675,70,1282.42,245.59,184.70,662.63,0.8163,-1,-1,-1
675,56,1447.74,273.57,190.64,595.03,0.8448,-1,-1,-1
675,75,1071.41,265.46,265.66,719.55,0.8752,-1,-1,-1
675,76,736.53,382.04,82.37,260.70,0.7085,-1,-1,-1
676,2,839.14,329.68,138.87,435.60,0.8513,-1,-1,-1
676,43,969.74,293.25,128.33,489.69,0.8215,-1,-1,-1
676,49,1774.81,212.16,146.77,857.20,0.8226,-1,-1,-1
676,68,414.76,351.46,124.84,450.17,0.7926,-1,-1,-1
676,70,1288.77,239.95,187.84,676.41,0.7948,-1,-1,-1
676,56,1455.34,273.07,188.10,589.76,0.8382,-1,-1,-1
676,75,1069.22,260.45,277.23,729.03,0.8543,-1,-1,-1
676,76,735.17,382.29,84.23,261.32,0.7246,-1,-1,-1
677,2,838.59,327.29,141.10,437.11,0.8420,-1,-1,-1
677,43,971.81,291.10,126.35,487.85,0.8249,-1,-1,-1
677,49,1764.81,226.38,156.79,842.44,0.8336,-1,-1,-1
677,68,411.53,347.53,126.52,454.13,0.7924,-1,-1,-1
677,70,1295.44,230.70,201.37,695.15,0.7772,-1,-1,-1
677,56,1460.72,267.47,189.39,592.93,0.8357,-1,-1,-1
677,75,1066.25,252.16,288.35,713.89,0.8501,-1,-1,-1
677,76,734.21,379.50,86.37,264.10,0.7434,-1,-1,-1
678,2,839.19,326.32,141.67,439.15,0.8475,-1,-1,-1
678,43,972.45,290.54,127.73,488.81,0.8165,-1,-1,-1
678,49,1758.18,232.10,163.71,839.80,0.8555,-1,-1,-1
678,68,409.21,347.51,128.28,455.52,0.7955,-1,-1,-1
678,70,1301.43,226.74,205.73,705.50,0.8078,-1,-1,-1
678,56,1467.54,264.30,185.46,595.70,0.8227,-1,-1,-1
678,75,1063.14,243.92,303.96,708.96,0.8709,-1,-1,-1
678,76,734.18,379.12,86.87,266.17,0.7408,-1,-1,-1
679,2,838.94,326.66,144.73,438.79,0.8426,-1,-1,-1
679,43,977.26,290.56,125.84,486.48,0.7902,-1,-1,-1
679,49,1752.20,240.75,169.97,833.19,0.8450,-1,-1,-1
679,68,408.24,347.37,127.75,456.05,0.7841,-1,-1,-1
679,70,1309.52,226.67,203.95,721.62,0.8382,-1,-1,-1
679,56,1476.44,262.78,182.52,595.54,0.8157,-1,-1,-1
679,75,1062.23,237.17,314.27,730.89,0.8623,-1,-1,-1
679,76,734.52,377.99,86.29,266.80,0.7336,-1,-1,-1
680,2,837.71,328.69,154.19,438.67,0.8465,-1,-1,-1
680,43,982.11,292.08,122.51,484.54,0.7723,-1,-1,-1
680,49,1745.36,245.15,177.34,814.97,0.7731,-1,-1,-1
680,68,408.69,347.17,129.17,458.91,0.7866,-1,-1,-1
680,70,1318.30,233.08,207.24,730.33,0.8708,-1,-1,-1
680,56,1485.91,261.92,183.41,602.43,0.8342,-1,-1,-1
680,75,1064.60,231.86,306.26,758.35,0.8740,-1,-1,-1
680,76,735.88,377.84,87.11,269.68,0.7449,-1,-1,-1
681,2,839.00,331.29,159.65,437.82,0.8541,-1,-1,-1
681,43,985.62,295.22,120.37,481.75,0.7802,-1,-1,-1
681,49,1739.61,249.65,183.33,740.95,0.7894,-1,-1,-1
681,68,410.71,346.23,130.58,462.37,0.7832,-1,-1,-1
681,70,1328.93,237.49,204.84,733.90,0.8649,-1,-1,-1
681,56,1491.80,261.88,186.27,607.66,0.8323,-1,-1,-1
681,75,1071.18,226.73,295.49,781.04,0.8695,-1,-1,-1
681,76,736.45,381.03,91.05,270.98,0.7563,-1,-1,-1
682,2,840.23,332.49,166.76,441.03,0.8250,-1,-1,-1
682,43,991.97,295.70,117.19,482.37,0.8018,-1,-1,-1
682,49,1735.68,254.64,187.00,597.11,0.8296,-1,-1,-1
682,68,412.90,345.41,129.04,464.90,0.7898,-1,-1,-1
682,70,1340.55,235.07,202.54,741.33,0.8558,-1,-1,-1
682,56,1500.67,259.99,180.74,617.01,0.8326,-1,-1,-1
682,75,1077.86,222.97,291.38,793.39,0.8819,-1,-1,-1
682,76,737.89,381.21,92.98,274.13,0.7630,-1,-1,-1
683,2,845.34,334.77,166.28,433.28,0.8037,-1,-1,-1
683,43,996.90,294.83,118.28,486.47,0.8023,-1,-1,-1
683,49,1740.08,259.06,182.23,536.55,0.7006,-1,-1,-1
683,68,414.16,346.35,127.01,464.81,0.7796,-1,-1,-1
683,70,1350.07,232.75,212.07,751.40,0.8695,-1,-1,-1
683,56,1508.62,257.42,171.54,622.64,0.8320,-1,-1,-1
683,75,1083.28,219.70,293.73,811.84,0.8783,-1,-1,-1
683,76,740.09,382.03,92.44,274.50,0.7639,-1,-1,-1
684,2,849.95,336.55,163.66,435.44,0.8396,-1,-1,-1
684,43,1002.61,296.31,115.63,488.84,0.8060,-1,-1,-1
684,49,1746.20,263.10,176.30,509.55,0.6231,-1,-1,-1
684,68,416.77,347.59,126.88,465.89,0.7940,-1,-1,-1
684,70,1359.83,226.87,219.97,762.98,0.8636,-1,-1,-1
684,56,1515.51,258.42,171.42,627.59,0.8201,-1,-1,-1
684,75,1090.66,217.00,295.35,842.87,0.8764,-1,-1,-1
684,76,745.92,382.58,90.93,277.48,0.7767,-1,-1,-1
685,2,860.17,333.99,157.73,436.18,0.8128,-1,-1,-1
685,43,1009.46,296.62,113.91,489.46,0.8054,-1,-1,-1
685,49,1754.28,266.95,168.25,508.90,0.4476,-1,-1,-1
685,68,420.43,342.24,128.60,472.29,0.7980,-1,-1,-1
685,70,1370.49,220.97,222.65,770.01,0.8325,-1,-1,-1
685,56,1523.29,259.59,164.70,623.93,0.7557,-1,-1,-1
685,75,1097.12,213.76,299.21,863.06,0.8874,-1,-1,-1
685,76,752.54,382.08,88.79,280.64,0.7894,-1,-1,-1
686,2,872.22,333.54,149.33,434.36,0.8561,-1,-1,-1
686,43,1017.06,294.17,116.48,490.72,0.7971,-1,-1,-1
686,49,1766.02,277.83,156.39,502.03,0.6645,-1,-1,-1
686,68,424.82,341.61,125.62,474.00,0.8145,-1,-1,-1
686,70,1384.64,212.23,232.19,781.14,0.8309,-1,-1,-1
686,56,1541.89,266.15,149.31,619.50,0.4313,-1,-1,-1
686,75,1103.69,210.02,301.16,872.48,0.8993,-1,-1,-1
686,76,757.62,382.71,88.16,279.25,0.8152,-1,-1,-1
687,2,878.51,330.25,155.61,438.18,0.8464,-1,-1,-1
687,43,1021.02,294.73,120.34,495.24,0.7959,-1,-1,-1
687,49,1784.44,297.13,138.01,529.73,0.6378,-1,-1,-1
687,68,429.15,336.93,121.01,474.26,0.7954,-1,-1,-1
687,70,1395.67,203.25,258.44,795.06,0.8370,-1,-1,-1
687,75,1107.11,206.05,308.06,878.16,0.9021,-1,-1,-1
687,76,764.71,379.55,87.67,282.64,0.8177,-1,-1,-1
688,2,884.16,327.01,152.02,435.39,0.8325,-1,-1,-1
688,43,1028.95,293.32,119.15,490.85,0.8105,-1,-1,-1
688,49,1801.99,323.93,120.00,526.32,0.6843,-1,-1,-1
688,68,433.27,332.40,122.98,478.83,0.7640,-1,-1,-1
688,70,1408.25,193.21,278.63,808.38,0.8663,-1,-1,-1
688,75,1109.76,197.36,315.71,885.27,0.8989,-1,-1,-1
688,76,767.05,377.19,90.91,282.44,0.7856,-1,-1,-1
689,2,891.04,322.79,150.79,432.04,0.8103,-1,-1,-1
689,43,1036.84,290.46,116.62,489.20,0.7757,-1,-1,-1
689,49,1823.02,360.99,98.28,500.62,0.5571,-1,-1,-1
689,68,436.24,328.34,123.35,477.35,0.8084,-1,-1,-1
689,70,1419.46,187.45,290.95,809.82,0.8774,-1,-1,-1
689,75,1112.66,177.22,323.27,903.13,0.8956,-1,-1,-1
689,76,770.10,372.56,95.63,283.03,0.7697,-1,-1,-1
690,2,895.98,317.54,157.66,433.60,0.7927,-1,-1,-1
690,43,1044.74,286.46,115.67,487.96,0.8152,-1,-1,-1
690,49,1847.24,400.38,73.55,477.12,0.3386,-1,-1,-1
690,68,438.35,322.13,122.50,476.69,0.7845,-1,-1,-1
690,70,1428.62,178.71,310.93,816.09,0.8657,-1,-1,-1
690,75,1112.54,169.00,334.49,906.82,0.8985,-1,-1,-1
690,76,773.84,363.46,94.19,288.22,0.7459,-1,-1,-1
690,80,869.15,379.47,49.04,227.70,0.4064,-1,-1,-1
691,2,900.97,311.88,162.45,432.73,0.8089,-1,-1,-1
691,43,1048.78,283.09,115.51,487.00,0.7609,-1,-1,-1
691,68,440.27,318.35,122.47,478.25,0.7141,-1,-1,-1
691,70,1437.88,166.12,330.45,830.72,0.8799,-1,-1,-1
691,75,1111.96,171.77,342.08,905.22,0.9032,-1,-1,-1
691,76,777.22,360.89,93.97,290.16,0.7824,-1,-1,-1
691,80,869.86,380.77,51.74,221.01,0.3538,-1,-1,-1
692,2,905.99,307.26,151.19,433.05,0.7948,-1,-1,-1
692,43,1052.94,279.66,116.88,491.10,0.7500,-1,-1,-1
692,68,440.52,313.61,123.96,483.12,0.7419,-1,-1,-1
692,70,1445.76,154.66,344.87,854.77,0.8965,-1,-1,-1
692,75,1109.30,159.58,355.89,919.55,0.8951,-1,-1,-1
692,76,779.30,355.90,93.58,293.43,0.7836,-1,-1,-1
692,80,867.81,374.80,57.06,219.13,0.5086,-1,-1,-1
693,2,909.66,302.43,148.91,435.43,0.7916,-1,-1,-1
693,43,1058.64,273.51,109.07,512.02,0.6059,-1,-1,-1
693,68,440.08,309.19,141.24,487.55,0.6779,-1,-1,-1
693,70,1452.30,144.39,358.61,885.60,0.9008,-1,-1,-1
693,75,1106.37,138.93,372.13,937.78,0.8889,-1,-1,-1
693,76,778.91,353.04,93.94,293.30,0.7794,-1,-1,-1
693,80,866.34,370.99,61.79,220.31,0.5331,-1,-1,-1
694,2,910.64,298.98,144.62,437.56,0.8126,-1,-1,-1
694,43,1062.36,267.36,100.83,518.26,0.5496,-1,-1,-1
694,68,438.76,304.10,139.41,492.23,0.6922,-1,-1,-1
694,70,1457.11,137.54,377.14,910.09,0.8982,-1,-1,-1
694,75,1103.39,126.93,391.72,949.91,0.8896,-1,-1,-1
694,76,779.63,350.89,93.88,294.45,0.7482,-1,-1,-1
694,80,865.03,367.12,62.96,218.18,0.5095,-1,-1,-1
695,2,911.61,297.80,142.96,436.19,0.8102,-1,-1,-1
695,43,1061.27,259.98,125.12,606.56,0.5270,-1,-1,-1
695,68,435.09,298.93,130.95,494.99,0.7972,-1,-1,-1
695,70,1462.52,130.20,396.36,922.62,0.8994,-1,-1,-1
695,75,1096.06,113.59,416.38,962.93,0.8795,-1,-1,-1
695,76,780.11,346.60,91.14,296.00,0.7458,-1,-1,-1
695,80,865.48,363.30,65.04,223.21,0.6096,-1,-1,-1
696,2,911.12,299.59,139.70,433.44,0.8455,-1,-1,-1
696,43,1051.71,253.15,148.51,649.65,0.6175,-1,-1,-1
696,68,432.44,296.56,127.88,497.88,0.8193,-1,-1,-1
696,70,1467.35,125.07,410.95,936.99,0.9045,-1,-1,-1
696,75,1096.15,101.61,428.71,975.56,0.8823,-1,-1,-1
696,76,777.42,343.86,92.96,297.59,0.7684,-1,-1,-1
696,80,865.96,363.44,64.50,227.39,0.6266,-1,-1,-1
697,2,914.11,296.37,135.28,431.64,0.8157,-1,-1,-1
697,43,1046.74,248.29,153.52,675.03,0.6702,-1,-1,-1
697,68,426.78,293.73,131.02,499.26,0.7918,-1,-1,-1
697,70,1475.92,115.23,418.55,955.16,0.8911,-1,-1,-1
697,75,1103.99,85.87,438.87,990.60,0.8937,-1,-1,-1
697,76,775.92,337.67,94.72,300.34,0.7628,-1,-1,-1
697,80,865.39,361.06,64.06,228.76,0.6717,-1,-1,-1
698,2,916.97,291.06,138.71,435.61,0.8322,-1,-1,-1
698,43,1046.71,230.67,164.32,703.01,0.6729,-1,-1,-1
698,68,425.59,286.66,127.68,501.59,0.7804,-1,-1,-1
698,70,1482.45,109.22,429.74,960.67,0.9017,-1,-1,-1
698,75,1105.97,69.22,446.71,1007.30,0.9040,-1,-1,-1
698,76,774.95,336.43,96.92,300.71,0.7806,-1,-1,-1
698,80,863.34,357.66,65.87,228.53,0.6886,-1,-1,-1
699,2,918.81,285.04,146.31,438.87,0.8359,-1,-1,-1
699,43,1046.89,211.89,168.41,730.11,0.6958,-1,-1,-1
699,68,422.96,280.33,135.65,504.31,0.7728,-1,-1,-1
699,70,1492.26,97.29,432.53,968.39,0.9050,-1,-1,-1
699,75,1112.58,51.15,451.20,1026.18,0.9052,-1,-1,-1
699,76,773.39,333.26,101.23,301.89,0.7890,-1,-1,-1
699,80,863.72,351.91,66.04,229.24,0.6889,-1,-1,-1
700,2,920.07,282.27,148.24,440.07,0.8452,-1,-1,-1
700,43,1050.30,197.91,164.52,748.44,0.7592,-1,-1,-1
700,68,421.19,275.84,132.44,506.14,0.7964,-1,-1,-1
700,70,1501.23,82.34,427.84,984.86,0.9101,-1,-1,-1
700,75,1124.96,33.78,452.24,1043.24,0.8994,-1,-1,-1
700,76,772.13,331.09,102.92,303.85,0.7657,-1,-1,-1
700,80,865.49,347.34,63.75,230.82,0.6502,-1,-1,-1
701,2,920.86,282.26,147.52,437.86,0.8554,-1,-1,-1
701,43,1052.83,189.58,148.04,758.25,0.7719,-1,-1,-1
701,68,417.33,271.85,131.00,511.58,0.8243,-1,-1,-1
701,70,1510.55,73.97,418.48,993.10,0.9082,-1,-1,-1
701,75,1133.82,22.57,451.98,1054.10,0.8951,-1,-1,-1
701,76,772.40,328.86,103.45,305.55,0.7537,-1,-1,-1
701,80,864.42,345.54,65.48,233.40,0.6725,-1,-1,-1
702,2,921.42,279.32,142.17,435.15,0.8407,-1,-1,-1
702,43,1047.89,180.32,165.48,768.32,0.8141,-1,-1,-1
702,68,414.35,267.10,131.27,517.14,0.8279,-1,-1,-1
702,70,1514.50,63.74,413.92,1003.12,0.9111,-1,-1,-1
702,75,1137.51,10.07,454.34,1065.24,0.8916,-1,-1,-1
702,76,773.23,324.77,99.58,306.57,0.7640,-1,-1,-1
702,80,859.75,339.56,71.18,237.61,0.7016,-1,-1,-1
703,2,922.38,276.87,136.49,432.83,0.8366,-1,-1,-1
703,43,1044.71,170.57,174.88,778.29,0.8353,-1,-1,-1
703,68,407.85,260.65,135.36,522.93,0.8180,-1,-1,-1
703,70,1521.85,50.62,406.70,1018.83,0.9060,-1,-1,-1
703,75,1145.77,0.86,455.25,1074.37,0.8957,-1,-1,-1
703,76,772.44,319.23,100.63,311.12,0.7656,-1,-1,-1
703,80,859.92,333.87,71.94,244.49,0.6810,-1,-1,-1
704,2,922.30,271.47,127.67,432.08,0.8208,-1,-1,-1
704,43,1037.99,159.57,197.95,788.12,0.8462,-1,-1,-1
704,68,400.61,253.89,137.64,524.65,0.8433,-1,-1,-1
704,70,1532.21,37.81,395.29,1032.19,0.9108,-1,-1,-1
704,75,1152.57,-4.11,456.66,1077.72,0.9025,-1,-1,-1
704,76,771.78,313.68,103.94,313.51,0.7671,-1,-1,-1
704,80,860.04,328.49,71.18,247.30,0.6798,-1,-1,-1
705,2,921.66,264.11,123.36,431.67,0.8178,-1,-1,-1
705,43,1029.89,148.20,205.38,798.40,0.8462,-1,-1,-1
705,68,395.28,249.47,142.09,524.13,0.8588,-1,-1,-1
705,70,1544.82,15.66,382.98,1051.43,0.9014,-1,-1,-1
705,75,1159.01,-5.71,456.88,1078.00,0.9049,-1,-1,-1
705,76,774.09,309.14,99.39,314.97,0.7490,-1,-1,-1
705,80,856.59,322.78,72.57,246.59,0.6568,-1,-1,-1
706,2,922.50,258.42,122.40,430.18,0.8049,-1,-1,-1
706,43,1012.67,136.77,214.48,818.86,0.8301,-1,-1,-1
706,68,391.98,242.67,142.46,529.02,0.8136,-1,-1,-1
706,70,1557.54,2.04,370.78,1066.21,0.9177,-1,-1,-1
706,75,1168.93,-6.05,461.44,1079.12,0.9111,-1,-1,-1
706,76,773.56,302.99,97.00,317.30,0.7622,-1,-1,-1
706,80,854.20,317.98,74.00,249.79,0.6821,-1,-1,-1
707,2,922.37,254.07,122.79,427.92,0.7559,-1,-1,-1
707,43,999.35,122.20,221.91,851.99,0.8320,-1,-1,-1
707,68,388.43,236.20,143.15,530.84,0.8208,-1,-1,-1
707,70,1577.76,-2.63,350.76,1076.49,0.9170,-1,-1,-1
707,75,1179.56,-5.27,471.71,1081.31,0.9136,-1,-1,-1
707,76,776.66,295.77,92.02,317.91,0.7831,-1,-1,-1
707,80,854.03,312.46,74.18,249.91,0.6648,-1,-1,-1
708,2,923.67,242.42,109.31,433.76,0.6969,-1,-1,-1
708,43,985.66,108.05,228.43,880.69,0.8468,-1,-1,-1
708,68,386.34,229.69,144.74,532.70,0.7950,-1,-1,-1
708,70,1600.42,-2.92,327.07,1079.52,0.9075,-1,-1,-1
708,75,1185.54,-4.40,488.22,1078.59,0.9134,-1,-1,-1
708,76,773.97,288.73,97.74,319.37,0.7736,-1,-1,-1
708,80,853.36,305.29,74.78,256.25,0.6081,-1,-1,-1
709,2,916.80,231.95,116.01,437.03,0.5532,-1,-1,-1
709,43,974.56,97.03,252.52,905.97,0.8609,-1,-1,-1
709,68,381.83,218.03,145.09,543.22,0.8032,-1,-1,-1
709,70,1628.30,-1.24,297.61,1084.93,0.8982,-1,-1,-1
709,75,1199.78,-3.25,502.41,1078.13,0.9182,-1,-1,-1
709,76,769.41,281.72,103.16,322.92,0.7602,-1,-1,-1
709,80,852.57,300.57,74.36,255.16,0.5355,-1,-1,-1
710,43,950.01,85.52,287.71,931.25,0.8828,-1,-1,-1
710,68,377.32,211.00,145.90,546.59,0.7942,-1,-1,-1
710,70,1659.16,-1.38,267.92,1088.15,0.8971,-1,-1,-1
710,75,1217.34,-2.76,521.03,1077.22,0.9315,-1,-1,-1
710,76,767.82,274.83,104.74,327.33,0.7692,-1,-1,-1
710,80,854.39,296.76,71.35,253.09,0.4965,-1,-1,-1
711,43,934.05,76.85,309.79,952.01,0.8934,-1,-1,-1
711,68,372.67,206.14,147.72,550.15,0.8141,-1,-1,-1
711,70,1694.97,-1.75,233.13,1076.45,0.8807,-1,-1,-1
711,75,1232.90,-4.01,562.62,1076.91,0.9216,-1,-1,-1
711,76,772.22,269.92,100.28,330.80,0.7466,-1,-1,-1
711,80,854.07,294.42,70.96,256.30,0.4919,-1,-1,-1
712,43,919.58,63.31,325.18,978.93,0.9029,-1,-1,-1
712,68,368.55,201.45,147.16,554.05,0.8206,-1,-1,-1
712,70,1732.28,-2.15,192.77,957.40,0.7731,-1,-1,-1
712,75,1252.98,-1.77,578.80,1077.05,0.9111,-1,-1,-1
712,76,764.69,265.48,108.00,334.38,0.7431,-1,-1,-1
712,80,853.24,292.49,68.46,255.01,0.5970,-1,-1,-1
713,43,909.08,51.79,330.65,1005.40,0.8966,-1,-1,-1
713,68,365.18,195.52,147.34,557.03,0.8164,-1,-1,-1
713,70,1775.84,0.88,143.84,866.14,0.5927,-1,-1,-1
713,75,1270.93,2.04,599.79,1071.20,0.9159,-1,-1,-1
713,76,759.60,260.78,114.15,337.17,0.7595,-1,-1,-1
713,80,851.74,285.72,71.39,260.06,0.5324,-1,-1,-1
714,43,900.00,43.28,330.68,1022.59,0.8874,-1,-1,-1
714,68,363.51,193.05,147.75,558.06,0.8265,-1,-1,-1
714,75,1288.07,3.46,620.99,1067.41,0.9254,-1,-1,-1
714,76,756.56,258.63,116.41,338.77,0.7820,-1,-1,-1
714,80,852.39,284.47,68.87,261.45,0.5898,-1,-1,-1
715,43,890.74,33.10,335.64,1041.33,0.8908,-1,-1,-1
715,68,357.42,190.29,154.93,562.03,0.8250,-1,-1,-1
715,75,1293.31,-1.78,640.11,1070.79,0.9283,-1,-1,-1
715,76,756.63,254.94,121.91,341.62,0.7669,-1,-1,-1
715,80,851.73,279.91,62.33,266.34,0.4193,-1,-1,-1
716,43,878.01,14.50,335.28,1058.40,0.8965,-1,-1,-1
716,68,355.04,187.83,153.34,564.84,0.8276,-1,-1,-1
716,75,1282.36,-1.75,652.78,1069.87,0.9285,-1,-1,-1
716,76,756.32,252.62,120.88,341.44,0.7613,-1,-1,-1
716,80,848.49,274.37,55.62,269.36,0.3652,-1,-1,-1
716,83,1239.01,316.32,60.10,207.62,0.5869,-1,-1,-1
717,43,860.80,2.73,344.45,1077.39,0.9083,-1,-1,-1
717,68,350.48,187.61,158.58,564.50,0.8039,-1,-1,-1
717,75,1272.30,-0.93,661.00,1068.10,0.9286,-1,-1,-1
717,76,754.38,248.60,125.36,345.67,0.8057,-1,-1,-1
717,83,1241.98,311.14,61.05,212.03,0.5070,-1,-1,-1
718,43,845.16,4.96,345.56,1076.65,0.9027,-1,-1,-1
718,68,345.98,182.80,161.93,570.93,0.8183,-1,-1,-1
718,75,1266.72,0.50,665.73,1069.19,0.9180,-1,-1,-1
718,76,753.99,245.22,118.95,350.59,0.8089,-1,-1,-1
718,83,1240.01,307.97,67.40,214.99,0.5913,-1,-1,-1
719,43,821.44,0.64,351.28,1077.28,0.8994,-1,-1,-1
719,68,342.66,179.46,160.42,575.31,0.8280,-1,-1,-1
719,75,1265.33,2.12,663.23,1069.68,0.9180,-1,-1,-1
719,76,752.38,241.35,109.26,354.71,0.7687,-1,-1,-1
719,83,1240.27,310.96,71.57,210.78,0.5575,-1,-1,-1
720,43,795.40,0.86,358.04,1076.38,0.8882,-1,-1,-1
720,68,340.84,179.40,157.93,578.51,0.8484,-1,-1,-1
720,75,1271.69,5.17,652.11,1058.95,0.9173,-1,-1,-1
720,76,754.29,241.42,91.06,355.03,0.6818,-1,-1,-1
720,83,1240.82,307.97,75.13,214.45,0.6397,-1,-1,-1
720,85,1099.13,168.50,112.87,513.66,0.7165,-1,-1,-1
721,43,770.92,-0.32,362.67,1082.84,0.9126,-1,-1,-1
721,68,336.39,174.97,159.04,586.36,0.8474,-1,-1,-1
721,75,1286.80,4.91,636.48,1061.68,0.8841,-1,-1,-1
721,83,1241.21,304.04,76.93,216.54,0.6066,-1,-1,-1
721,85,1094.51,165.76,125.50,519.51,0.7447,-1,-1,-1
722,43,748.90,0.02,367.67,1080.18,0.9107,-1,-1,-1
722,68,332.00,170.58,161.42,591.87,0.8438,-1,-1,-1
722,75,1299.42,4.72,620.52,1060.47,0.9198,-1,-1,-1
722,83,1242.54,296.66,70.38,222.97,0.4930,-1,-1,-1
722,85,1089.11,162.63,137.31,520.09,0.7899,-1,-1,-1
722,86,1317.16,117.30,156.14,489.73,0.7093,-1,-1,-1
723,43,725.51,-0.03,371.97,1081.53,0.9036,-1,-1,-1
723,68,325.97,167.40,164.00,596.34,0.8462,-1,-1,-1
723,75,1310.12,4.77,609.42,1061.97,0.9027,-1,-1,-1
723,83,1244.99,308.01,66.57,213.17,0.5252,-1,-1,-1
723,85,1083.57,162.06,143.02,513.38,0.8314,-1,-1,-1
723,86,1306.64,112.64,165.22,543.42,0.7295,-1,-1,-1
724,43,699.08,0.23,386.64,1075.28,0.9061,-1,-1,-1
724,68,320.47,164.30,165.40,599.88,0.8366,-1,-1,-1
724,75,1318.46,6.42,599.21,1060.01,0.9020,-1,-1,-1
724,85,1077.26,159.22,150.60,509.88,0.8438,-1,-1,-1
724,86,1269.43,108.61,194.84,619.23,0.7753,-1,-1,-1
725,43,664.38,1.45,396.45,1072.22,0.9040,-1,-1,-1
725,68,314.49,159.47,166.63,603.49,0.8384,-1,-1,-1
725,75,1328.61,7.97,585.78,1058.69,0.8821,-1,-1,-1
725,85,1072.13,157.24,153.26,507.52,0.8373,-1,-1,-1
725,86,1242.08,102.17,213.42,663.29,0.8577,-1,-1,-1
726,43,631.66,1.25,404.96,1073.91,0.9086,-1,-1,-1
726,68,308.10,156.33,166.87,607.70,0.8181,-1,-1,-1
726,75,1342.93,8.04,573.22,1058.61,0.8125,-1,-1,-1
726,85,1067.83,153.62,160.58,508.59,0.8424,-1,-1,-1
726,86,1217.14,103.19,236.15,704.47,0.8564,-1,-1,-1
727,43,596.38,-2.00,415.32,1081.84,0.9053,-1,-1,-1
727,68,287.52,145.75,172.36,618.09,0.8201,-1,-1,-1
727,75,1376.78,1.74,544.76,1069.92,0.8124,-1,-1,-1
727,85,1061.48,148.27,166.84,515.24,0.8544,-1,-1,-1
727,86,1188.14,100.16,267.91,721.14,0.8694,-1,-1,-1
728,43,557.16,-3.85,434.58,1085.82,0.9091,-1,-1,-1
728,68,276.24,136.75,171.26,625.82,0.8495,-1,-1,-1
728,75,1484.23,0.34,438.47,1062.80,0.7383,-1,-1,-1
728,85,1058.88,143.29,155.38,516.90,0.6673,-1,-1,-1
728,86,1151.93,96.16,304.99,729.08,0.8591,-1,-1,-1
728,89,942.00,182.08,117.03,444.82,0.7887,-1,-1,-1
729,43,511.23,-6.84,454.49,1086.72,0.9076,-1,-1,-1
729,68,264.93,124.80,171.48,634.38,0.8670,-1,-1,-1
729,75,1641.02,15.35,281.39,1049.12,0.6981,-1,-1,-1
729,85,1055.92,139.87,140.38,515.44,0.7569,-1,-1,-1
729,86,1120.18,87.95,336.49,734.06,0.8772,-1,-1,-1
729,89,931.12,180.91,121.33,443.20,0.8449,-1,-1,-1
730,43,462.08,-5.81,476.08,1085.48,0.9227,-1,-1,-1
730,68,255.08,119.51,173.98,637.10,0.8434,-1,-1,-1
730,85,1050.32,137.25,138.66,517.62,0.8079,-1,-1,-1
730,86,1101.50,87.59,354.43,730.02,0.9001,-1,-1,-1
730,89,918.26,182.41,139.56,439.64,0.8500,-1,-1,-1
731,43,417.07,-1.94,489.56,1079.67,0.9070,-1,-1,-1
731,68,246.60,116.67,174.33,640.59,0.8306,-1,-1,-1
731,85,1046.98,136.77,135.17,517.36,0.7967,-1,-1,-1
731,86,1096.12,89.24,357.11,725.80,0.8963,-1,-1,-1
731,89,909.35,183.03,145.57,439.29,0.8390,-1,-1,-1
732,43,366.01,2.31,513.29,1066.33,0.9132,-1,-1,-1
732,68,244.62,109.76,163.16,647.20,0.8457,-1,-1,-1
732,85,1047.96,137.36,128.11,514.22,0.8123,-1,-1,-1
732,86,1080.57,89.48,370.31,722.41,0.8785,-1,-1,-1
732,89,904.76,184.52,153.54,436.25,0.8396,-1,-1,-1
733,43,268.54,2.41,576.63,1064.30,0.9026,-1,-1,-1
733,85,1045.10,133.43,121.94,514.04,0.8048,-1,-1,-1
733,86,1077.99,79.18,363.41,729.89,0.8631,-1,-1,-1
733,89,898.05,181.24,163.81,436.43,0.8547,-1,-1,-1
734,43,221.27,8.28,588.28,1056.90,0.9264,-1,-1,-1
734,85,1041.82,137.13,118.45,512.82,0.8040,-1,-1,-1
734,86,1067.76,81.16,358.52,737.67,0.8614,-1,-1,-1
734,89,895.28,185.15,154.65,433.40,0.8419,-1,-1,-1
735,43,164.31,8.64,613.66,1054.68,0.9089,-1,-1,-1
735,85,1034.94,138.74,114.81,516.11,0.7599,-1,-1,-1
735,86,1052.07,82.44,352.22,743.14,0.8626,-1,-1,-1
735,89,889.59,185.32,147.59,424.85,0.8574,-1,-1,-1
735,91,741.07,212.20,105.95,398.97,0.6851,-1,-1,-1
736,43,70.31,7.28,669.43,1057.62,0.8624,-1,-1,-1
736,85,1027.46,137.26,108.67,521.47,0.6483,-1,-1,-1
736,86,1038.89,79.05,335.57,734.81,0.8803,-1,-1,-1
736,89,885.70,184.41,142.44,425.41,0.8479,-1,-1,-1
736,91,713.48,187.00,125.85,409.28,0.6393,-1,-1,-1
737,43,6.50,10.07,695.86,1053.49,0.9244,-1,-1,-1
737,85,1015.71,140.22,103.74,521.22,0.6674,-1,-1,-1
737,86,1036.28,75.27,300.79,730.15,0.8520,-1,-1,-1
737,89,879.53,183.10,138.39,425.13,0.8372,-1,-1,-1
737,91,677.33,177.47,152.55,425.19,0.7135,-1,-1,-1
738,43,-18.15,8.03,694.45,1052.11,0.9044,-1,-1,-1
738,85,1004.71,143.21,91.29,516.51,0.4704,-1,-1,-1
738,86,1016.60,71.01,271.45,737.40,0.8716,-1,-1,-1
738,89,865.11,179.65,136.55,428.23,0.8223,-1,-1,-1
738,91,645.59,169.23,160.54,437.45,0.7847,-1,-1,-1
738,93,748.32,211.18,65.83,318.57,0.4612,-1,-1,-1
739,43,-26.06,6.01,672.80,1049.52,0.9128,-1,-1,-1
739,86,997.22,71.09,234.82,736.39,0.8284,-1,-1,-1
739,89,844.77,179.13,136.63,431.78,0.8441,-1,-1,-1
739,91,618.97,163.99,170.93,446.80,0.8122,-1,-1,-1
740,43,-24.17,7.21,628.04,1047.32,0.9056,-1,-1,-1
740,86,974.85,68.71,207.16,737.00,0.8287,-1,-1,-1
740,89,829.00,178.90,142.30,430.10,0.8414,-1,-1,-1
740,91,606.59,161.17,167.91,459.66,0.8234,-1,-1,-1
741,43,-18.74,5.97,572.83,1051.83,0.8886,-1,-1,-1
741,86,952.93,68.77,198.99,751.58,0.8714,-1,-1,-1
741,89,821.00,179.29,141.65,429.85,0.8179,-1,-1,-1
741,91,593.12,159.26,171.42,463.39,0.8471,-1,-1,-1
741,94,1145.98,282.94,64.34,225.97,0.5355,-1,-1,-1
742,43,-15.75,7.06,488.54,1055.38,0.8361,-1,-1,-1
742,86,923.68,68.42,205.77,759.50,0.8391,-1,-1,-1
742,89,810.31,179.34,141.24,432.86,0.8407,-1,-1,-1
742,91,577.62,156.50,174.93,467.40,0.8487,-1,-1,-1
742,94,1139.15,275.82,58.15,250.44,0.4850,-1,-1,-1
743,43,-11.00,11.29,347.41,1044.58,0.7070,-1,-1,-1
743,86,897.25,68.74,217.19,762.23,0.8163,-1,-1,-1
743,89,800.44,181.75,141.69,434.52,0.8275,-1,-1,-1
743,91,569.30,157.04,169.40,471.11,0.8278,-1,-1,-1
744,86,855.65,65.95,231.14,764.11,0.8342,-1,-1,-1
744,89,782.66,181.54,145.53,431.28,0.8212,-1,-1,-1
744,91,552.60,156.17,171.93,478.91,0.8404,-1,-1,-1
744,95,1074.18,229.67,91.12,303.49,0.6838,-1,-1,-1
745,86,811.74,62.46,256.05,763.14,0.7783,-1,-1,-1
745,89,768.40,182.21,139.37,429.31,0.7263,-1,-1,-1
745,91,534.62,153.95,179.40,488.40,0.8413,-1,-1,-1
745,95,1063.71,230.20,99.80,305.34,0.7481,-1,-1,-1
745,96,-3.64,54.65,185.99,772.52,0.8732,-1,-1,-1
746,86,750.04,56.96,300.26,778.15,0.8060,-1,-1,-1
746,89,754.98,182.40,131.43,423.92,0.7471,-1,-1,-1
746,91,515.66,151.65,187.29,496.49,0.8397,-1,-1,-1
746,95,1051.54,225.05,102.18,311.97,0.7225,-1,-1,-1
746,96,-4.02,54.19,163.58,769.20,0.8566,-1,-1,-1
747,86,702.29,46.29,338.67,789.49,0.8323,-1,-1,-1
747,89,737.02,183.59,121.48,403.24,0.6152,-1,-1,-1
747,91,496.51,150.47,189.82,503.02,0.8303,-1,-1,-1
747,95,1048.63,222.87,96.57,315.88,0.7044,-1,-1,-1
747,96,-1.67,53.46,138.57,771.81,0.8304,-1,-1,-1
748,86,661.14,48.33,368.02,788.69,0.8794,-1,-1,-1
748,89,721.72,174.71,112.11,406.87,0.5249,-1,-1,-1
748,91,481.09,148.47,192.48,507.38,0.8525,-1,-1,-1
748,95,1042.41,219.84,94.99,322.10,0.7132,-1,-1,-1
748,96,-0.20,60.33,116.55,770.71,0.8119,-1,-1,-1
749,86,655.69,48.88,363.26,789.52,0.8157,-1,-1,-1
749,89,705.85,185.37,96.92,373.48,0.3418,-1,-1,-1
749,91,464.26,148.13,199.53,516.96,0.8422,-1,-1,-1
749,95,1035.13,220.31,93.41,323.33,0.6747,-1,-1,-1
749,96,-0.03,97.08,101.06,730.36,0.7608,-1,-1,-1
749,85,921.22,140.16,85.98,366.02,0.4578,-1,-1,-1
750,86,636.46,53.70,371.54,791.71,0.8591,-1,-1,-1
750,89,694.60,232.63,74.11,320.14,0.4287,-1,-1,-1
750,91,450.03,148.27,202.33,523.01,0.7512,-1,-1,-1
750,95,1030.02,225.06,93.79,321.06,0.7403,-1,-1,-1
750,96,0.08,164.87,80.93,660.85,0.7269,-1,-1,-1
750,97,981.44,237.85,81.83,320.37,0.6540,-1,-1,-1
750,85,908.37,137.82,90.38,458.55,0.3709,-1,-1,-1
751,86,618.17,52.99,381.25,801.37,0.8737,-1,-1,-1
751,91,435.39,148.67,206.83,539.51,0.8016,-1,-1,-1
751,95,1030.13,226.64,91.13,322.08,0.7152,-1,-1,-1
751,97,977.72,240.57,83.46,322.05,0.6530,-1,-1,-1
751,85,891.18,137.84,103.75,494.88,0.6952,-1,-1,-1
751,93,564.94,210.75,81.89,345.29,0.4252,-1,-1,-1
752,86,605.20,53.53,377.12,808.42,0.8716,-1,-1,-1
752,91,425.83,144.25,206.70,551.25,0.8283,-1,-1,-1
752,95,1029.28,227.40,90.89,322.95,0.7482,-1,-1,-1
752,97,965.51,244.17,97.74,325.00,0.6887,-1,-1,-1
752,85,876.09,138.83,114.86,515.33,0.7587,-1,-1,-1
752,93,560.85,207.52,79.09,352.57,0.3370,-1,-1,-1
753,86,595.71,49.20,368.86,819.49,0.8886,-1,-1,-1
753,91,413.14,139.97,214.75,560.60,0.8388,-1,-1,-1
753,95,1031.08,229.59,89.97,319.61,0.7371,-1,-1,-1
753,97,960.62,249.81,109.87,326.10,0.7030,-1,-1,-1
753,85,865.65,143.14,121.41,525.56,0.7676,-1,-1,-1
754,86,588.06,48.35,353.35,826.86,0.8870,-1,-1,-1
754,91,397.35,136.83,226.64,566.59,0.8195,-1,-1,-1
754,95,1029.70,231.52,92.38,323.73,0.7433,-1,-1,-1
754,97,956.86,252.30,115.22,327.70,0.6710,-1,-1,-1
754,85,858.14,147.32,124.86,530.14,0.7952,-1,-1,-1
754,98,1833.78,332.43,86.08,369.41,0.5081,-1,-1,-1
755,86,572.27,44.69,349.07,836.42,0.8894,-1,-1,-1
755,91,390.94,133.86,226.82,571.28,0.8486,-1,-1,-1
755,95,1031.25,230.35,94.40,326.16,0.7177,-1,-1,-1
755,97,955.60,251.91,118.97,330.14,0.6919,-1,-1,-1
755,85,851.35,148.33,129.98,534.58,0.7993,-1,-1,-1
755,98,1827.10,314.70,93.51,389.75,0.5029,-1,-1,-1
756,86,545.09,40.38,343.18,849.21,0.8892,-1,-1,-1
756,91,382.13,131.71,225.13,582.60,0.8420,-1,-1,-1
756,95,1030.98,229.85,100.24,331.09,0.7037,-1,-1,-1
756,97,954.01,252.35,119.21,333.01,0.6797,-1,-1,-1
756,85,846.91,151.96,135.04,531.39,0.8010,-1,-1,-1
757,86,510.74,35.71,342.01,861.70,0.8795,-1,-1,-1
757,91,375.52,133.71,209.64,583.60,0.8541,-1,-1,-1
757,95,1030.90,230.50,105.50,333.94,0.7002,-1,-1,-1
757,97,953.66,253.05,119.04,337.52,0.7567,-1,-1,-1
757,85,842.08,156.70,141.12,528.45,0.8022,-1,-1,-1
757,98,1818.55,302.57,102.11,407.15,0.3696,-1,-1,-1
758,86,475.45,35.81,344.29,869.91,0.8793,-1,-1,-1
758,91,370.95,130.79,206.36,589.44,0.7723,-1,-1,-1
758,95,1036.02,229.68,112.53,335.33,0.7045,-1,-1,-1
758,97,955.76,252.45,125.80,342.77,0.7991,-1,-1,-1
758,85,843.25,162.51,139.71,526.50,0.8244,-1,-1,-1
759,86,456.95,34.47,330.81,880.66,0.8466,-1,-1,-1
759,91,368.84,132.57,205.46,596.89,0.7958,-1,-1,-1
759,95,1042.22,230.45,112.11,344.68,0.7294,-1,-1,-1
759,97,959.30,255.24,124.32,343.84,0.8125,-1,-1,-1
759,85,843.47,167.35,137.69,527.12,0.8311,-1,-1,-1
759,99,713.67,199.77,130.06,444.13,0.3982,-1,-1,-1
760,86,445.61,38.80,306.62,884.26,0.7886,-1,-1,-1
760,91,367.45,130.33,205.04,609.68,0.7834,-1,-1,-1
760,95,1049.56,229.20,108.41,358.74,0.7447,-1,-1,-1
760,97,964.55,256.02,122.15,347.53,0.8079,-1,-1,-1
760,85,843.08,169.76,136.66,527.82,0.8298,-1,-1,-1
760,99,690.54,197.89,154.01,497.87,0.6890,-1,-1,-1
761,86,416.45,41.03,315.83,893.03,0.7625,-1,-1,-1
761,91,367.36,131.51,200.29,611.80,0.7331,-1,-1,-1
761,95,1056.22,229.45,105.32,363.79,0.7628,-1,-1,-1
761,97,969.25,257.38,122.27,350.12,0.8297,-1,-1,-1
761,85,844.93,172.11,134.47,529.98,0.8356,-1,-1,-1
761,99,704.71,201.04,143.33,461.23,0.8251,-1,-1,-1
762,86,392.69,39.70,330.15,901.15,0.7497,-1,-1,-1
762,91,361.65,133.80,198.14,614.55,0.7184,-1,-1,-1
762,95,1062.29,230.26,100.72,364.89,0.7785,-1,-1,-1
762,97,970.87,253.15,127.81,356.77,0.8051,-1,-1,-1
762,85,845.23,173.49,134.03,530.69,0.8351,-1,-1,-1
762,99,706.01,202.23,144.23,445.01,0.8180,-1,-1,-1
763,86,361.78,37.90,350.45,910.38,0.6406,-1,-1,-1
763,91,349.07,136.77,191.79,614.15,0.7549,-1,-1,-1
763,95,1065.97,230.66,104.61,367.44,0.7900,-1,-1,-1
763,97,974.47,251.36,134.77,360.53,0.8005,-1,-1,-1
763,85,847.79,173.42,133.31,528.13,0.8246,-1,-1,-1
763,99,705.66,203.41,149.32,449.06,0.8338,-1,-1,-1
764,86,332.18,37.22,375.71,917.50,0.8510,-1,-1,-1
764,91,334.48,122.89,192.24,635.89,0.5560,-1,-1,-1
764,95,1071.87,229.25,102.39,372.98,0.7762,-1,-1,-1
764,97,978.98,249.61,139.33,364.25,0.8012,-1,-1,-1
764,85,848.95,172.67,135.14,531.03,0.8134,-1,-1,-1
764,99,709.80,204.99,148.54,450.86,0.8353,-1,-1,-1
765,86,318.31,35.37,389.85,925.62,0.8616,-1,-1,-1
765,95,1078.31,228.00,101.85,375.41,0.7164,-1,-1,-1
765,97,983.44,249.92,142.79,368.64,0.7743,-1,-1,-1
765,85,850.63,169.41,140.34,524.98,0.8031,-1,-1,-1
765,99,713.00,206.69,147.56,449.65,0.8442,-1,-1,-1
766,86,301.53,33.09,406.54,929.64,0.9034,-1,-1,-1
766,95,1082.98,228.24,102.69,379.07,0.6851,-1,-1,-1
766,97,984.45,249.11,146.19,374.13,0.7989,-1,-1,-1
766,85,854.69,166.98,138.82,517.41,0.8125,-1,-1,-1
766,99,715.83,208.83,145.85,446.60,0.8416,-1,-1,-1
766,100,644.62,272.03,87.20,334.55,0.6819,-1,-1,-1
767,86,284.21,30.79,421.69,935.65,0.9007,-1,-1,-1
767,95,1087.71,225.73,113.77,386.88,0.7386,-1,-1,-1
767,97,980.17,249.05,159.15,379.11,0.8228,-1,-1,-1
767,85,855.21,163.40,140.04,514.96,0.8092,-1,-1,-1
767,99,717.39,209.53,144.50,442.84,0.8457,-1,-1,-1
767,100,635.07,271.70,96.64,340.29,0.7333,-1,-1,-1
768,86,265.41,29.46,435.33,940.79,0.9039,-1,-1,-1
768,95,1088.75,224.86,121.18,391.33,0.7685,-1,-1,-1
768,97,978.41,250.18,171.29,380.71,0.8123,-1,-1,-1
768,85,856.44,159.77,138.84,515.81,0.8117,-1,-1,-1
768,99,719.68,207.74,141.05,441.32,0.8234,-1,-1,-1
768,100,630.41,268.93,103.44,341.82,0.7522,-1,-1,-1
769,86,243.02,29.41,448.83,949.48,0.9094,-1,-1,-1
769,95,1091.25,225.54,116.29,395.76,0.7569,-1,-1,-1
769,97,976.15,251.15,182.40,385.15,0.8257,-1,-1,-1
769,85,853.69,158.03,142.83,518.17,0.8253,-1,-1,-1
769,99,720.71,207.49,138.22,440.00,0.8094,-1,-1,-1
769,100,627.60,266.41,106.54,347.36,0.7796,-1,-1,-1
770,86,219.73,25.07,459.11,961.62,0.8976,-1,-1,-1
770,95,1095.12,223.40,106.77,402.51,0.7136,-1,-1,-1
770,97,975.60,249.92,187.35,389.77,0.8340,-1,-1,-1
770,85,851.45,155.05,147.20,520.52,0.8249,-1,-1,-1
770,99,722.64,205.24,135.05,439.51,0.8267,-1,-1,-1
770,100,626.00,264.64,107.44,346.20,0.7875,-1,-1,-1
771,86,197.71,13.82,459.81,982.14,0.8926,-1,-1,-1
771,95,1098.38,219.52,102.01,409.05,0.7146,-1,-1,-1
771,97,974.41,244.76,189.82,396.20,0.8278,-1,-1,-1
771,85,846.30,151.93,151.89,521.14,0.8573,-1,-1,-1
771,99,720.39,198.15,133.60,443.17,0.8494,-1,-1,-1
771,100,624.04,256.09,108.63,348.11,0.7393,-1,-1,-1
772,86,175.87,9.78,460.20,985.38,0.8889,-1,-1,-1
772,95,1097.20,219.14,103.86,412.62,0.7857,-1,-1,-1
772,97,968.17,244.38,193.83,402.58,0.8342,-1,-1,-1
772,85,843.73,152.50,151.84,523.54,0.8601,-1,-1,-1
772,99,721.48,200.87,131.59,440.62,0.8348,-1,-1,-1
772,100,618.20,257.80,113.42,351.74,0.7896,-1,-1,-1
773,86,156.27,9.79,446.24,955.61,0.8627,-1,-1,-1
773,95,1094.23,215.17,108.51,417.86,0.7976,-1,-1,-1
773,97,963.44,241.15,197.01,407.84,0.8424,-1,-1,-1
773,85,841.34,153.49,147.31,523.35,0.8635,-1,-1,-1
773,99,720.74,199.81,127.15,438.94,0.8332,-1,-1,-1
773,100,614.80,258.04,113.42,351.71,0.8120,-1,-1,-1
774,86,140.98,3.98,413.74,947.91,0.8764,-1,-1,-1
774,95,1092.69,211.37,113.07,420.68,0.7753,-1,-1,-1
774,97,960.99,234.94,198.33,413.17,0.8589,-1,-1,-1
774,85,837.03,150.33,144.44,528.39,0.8138,-1,-1,-1
774,99,715.65,193.03,126.63,440.60,0.8314,-1,-1,-1
774,100,609.92,255.04,113.94,350.09,0.7972,-1,-1,-1
774,101,428.29,65.22,195.07,753.52,0.5840,-1,-1,-1
775,86,128.75,1.95,377.07,950.25,0.8709,-1,-1,-1
775,95,1087.85,207.11,119.00,423.86,0.7980,-1,-1,-1
775,97,958.63,229.40,200.04,415.84,0.8610,-1,-1,-1
775,85,831.10,150.89,135.49,526.37,0.7834,-1,-1,-1
775,99,710.44,189.26,130.14,442.86,0.8174,-1,-1,-1
775,100,606.39,249.99,114.83,357.38,0.7793,-1,-1,-1
775,101,404.20,56.28,215.82,772.37,0.7690,-1,-1,-1
776,86,110.39,0.76,355.81,960.31,0.8844,-1,-1,-1
776,95,1085.59,202.43,121.48,428.78,0.8109,-1,-1,-1
776,97,955.53,225.16,199.06,420.13,0.8485,-1,-1,-1
776,85,820.87,151.17,137.97,528.01,0.7804,-1,-1,-1
776,99,701.57,188.65,134.48,442.88,0.8011,-1,-1,-1
776,100,600.23,247.92,114.76,359.55,0.7792,-1,-1,-1
776,101,381.21,47.65,237.03,782.52,0.7164,-1,-1,-1
777,86,92.79,1.84,344.02,959.61,0.8973,-1,-1,-1
777,95,1082.69,199.71,128.29,430.45,0.8342,-1,-1,-1
777,97,953.25,222.58,194.54,424.72,0.8348,-1,-1,-1
777,85,813.85,152.65,140.98,528.22,0.8012,-1,-1,-1
777,99,692.77,191.64,137.28,441.59,0.7899,-1,-1,-1
777,100,592.47,247.02,114.08,365.62,0.7137,-1,-1,-1
777,101,352.42,42.00,260.11,798.89,0.7781,-1,-1,-1
778,86,74.66,2.82,331.99,974.20,0.8957,-1,-1,-1
778,95,1082.00,193.25,129.95,440.42,0.8311,-1,-1,-1
778,97,950.31,220.27,188.52,427.87,0.8406,-1,-1,-1
778,85,810.65,153.30,140.66,527.89,0.8065,-1,-1,-1
778,99,682.48,191.30,137.61,446.30,0.7419,-1,-1,-1
778,100,586.09,246.45,111.05,363.63,0.7243,-1,-1,-1
778,101,331.00,36.92,279.33,826.93,0.8289,-1,-1,-1
779,86,51.49,2.40,328.40,995.59,0.8965,-1,-1,-1
779,95,1079.97,193.71,127.09,441.58,0.8097,-1,-1,-1
779,97,951.29,216.50,179.06,434.17,0.8365,-1,-1,-1
779,85,801.07,155.08,143.91,523.59,0.7421,-1,-1,-1
779,99,673.22,191.78,137.99,441.01,0.7596,-1,-1,-1
779,100,573.90,244.72,116.69,365.90,0.7650,-1,-1,-1
779,101,324.05,32.11,280.84,855.90,0.8167,-1,-1,-1
780,86,25.96,2.03,327.43,999.10,0.9101,-1,-1,-1
780,95,1076.43,192.70,128.96,447.34,0.8100,-1,-1,-1
780,97,949.56,214.10,173.09,437.99,0.8449,-1,-1,-1
780,85,791.67,155.18,146.07,528.38,0.8081,-1,-1,-1
780,99,664.27,190.23,140.51,447.19,0.7397,-1,-1,-1
780,100,566.77,243.89,115.76,362.27,0.6802,-1,-1,-1
780,101,315.52,26.89,281.82,881.84,0.8464,-1,-1,-1
781,86,1.39,3.69,327.03,1005.26,0.9110,-1,-1,-1
781,95,1074.63,191.24,135.38,454.08,0.8179,-1,-1,-1
781,97,950.36,212.38,166.60,445.09,0.8393,-1,-1,-1
781,85,789.68,153.67,143.94,530.91,0.8178,-1,-1,-1
781,99,672.66,190.28,127.69,446.70,0.6141,-1,-1,-1
781,100,564.60,243.09,108.69,360.11,0.6032,-1,-1,-1
781,101,303.74,20.43,291.92,893.19,0.8435,-1,-1,-1
782,86,-6.16,5.28,310.31,1005.03,0.9090,-1,-1,-1
782,95,1072.73,189.36,145.11,458.55,0.8124,-1,-1,-1
782,97,950.37,209.67,164.27,453.30,0.8712,-1,-1,-1
782,85,786.09,156.46,145.61,526.68,0.8168,-1,-1,-1
782,99,673.90,191.06,126.55,444.97,0.6774,-1,-1,-1
782,100,556.86,242.33,109.19,377.09,0.6245,-1,-1,-1
782,101,282.57,12.09,314.25,912.94,0.8664,-1,-1,-1
783,86,-7.20,4.96,285.49,1011.03,0.9017,-1,-1,-1
783,95,1071.23,189.59,150.68,460.10,0.8294,-1,-1,-1
783,97,950.29,209.01,163.98,460.23,0.8782,-1,-1,-1
783,85,779.33,156.49,151.23,523.93,0.8088,-1,-1,-1
783,99,673.94,194.82,124.34,443.57,0.6677,-1,-1,-1
783,100,542.01,242.33,118.21,383.35,0.6257,-1,-1,-1
783,101,249.95,3.13,345.28,939.32,0.8584,-1,-1,-1
784,86,-6.41,5.90,262.69,1012.53,0.9015,-1,-1,-1
784,95,1069.82,189.33,155.34,466.21,0.8240,-1,-1,-1
784,97,949.82,207.00,164.29,467.22,0.8681,-1,-1,-1
784,85,782.05,155.68,143.93,523.19,0.7934,-1,-1,-1
784,99,677.48,196.57,119.57,441.72,0.7079,-1,-1,-1
784,100,541.78,241.95,113.34,386.58,0.5871,-1,-1,-1
784,101,230.09,-0.12,361.63,963.70,0.8617,-1,-1,-1
785,86,-4.38,7.96,240.39,1015.54,0.8981,-1,-1,-1
785,95,1071.53,186.10,156.93,475.69,0.8280,-1,-1,-1
785,97,948.43,205.35,165.86,471.79,0.8453,-1,-1,-1
785,85,784.15,150.78,139.45,525.84,0.7902,-1,-1,-1
785,99,681.65,196.13,115.13,440.48,0.7288,-1,-1,-1
785,100,537.58,238.90,117.43,389.35,0.6670,-1,-1,-1
785,101,216.44,-0.87,361.92,978.68,0.8931,-1,-1,-1
786,86,-2.87,8.02,222.59,1017.74,0.8743,-1,-1,-1
786,95,1072.96,181.92,160.36,487.00,0.8263,-1,-1,-1
786,97,949.14,203.14,166.70,482.11,0.8298,-1,-1,-1
786,85,784.92,148.00,139.65,524.52,0.8160,-1,-1,-1
786,99,682.68,196.29,114.05,440.20,0.7290,-1,-1,-1
786,100,514.22,233.77,127.08,395.74,0.6940,-1,-1,-1
786,101,204.81,-2.12,362.56,990.79,0.8784,-1,-1,-1
786,102,618.50,244.63,89.44,368.08,0.6325,-1,-1,-1
787,86,-2.10,27.44,203.13,1002.12,0.8780,-1,-1,-1
787,95,1077.24,178.62,163.57,495.10,0.8361,-1,-1,-1
787,97,949.49,204.67,170.84,485.87,0.8345,-1,-1,-1
787,85,789.67,145.57,136.54,525.93,0.8247,-1,-1,-1
787,99,683.44,195.45,113.25,440.83,0.7785,-1,-1,-1
787,100,521.13,234.61,118.93,393.29,0.6557,-1,-1,-1
787,101,194.52,-2.31,367.73,1001.96,0.8834,-1,-1,-1
787,102,616.72,248.56,91.41,367.54,0.6548,-1,-1,-1
788,86,-1.42,50.06,187.42,986.50,0.8716,-1,-1,-1
788,95,1081.43,179.05,167.10,501.60,0.8460,-1,-1,-1
788,97,950.33,208.20,176.25,491.41,0.8563,-1,-1,-1
788,85,792.68,146.81,136.31,524.11,0.8244,-1,-1,-1
788,99,683.73,193.13,112.82,441.35,0.7532,-1,-1,-1
788,100,520.59,235.64,112.71,397.55,0.6460,-1,-1,-1
788,101,182.24,-0.82,371.86,1004.91,0.8982,-1,-1,-1
788,102,609.20,251.39,99.02,370.33,0.7316,-1,-1,-1
788,103,1855.75,268.31,64.73,464.98,0.4959,-1,-1,-1
789,86,-0.51,76.77,176.31,971.67,0.8653,-1,-1,-1
789,95,1081.98,175.00,165.42,510.35,0.8342,-1,-1,-1
789,97,945.18,210.73,186.55,497.90,0.8387,-1,-1,-1
789,85,794.30,151.31,133.90,518.90,0.8369,-1,-1,-1
789,99,683.99,194.23,119.33,446.64,0.7678,-1,-1,-1
789,100,518.97,234.70,104.69,401.79,0.6086,-1,-1,-1
789,101,170.43,-0.83,376.42,1013.94,0.9006,-1,-1,-1
789,102,605.15,249.04,104.08,379.32,0.7482,-1,-1,-1
789,103,1846.49,280.32,74.35,471.91,0.4278,-1,-1,-1
790,86,0.26,94.84,159.01,963.63,0.8349,-1,-1,-1
790,95,1084.86,170.85,166.55,515.89,0.8420,-1,-1,-1
790,97,939.34,204.30,204.43,508.91,0.7915,-1,-1,-1
790,85,796.55,150.66,134.46,519.00,0.8471,-1,-1,-1
790,99,689.99,188.86,120.49,448.51,0.7493,-1,-1,-1
790,100,518.60,232.95,102.69,402.06,0.5647,-1,-1,-1
790,101,161.31,-1.36,385.69,1025.55,0.8937,-1,-1,-1
790,102,605.21,248.86,107.09,384.19,0.7294,-1,-1,-1
790,103,1841.16,316.86,80.62,417.41,0.4094,-1,-1,-1
791,86,0.56,105.80,142.32,958.61,0.8022,-1,-1,-1
791,95,1092.19,169.81,171.51,519.52,0.7853,-1,-1,-1
791,97,957.56,200.94,198.11,521.91,0.8015,-1,-1,-1
791,85,802.57,152.17,133.55,521.38,0.8245,-1,-1,-1
791,99,693.64,194.52,125.78,444.59,0.7750,-1,-1,-1
791,100,517.89,232.84,109.68,409.81,0.6057,-1,-1,-1
791,101,149.31,-0.17,397.96,1037.66,0.8914,-1,-1,-1
791,102,606.65,250.57,111.10,387.23,0.7470,-1,-1,-1
791,103,1841.33,359.50,80.86,368.18,0.5011,-1,-1,-1
792,86,0.76,121.77,124.36,948.19,0.5293,-1,-1,-1
792,95,1102.52,167.78,171.74,508.51,0.7372,-1,-1,-1
792,97,967.50,199.12,203.79,527.48,0.8236,-1,-1,-1
792,85,810.14,155.27,131.58,519.82,0.8028,-1,-1,-1
792,99,698.70,197.90,128.03,447.70,0.8057,-1,-1,-1
792,100,517.72,235.53,113.12,412.76,0.6413,-1,-1,-1
792,101,141.12,1.86,424.61,1047.30,0.8589,-1,-1,-1
792,102,612.97,252.20,110.64,390.82,0.7984,-1,-1,-1
793,86,1.57,383.23,103.04,686.55,0.5703,-1,-1,-1
793,95,1115.61,165.61,166.30,522.26,0.8170,-1,-1,-1
793,97,972.21,194.53,212.56,534.34,0.8463,-1,-1,-1
793,85,817.62,153.61,134.55,524.20,0.8003,-1,-1,-1
793,99,704.58,195.53,129.14,449.44,0.8049,-1,-1,-1
793,100,520.45,234.36,112.14,404.40,0.5560,-1,-1,-1
793,101,123.58,2.15,458.41,1055.70,0.8892,-1,-1,-1
793,102,617.46,252.31,114.15,394.20,0.7888,-1,-1,-1
793,104,0.54,139.01,50.85,433.08,0.5688,-1,-1,-1
793,103,1842.88,399.55,79.83,344.03,0.3913,-1,-1,-1
794,86,1.75,457.10,90.69,599.93,0.5622,-1,-1,-1
794,95,1124.89,161.15,166.00,534.88,0.8547,-1,-1,-1
794,97,980.73,189.08,222.48,544.38,0.8462,-1,-1,-1
794,85,822.19,155.07,139.27,526.69,0.7789,-1,-1,-1
794,99,712.27,196.28,129.23,446.03,0.7988,-1,-1,-1
794,100,524.75,233.30,113.59,411.44,0.6185,-1,-1,-1
794,101,107.36,2.45,483.80,1071.33,0.9023,-1,-1,-1
794,102,618.37,254.18,123.20,395.98,0.7142,-1,-1,-1
794,104,0.79,155.74,41.32,411.50,0.3678,-1,-1,-1
795,86,1.55,538.30,83.06,514.76,0.4803,-1,-1,-1
795,95,1138.47,157.30,165.44,539.74,0.8197,-1,-1,-1
795,97,988.72,180.51,230.72,560.25,0.8167,-1,-1,-1
795,85,837.10,158.22,135.88,527.91,0.8232,-1,-1,-1
795,99,724.53,197.74,127.55,449.53,0.7715,-1,-1,-1
795,100,528.07,235.72,109.74,415.00,0.6668,-1,-1,-1
795,101,89.71,2.63,507.18,1074.98,0.9214,-1,-1,-1
795,102,619.49,256.79,129.05,397.31,0.7390,-1,-1,-1
795,104,0.43,176.89,30.56,397.14,0.3064,-1,-1,-1
796,86,1.43,559.08,77.32,483.40,0.5385,-1,-1,-1
796,95,1151.20,159.47,164.14,555.14,0.8438,-1,-1,-1
796,97,995.38,180.73,237.54,563.13,0.8531,-1,-1,-1
796,85,847.06,161.70,137.11,529.64,0.8365,-1,-1,-1
796,99,733.42,201.42,130.55,451.55,0.8064,-1,-1,-1
796,100,533.37,237.53,114.97,389.83,0.5599,-1,-1,-1
796,101,68.58,2.74,532.98,1075.39,0.9201,-1,-1,-1
796,102,630.89,257.44,120.90,401.90,0.7112,-1,-1,-1
797,95,1166.87,161.11,158.44,576.89,0.8541,-1,-1,-1
797,97,1000.62,181.40,247.81,572.44,0.8469,-1,-1,-1
797,85,856.57,168.95,132.70,527.08,0.8139,-1,-1,-1
797,99,743.01,207.23,132.72,451.85,0.7888,-1,-1,-1
797,100,534.51,240.17,117.85,361.53,0.5606,-1,-1,-1
797,101,44.39,3.92,561.29,1073.64,0.9131,-1,-1,-1
797,102,624.99,260.37,133.58,406.98,0.7168,-1,-1,-1
798,95,1177.70,162.95,160.59,593.95,0.8343,-1,-1,-1
798,97,1001.37,183.39,259.45,586.91,0.8452,-1,-1,-1
798,85,862.98,172.90,131.42,528.98,0.8024,-1,-1,-1
798,99,749.42,212.03,132.19,446.68,0.8196,-1,-1,-1
798,100,535.78,243.61,118.28,337.12,0.5450,-1,-1,-1
798,101,18.58,4.43,597.50,1068.13,0.9108,-1,-1,-1
798,102,630.16,261.73,134.00,411.64,0.7292,-1,-1,-1
799,95,1187.89,164.20,159.84,611.00,0.8224,-1,-1,-1
799,97,1001.60,184.98,268.49,603.94,0.8559,-1,-1,-1
799,85,865.21,178.15,136.10,527.70,0.7983,-1,-1,-1
799,99,751.59,215.58,133.71,446.70,0.8061,-1,-1,-1
799,100,536.03,246.28,123.42,346.51,0.5390,-1,-1,-1
799,101,1.40,3.52,625.83,1066.53,0.9041,-1,-1,-1
799,102,638.10,262.90,128.89,414.38,0.7690,-1,-1,-1
800,95,1196.33,165.49,160.94,618.98,0.8054,-1,-1,-1
800,97,1007.39,186.56,271.13,620.24,0.8321,-1,-1,-1
800,85,870.36,183.13,134.01,527.02,0.7830,-1,-1,-1
800,99,757.53,222.36,132.52,443.24,0.8024,-1,-1,-1
800,100,535.59,248.98,128.34,354.33,0.4935,-1,-1,-1
800,101,-4.05,1.79,639.64,1061.48,0.9076,-1,-1,-1
800,102,642.29,264.27,125.50,417.73,0.7709,-1,-1,-1
801,95,1203.87,164.99,160.77,628.54,0.8160,-1,-1,-1
801,97,1009.95,188.54,277.80,631.71,0.8488,-1,-1,-1
801,85,872.88,190.40,131.25,525.79,0.7764,-1,-1,-1
801,99,762.76,227.95,128.69,441.49,0.8329,-1,-1,-1
801,100,531.43,250.77,136.27,351.78,0.4641,-1,-1,-1
801,101,-6.97,1.69,644.38,1064.71,0.9127,-1,-1,-1
801,102,643.24,266.73,125.14,419.80,0.7919,-1,-1,-1
802,95,1210.28,165.32,164.66,640.46,0.8241,-1,-1,-1
802,97,1006.68,191.62,292.87,641.26,0.8426,-1,-1,-1
802,85,882.39,191.32,131.87,526.61,0.8149,-1,-1,-1
802,99,772.85,230.77,119.00,437.93,0.8249,-1,-1,-1
802,100,532.17,252.91,138.19,354.49,0.4758,-1,-1,-1
802,101,-6.45,1.27,655.24,1074.20,0.8967,-1,-1,-1
802,102,643.93,267.61,125.81,421.38,0.7841,-1,-1,-1
803,95,1219.74,161.28,169.58,655.23,0.8483,-1,-1,-1
803,97,1004.51,192.17,306.13,651.88,0.8564,-1,-1,-1
803,85,888.11,191.66,133.82,531.77,0.8154,-1,-1,-1
803,99,781.49,233.32,113.17,436.80,0.8210,-1,-1,-1
803,100,532.79,252.89,138.15,343.03,0.6080,-1,-1,-1
803,101,-6.99,0.73,658.84,1076.39,0.8458,-1,-1,-1
803,102,643.89,268.57,126.86,427.89,0.7782,-1,-1,-1
804,95,1233.12,162.36,170.64,659.95,0.8440,-1,-1,-1
804,97,999.00,190.84,320.31,675.18,0.8705,-1,-1,-1
804,85,890.48,190.65,137.63,534.63,0.8472,-1,-1,-1
804,99,786.72,230.01,113.34,436.23,0.8377,-1,-1,-1
804,100,531.53,253.75,136.62,345.95,0.4901,-1,-1,-1
804,101,-7.30,0.76,640.04,1079.96,0.6963,-1,-1,-1
804,102,642.44,269.55,129.99,431.02,0.7676,-1,-1,-1
804,107,392.60,84.78,230.00,730.53,0.5119,-1,-1,-1
805,95,1240.62,158.62,184.22,664.59,0.8532,-1,-1,-1
805,97,1000.49,188.42,328.55,688.29,0.8710,-1,-1,-1
805,85,894.29,188.85,137.57,537.50,0.8337,-1,-1,-1
805,99,790.40,228.62,113.11,437.23,0.8299,-1,-1,-1
805,100,527.93,253.32,142.52,325.66,0.5692,-1,-1,-1
805,101,-7.80,0.85,507.41,1075.78,0.6321,-1,-1,-1
805,102,644.90,269.65,131.39,438.55,0.8045,-1,-1,-1
805,107,384.29,36.95,230.45,788.06,0.6831,-1,-1,-1
806,95,1248.59,152.69,193.95,673.96,0.8648,-1,-1,-1
806,97,1006.15,181.22,330.96,705.42,0.8763,-1,-1,-1
806,85,901.23,185.83,133.07,538.39,0.8122,-1,-1,-1
806,99,794.11,226.22,112.87,441.59,0.7982,-1,-1,-1
806,100,525.14,251.44,146.64,314.74,0.6715,-1,-1,-1
806,101,-5.99,-1.03,563.78,1075.69,0.7612,-1,-1,-1
806,102,647.22,268.96,130.16,443.17,0.8316,-1,-1,-1
806,107,368.86,23.54,222.37,813.18,0.4086,-1,-1,-1
807,95,1257.07,144.63,204.23,687.34,0.8719,-1,-1,-1
807,97,1017.88,174.69,326.11,718.13,0.8726,-1,-1,-1
807,85,904.58,183.46,133.42,539.54,0.8236,-1,-1,-1
807,99,797.63,225.97,112.88,448.05,0.8085,-1,-1,-1
807,100,518.74,247.99,153.51,317.88,0.6205,-1,-1,-1
807,101,-6.19,-1.03,568.14,1074.93,0.8728,-1,-1,-1
807,102,648.25,268.36,131.86,447.73,0.8278,-1,-1,-1
808,95,1266.60,137.39,215.40,701.94,0.8791,-1,-1,-1
808,97,1027.47,168.22,324.89,732.67,0.8952,-1,-1,-1
808,85,908.23,184.66,129.14,531.37,0.7927,-1,-1,-1
808,99,801.90,223.72,114.95,450.63,0.8076,-1,-1,-1
808,100,508.12,244.69,167.83,331.64,0.6434,-1,-1,-1
808,101,-5.15,-0.74,556.34,1074.40,0.9095,-1,-1,-1
808,102,651.37,268.06,133.09,451.33,0.8313,-1,-1,-1
809,95,1276.22,127.68,223.12,714.97,0.8594,-1,-1,-1
809,97,1036.34,159.27,324.17,744.37,0.8924,-1,-1,-1
809,85,910.70,181.57,132.03,524.71,0.8240,-1,-1,-1
809,99,803.45,220.78,115.33,447.32,0.8091,-1,-1,-1
809,100,504.41,238.52,177.19,364.64,0.6300,-1,-1,-1
809,101,-4.27,-0.10,527.99,1070.16,0.9245,-1,-1,-1
809,102,649.89,265.32,137.12,455.42,0.8061,-1,-1,-1
810,95,1282.95,118.90,235.07,731.01,0.8830,-1,-1,-1
810,97,1047.44,147.96,321.48,761.95,0.8915,-1,-1,-1
810,85,910.98,180.31,137.64,526.14,0.7969,-1,-1,-1
810,99,805.47,219.72,116.85,448.49,0.8102,-1,-1,-1
810,100,500.57,234.75,180.39,455.42,0.7273,-1,-1,-1
810,101,-3.88,1.56,494.63,1067.84,0.8875,-1,-1,-1
810,102,650.44,264.18,137.97,463.63,0.8280,-1,-1,-1
810,108,757.02,265.67,69.23,285.28,0.4883,-1,-1,-1
811,95,1289.51,116.53,243.67,746.59,0.9014,-1,-1,-1
811,97,1057.50,144.35,319.46,773.83,0.8862,-1,-1,-1
811,85,912.10,183.00,138.34,521.15,0.7954,-1,-1,-1
811,99,806.07,222.24,116.88,446.51,0.8243,-1,-1,-1
811,100,500.56,234.30,171.67,495.13,0.8199,-1,-1,-1
811,101,-1.86,3.94,443.17,1065.95,0.9157,-1,-1,-1
811,102,649.23,267.24,137.87,464.88,0.8605,-1,-1,-1
811,109,396.21,201.68,122.85,482.19,0.5780,-1,-1,-1
812,95,1297.31,110.44,253.33,770.28,0.8952,-1,-1,-1
812,97,1066.95,136.20,316.14,786.91,0.8710,-1,-1,-1
812,85,911.34,179.22,140.19,524.68,0.7911,-1,-1,-1
812,99,803.96,219.13,115.69,446.79,0.8002,-1,-1,-1
812,100,498.18,228.74,171.51,518.03,0.8191,-1,-1,-1
812,101,-1.54,0.76,396.12,1069.88,0.8375,-1,-1,-1
812,102,648.62,263.74,139.48,469.49,0.8226,-1,-1,-1
812,109,358.49,115.44,155.92,677.45,0.7698,-1,-1,-1
812,108,758.78,264.48,64.19,284.65,0.4032,-1,-1,-1
813,95,1303.56,105.68,261.00,797.36,0.8928,-1,-1,-1
813,97,1074.87,126.93,314.19,799.27,0.8735,-1,-1,-1
813,85,911.80,175.46,140.13,524.65,0.8093,-1,-1,-1
813,99,800.58,217.36,116.56,447.59,0.8014,-1,-1,-1
813,100,496.62,221.57,168.87,533.37,0.8090,-1,-1,-1
813,101,-1.49,0.36,355.32,1064.18,0.6380,-1,-1,-1
813,102,639.57,260.18,150.47,477.73,0.7835,-1,-1,-1
813,109,310.58,72.62,200.57,787.36,0.8574,-1,-1,-1
814,95,1311.38,100.30,265.21,818.95,0.8866,-1,-1,-1
814,97,1086.49,111.27,310.34,834.56,0.8697,-1,-1,-1
814,85,909.95,173.38,142.86,524.77,0.7996,-1,-1,-1
814,99,796.40,216.84,119.81,448.04,0.8030,-1,-1,-1
814,100,494.09,217.08,167.30,543.07,0.8188,-1,-1,-1
814,101,-1.19,0.13,341.27,1058.09,0.7490,-1,-1,-1
814,102,626.22,256.80,165.33,483.72,0.7931,-1,-1,-1
814,109,265.81,48.28,240.45,845.56,0.8844,-1,-1,-1
815,95,1320.31,99.70,270.60,823.62,0.8687,-1,-1,-1
815,97,1101.78,105.38,305.27,870.82,0.8696,-1,-1,-1
815,85,909.54,173.61,142.69,527.29,0.7992,-1,-1,-1
815,99,794.22,217.66,121.19,449.05,0.7973,-1,-1,-1
815,100,491.34,215.75,166.47,550.95,0.8126,-1,-1,-1
815,101,-1.13,3.31,266.08,1057.43,0.3464,-1,-1,-1
815,102,625.28,254.48,167.81,490.67,0.7753,-1,-1,-1
815,109,229.60,35.19,270.44,873.13,0.8864,-1,-1,-1
816,95,1323.41,97.89,278.13,836.44,0.8635,-1,-1,-1
816,97,1112.48,106.10,297.80,897.99,0.8698,-1,-1,-1
816,85,908.79,175.64,142.34,528.35,0.8123,-1,-1,-1
816,99,788.38,220.35,126.76,449.90,0.8061,-1,-1,-1
816,100,484.09,217.34,168.03,555.46,0.8394,-1,-1,-1
816,102,625.91,252.46,166.61,495.42,0.7763,-1,-1,-1
816,109,210.24,26.52,283.53,886.48,0.8954,-1,-1,-1
816,110,1053.40,318.16,73.01,245.09,0.5713,-1,-1,-1
817,95,1328.88,94.38,287.07,868.05,0.8665,-1,-1,-1
817,97,1117.94,106.98,299.33,931.78,0.8779,-1,-1,-1
817,85,908.73,176.88,143.13,527.65,0.8214,-1,-1,-1
817,99,782.94,223.11,130.02,449.14,0.8148,-1,-1,-1
817,100,473.18,216.63,173.76,560.05,0.8513,-1,-1,-1
817,102,629.16,249.69,160.20,500.65,0.7744,-1,-1,-1
817,109,196.00,22.09,294.46,895.77,0.8957,-1,-1,-1
817,110,1054.93,308.41,76.35,256.02,0.5906,-1,-1,-1
818,95,1332.10,88.79,296.79,892.15,0.8674,-1,-1,-1
818,97,1120.90,105.95,304.54,938.47,0.8848,-1,-1,-1
818,85,909.28,179.89,140.66,528.86,0.8163,-1,-1,-1
818,99,779.75,226.36,129.85,445.64,0.8470,-1,-1,-1
818,100,459.06,217.47,184.54,566.56,0.8724,-1,-1,-1
818,102,624.62,248.52,162.48,504.79,0.8077,-1,-1,-1
818,109,184.39,18.66,302.42,920.39,0.8934,-1,-1,-1
818,110,1051.26,305.73,84.20,259.40,0.6073,-1,-1,-1
819,95,1333.71,79.76,308.28,919.39,0.8668,-1,-1,-1
819,97,1123.75,105.23,310.78,950.83,0.8785,-1,-1,-1
819,85,906.16,180.81,137.16,532.78,0.8111,-1,-1,-1
819,99,774.88,226.90,131.93,444.48,0.8613,-1,-1,-1
819,100,443.90,216.29,193.35,571.34,0.8665,-1,-1,-1
819,102,617.90,247.79,163.03,513.01,0.7943,-1,-1,-1
819,109,170.50,12.98,309.93,953.27,0.8984,-1,-1,-1
819,110,1048.22,304.41,90.38,261.41,0.5704,-1,-1,-1
820,95,1334.94,68.58,319.15,940.67,0.8612,-1,-1,-1
820,97,1129.84,102.95,315.89,972.75,0.8766,-1,-1,-1
820,85,905.01,181.28,136.55,536.14,0.8086,-1,-1,-1
820,99,768.46,226.65,136.81,442.53,0.8552,-1,-1,-1
820,100,430.81,215.34,202.13,576.50,0.8549,-1,-1,-1
820,102,614.81,242.62,167.94,522.01,0.8117,-1,-1,-1
820,109,158.07,7.05,315.12,987.87,0.9026,-1,-1,-1
820,110,1049.18,304.44,96.53,261.30,0.5495,-1,-1,-1
821,95,1342.75,53.45,323.43,954.11,0.8477,-1,-1,-1
821,97,1134.78,97.33,326.36,984.64,0.8892,-1,-1,-1
821,85,905.28,180.90,137.00,539.15,0.8037,-1,-1,-1
821,99,761.36,225.07,142.10,443.96,0.8540,-1,-1,-1
821,100,422.80,214.71,207.82,583.80,0.8218,-1,-1,-1
821,102,613.06,240.35,174.75,528.17,0.8454,-1,-1,-1
821,109,147.72,3.02,322.52,1011.04,0.8985,-1,-1,-1
821,110,1052.85,302.47,98.81,263.44,0.5681,-1,-1,-1
822,95,1355.96,37.56,318.24,970.90,0.8756,-1,-1,-1
822,97,1140.88,83.42,338.63,1001.60,0.8873,-1,-1,-1
822,85,904.98,180.16,137.81,538.24,0.8125,-1,-1,-1
822,99,758.51,221.85,146.21,447.72,0.8419,-1,-1,-1
822,100,412.16,212.69,214.04,595.13,0.7860,-1,-1,-1
822,102,606.51,235.85,183.29,533.70,0.8640,-1,-1,-1
822,109,136.13,0.63,326.05,1026.05,0.9046,-1,-1,-1
822,110,1050.32,301.74,103.21,263.45,0.6552,-1,-1,-1
823,95,1371.65,13.95,310.80,967.91,0.8764,-1,-1,-1
823,97,1146.84,64.38,352.41,1019.76,0.8847,-1,-1,-1
823,85,905.08,179.14,139.54,536.26,0.8215,-1,-1,-1
823,99,755.15,216.14,148.79,452.80,0.8347,-1,-1,-1
823,100,407.05,210.18,215.93,605.05,0.8206,-1,-1,-1
823,102,604.00,231.69,186.95,541.85,0.8698,-1,-1,-1
823,109,124.50,-4.13,330.13,1045.27,0.9097,-1,-1,-1
823,110,1049.19,300.83,105.53,263.79,0.6932,-1,-1,-1
824,95,1387.13,1.83,305.72,977.53,0.8887,-1,-1,-1
824,97,1148.15,44.90,366.30,1038.20,0.8800,-1,-1,-1
824,85,905.65,177.99,141.95,536.34,0.8135,-1,-1,-1
824,99,752.05,211.99,152.85,455.81,0.8342,-1,-1,-1
824,100,404.94,206.04,215.63,613.89,0.8359,-1,-1,-1
824,102,601.59,228.05,188.62,552.26,0.8526,-1,-1,-1
824,109,112.18,-7.42,335.59,1068.17,0.9031,-1,-1,-1
824,110,1051.55,300.23,104.92,264.43,0.6942,-1,-1,-1
825,95,1407.07,-3.09,295.37,1011.76,0.8785,-1,-1,-1
825,97,1145.53,26.40,391.24,1056.42,0.8809,-1,-1,-1
825,85,907.53,180.20,146.82,533.77,0.8197,-1,-1,-1
825,99,748.33,209.07,159.32,455.56,0.8215,-1,-1,-1
825,100,401.44,202.73,216.02,621.33,0.8375,-1,-1,-1
825,102,599.14,226.49,190.15,568.27,0.8474,-1,-1,-1
825,109,96.26,-7.93,343.98,1069.86,0.8822,-1,-1,-1
825,110,1055.01,300.00,103.00,264.86,0.6615,-1,-1,-1
826,95,1424.52,-4.05,286.24,1049.10,0.8552,-1,-1,-1
826,97,1139.55,11.41,428.68,1071.02,0.8883,-1,-1,-1
826,85,910.03,176.73,145.52,537.90,0.8175,-1,-1,-1
826,99,747.56,208.10,160.84,455.18,0.8245,-1,-1,-1
826,100,397.18,200.13,218.27,629.82,0.7983,-1,-1,-1
826,102,596.64,226.69,193.33,583.02,0.8609,-1,-1,-1
826,109,81.70,-7.46,351.53,1060.09,0.8825,-1,-1,-1
826,110,1057.23,299.53,104.79,265.43,0.6433,-1,-1,-1
827,95,1456.72,-4.79,264.74,1076.73,0.8656,-1,-1,-1
827,97,1134.15,0.55,467.98,1081.12,0.9006,-1,-1,-1
827,85,909.87,177.21,152.24,534.42,0.8199,-1,-1,-1
827,99,746.27,207.64,163.10,453.79,0.8215,-1,-1,-1
827,100,392.33,196.61,220.72,638.89,0.7826,-1,-1,-1
827,102,594.90,226.73,195.03,589.85,0.8583,-1,-1,-1
827,109,67.57,-5.57,356.90,1077.60,0.8937,-1,-1,-1
827,110,1060.03,298.05,105.91,266.39,0.6529,-1,-1,-1
828,95,1485.89,-4.94,250.58,1080.96,0.8726,-1,-1,-1
828,97,1131.36,-3.01,514.54,1080.29,0.8980,-1,-1,-1
828,85,908.24,175.77,159.12,531.82,0.8061,-1,-1,-1
828,99,745.16,207.17,164.72,453.24,0.8277,-1,-1,-1
828,100,387.05,191.86,221.48,647.47,0.8686,-1,-1,-1
828,102,593.26,226.45,197.48,593.87,0.8644,-1,-1,-1
828,109,52.92,-5.30,363.29,1089.11,0.9080,-1,-1,-1
828,110,1062.69,294.98,108.18,270.44,0.6992,-1,-1,-1
829,95,1503.93,-1.07,253.00,1073.59,0.8184,-1,-1,-1
829,97,1130.62,0.48,557.74,1075.55,0.9010,-1,-1,-1
829,85,911.58,175.90,159.18,526.48,0.8102,-1,-1,-1
829,99,747.53,210.32,165.07,453.70,0.8201,-1,-1,-1
829,100,386.58,191.06,213.84,654.68,0.8678,-1,-1,-1
829,102,591.00,230.94,199.94,606.28,0.8412,-1,-1,-1
829,109,37.02,-3.55,372.12,1088.42,0.9133,-1,-1,-1
829,110,1069.42,297.99,106.37,269.18,0.7449,-1,-1,-1
830,95,1530.70,-1.64,251.94,1074.56,0.8036,-1,-1,-1
830,97,1129.58,1.54,602.45,1075.12,0.9023,-1,-1,-1
830,85,919.21,180.33,155.83,515.70,0.7809,-1,-1,-1
830,99,749.81,213.84,171.95,453.11,0.7891,-1,-1,-1
830,100,386.77,190.07,211.95,660.90,0.8761,-1,-1,-1
830,102,589.18,231.04,203.18,619.96,0.8521,-1,-1,-1
830,109,16.47,-3.63,389.91,1085.49,0.9188,-1,-1,-1
830,110,1074.08,299.07,105.67,269.28,0.7489,-1,-1,-1
831,95,1557.05,-0.82,260.22,1073.69,0.7660,-1,-1,-1
831,97,1128.71,0.23,654.81,1075.47,0.8983,-1,-1,-1
831,85,923.08,177.99,157.20,516.35,0.8060,-1,-1,-1
831,99,755.70,213.68,164.55,452.70,0.8243,-1,-1,-1
831,100,382.27,187.38,214.20,674.21,0.8743,-1,-1,-1
831,102,586.49,228.92,207.13,632.25,0.8535,-1,-1,-1
831,109,-0.74,-4.69,408.21,1090.02,0.9233,-1,-1,-1
831,110,1077.95,297.09,108.92,270.42,0.7000,-1,-1,-1
832,95,1583.70,1.16,266.74,1071.76,0.7243,-1,-1,-1
832,97,1126.97,0.69,695.69,1076.89,0.9020,-1,-1,-1
832,85,933.13,178.66,152.09,515.32,0.8073,-1,-1,-1
832,99,758.92,215.52,161.19,451.45,0.8292,-1,-1,-1
832,100,380.38,187.05,214.60,683.88,0.8792,-1,-1,-1
832,102,584.56,227.51,207.16,639.33,0.8488,-1,-1,-1
832,109,-7.90,-5.45,421.57,1094.11,0.9281,-1,-1,-1
832,110,1083.78,296.60,108.49,279.49,0.6863,-1,-1,-1
833,95,1612.85,0.55,273.05,1076.27,0.5174,-1,-1,-1
833,97,1125.36,0.26,750.77,1076.40,0.9097,-1,-1,-1
833,85,931.67,175.29,156.57,521.40,0.8088,-1,-1,-1
833,99,758.96,216.75,162.93,450.16,0.8277,-1,-1,-1
833,100,378.43,186.15,216.82,695.95,0.8858,-1,-1,-1
833,102,582.75,226.62,208.57,648.50,0.8505,-1,-1,-1
833,109,-9.47,-5.88,429.90,1092.06,0.9265,-1,-1,-1
833,110,1089.61,295.24,108.33,280.33,0.7047,-1,-1,-1
834,95,1628.24,1.75,290.52,741.83,0.6262,-1,-1,-1
834,97,1126.44,-0.20,791.88,1074.91,0.9190,-1,-1,-1
834,85,939.84,174.22,152.83,527.60,0.8125,-1,-1,-1
834,99,765.35,218.80,164.84,448.93,0.8216,-1,-1,-1
834,100,373.76,186.47,220.47,711.67,0.8657,-1,-1,-1
834,102,580.79,223.46,212.13,656.00,0.8448,-1,-1,-1
834,109,-8.66,-5.38,436.04,1087.29,0.9224,-1,-1,-1
834,110,1095.91,298.30,106.56,276.44,0.6410,-1,-1,-1
835,97,1133.85,0.89,800.88,1075.88,0.9125,-1,-1,-1
835,85,937.44,179.70,162.71,525.97,0.7633,-1,-1,-1
835,99,771.31,220.93,166.16,450.04,0.8368,-1,-1,-1
835,100,371.36,188.43,222.71,724.03,0.8785,-1,-1,-1
835,102,580.12,221.58,216.01,664.09,0.8499,-1,-1,-1
835,109,-8.04,-2.96,439.64,1080.70,0.9278,-1,-1,-1
835,110,1102.13,297.08,106.48,283.80,0.7140,-1,-1,-1
836,97,1147.28,0.35,794.60,1070.30,0.9211,-1,-1,-1
836,85,941.02,183.31,166.38,525.77,0.7518,-1,-1,-1
836,99,781.59,223.95,158.98,448.96,0.8432,-1,-1,-1
836,100,371.82,189.94,219.47,737.92,0.8619,-1,-1,-1
836,102,575.92,221.04,227.23,674.24,0.8579,-1,-1,-1
836,109,-8.47,-1.07,441.62,1078.28,0.9284,-1,-1,-1
836,110,1112.85,297.55,104.50,283.85,0.7321,-1,-1,-1
837,97,1161.24,3.02,778.25,1065.36,0.9206,-1,-1,-1
837,85,947.90,188.48,163.63,520.63,0.7958,-1,-1,-1
837,99,786.41,225.35,161.18,451.67,0.8335,-1,-1,-1
837,100,373.21,189.39,220.09,748.12,0.8582,-1,-1,-1
837,102,573.97,218.12,236.01,681.60,0.8703,-1,-1,-1
837,109,-5.65,0.19,442.28,1074.02,0.9301,-1,-1,-1
837,110,1120.53,297.31,101.78,286.63,0.7708,-1,-1,-1
838,97,1193.21,2.83,747.49,1065.81,0.8835,-1,-1,-1
838,85,955.12,192.56,165.17,517.87,0.8187,-1,-1,-1
838,99,790.70,225.51,170.04,452.82,0.8296,-1,-1,-1
838,100,370.93,186.77,226.44,760.87,0.8562,-1,-1,-1
838,102,573.83,216.18,240.32,687.37,0.8617,-1,-1,-1
838,109,-6.00,0.00,445.87,1073.17,0.9264,-1,-1,-1
838,110,1127.17,298.01,100.66,286.48,0.7545,-1,-1,-1
839,97,1244.57,4.25,686.50,1059.54,0.8994,-1,-1,-1
839,85,963.80,193.46,157.87,518.39,0.8116,-1,-1,-1
839,99,798.03,226.79,172.31,448.39,0.8149,-1,-1,-1
839,100,371.03,185.03,227.43,774.78,0.8479,-1,-1,-1
839,102,578.08,212.16,239.72,690.98,0.8650,-1,-1,-1
839,109,-1.64,0.38,445.15,1067.08,0.9290,-1,-1,-1
839,110,1131.25,295.91,100.80,289.03,0.7150,-1,-1,-1
840,97,1328.99,2.36,599.95,1060.30,0.7781,-1,-1,-1
840,85,966.94,193.45,157.92,519.96,0.8093,-1,-1,-1
840,99,807.34,223.78,160.13,451.27,0.8147,-1,-1,-1
840,100,369.29,182.26,231.79,785.63,0.8263,-1,-1,-1
840,102,579.88,206.00,243.93,698.52,0.8679,-1,-1,-1
840,109,-1.80,1.02,446.04,1066.94,0.9288,-1,-1,-1
840,110,1136.77,294.72,103.46,292.79,0.6737,-1,-1,-1
841,97,1415.64,2.44,509.28,1056.98,0.9259,-1,-1,-1
841,85,978.97,189.92,147.44,522.62,0.7971,-1,-1,-1
841,99,815.95,220.41,161.48,452.25,0.8180,-1,-1,-1
841,100,367.70,174.89,233.42,796.46,0.8172,-1,-1,-1
841,102,584.22,199.15,244.32,703.66,0.8622,-1,-1,-1
841,109,-0.02,-0.21,444.94,1065.04,0.9262,-1,-1,-1
841,110,1146.13,293.93,101.07,294.36,0.7113,-1,-1,-1
841,117,1373.46,242.91,149.88,434.11,0.6403,-1,-1,-1
842,97,1513.14,1.69,411.19,1059.34,0.8668,-1,-1,-1
842,85,980.36,189.70,151.01,521.11,0.8123,-1,-1,-1
842,99,820.56,218.45,169.09,452.46,0.8483,-1,-1,-1
842,100,362.86,162.78,238.70,809.82,0.8333,-1,-1,-1
842,102,584.23,193.68,248.35,710.26,0.8605,-1,-1,-1
842,109,-0.72,-0.02,443.20,1066.61,0.9217,-1,-1,-1
842,110,1151.17,292.88,101.95,293.00,0.6732,-1,-1,-1
842,117,1389.42,231.30,190.95,610.75,0.8708,-1,-1,-1
842,118,754.15,234.67,84.88,239.78,0.4986,-1,-1,-1
843,97,1605.86,3.08,316.60,1056.40,0.6204,-1,-1,-1
843,85,987.65,185.88,152.45,521.32,0.8122,-1,-1,-1
843,99,826.75,215.31,169.05,447.06,0.8280,-1,-1,-1
843,100,362.02,150.12,240.41,831.76,0.8444,-1,-1,-1
843,102,582.16,187.67,253.21,727.36,0.8455,-1,-1,-1
843,109,-0.40,0.05,440.07,1064.71,0.9231,-1,-1,-1
843,110,1162.43,289.94,97.90,294.19,0.6425,-1,-1,-1
843,117,1403.83,217.54,229.08,696.03,0.8931,-1,-1,-1
843,118,759.80,229.42,85.14,268.98,0.5641,-1,-1,-1
844,97,1689.84,0.14,230.42,1064.45,0.7025,-1,-1,-1
844,85,991.87,180.08,158.34,524.40,0.8173,-1,-1,-1
844,99,830.64,213.12,167.38,443.83,0.8342,-1,-1,-1
844,100,353.06,138.87,250.99,841.15,0.8522,-1,-1,-1
844,102,584.15,181.79,252.19,751.38,0.8478,-1,-1,-1
844,109,-0.76,0.01,429.53,1059.04,0.8960,-1,-1,-1
844,110,1167.04,281.96,97.77,299.38,0.7411,-1,-1,-1
844,117,1417.67,205.05,253.46,753.12,0.8912,-1,-1,-1
844,118,760.03,226.90,87.68,261.20,0.5311,-1,-1,-1
845,97,1753.69,2.23,166.13,1059.67,0.6843,-1,-1,-1
845,85,995.23,174.97,154.22,526.95,0.7952,-1,-1,-1
845,99,830.82,205.28,172.24,446.76,0.8245,-1,-1,-1
845,100,339.21,128.68,265.11,846.99,0.8579,-1,-1,-1
845,102,584.52,173.10,257.41,773.44,0.8444,-1,-1,-1
845,109,-1.52,1.39,416.87,1059.81,0.8187,-1,-1,-1
845,110,1168.89,275.48,98.99,304.01,0.7725,-1,-1,-1
845,117,1431.70,195.25,271.32,788.58,0.8910,-1,-1,-1
845,118,760.69,219.40,88.78,259.36,0.5540,-1,-1,-1
846,85,997.24,170.68,154.10,528.75,0.7934,-1,-1,-1
846,99,833.17,201.33,172.07,449.81,0.8092,-1,-1,-1
846,100,324.52,119.98,279.99,854.27,0.8413,-1,-1,-1
846,102,584.80,168.07,256.33,785.80,0.8257,-1,-1,-1
846,109,-1.81,5.06,398.94,1063.32,0.7565,-1,-1,-1
846,110,1169.69,275.31,101.42,301.51,0.8038,-1,-1,-1
846,117,1440.44,188.27,277.73,808.36,0.9032,-1,-1,-1
846,118,762.43,214.77,87.24,261.94,0.4685,-1,-1,-1
847,85,998.28,162.33,156.62,526.08,0.8104,-1,-1,-1
847,99,835.25,194.71,170.19,451.02,0.8161,-1,-1,-1
847,100,315.12,109.27,292.02,866.89,0.8147,-1,-1,-1
847,102,585.03,157.34,257.32,802.55,0.8320,-1,-1,-1
847,109,-1.70,6.49,365.48,1059.11,0.7308,-1,-1,-1
847,110,1176.88,272.57,100.39,297.89,0.7055,-1,-1,-1
847,117,1453.13,182.50,269.92,816.40,0.8875,-1,-1,-1
847,118,759.40,209.62,92.48,260.71,0.5732,-1,-1,-1
848,85,996.16,153.65,160.01,522.04,0.8076,-1,-1,-1
848,99,833.23,189.00,175.43,453.39,0.8487,-1,-1,-1
848,100,305.03,99.43,296.59,880.44,0.8661,-1,-1,-1
848,102,579.19,149.20,262.18,818.71,0.8343,-1,-1,-1
848,109,-1.66,6.07,296.14,1052.28,0.6479,-1,-1,-1
848,110,1179.05,268.42,99.26,298.77,0.7341,-1,-1,-1
848,117,1467.29,176.86,262.32,827.91,0.8942,-1,-1,-1
848,118,756.31,204.62,95.49,258.08,0.5192,-1,-1,-1
849,85,994.70,149.45,157.16,519.39,0.8045,-1,-1,-1
849,99,831.97,187.79,176.76,454.08,0.8703,-1,-1,-1
849,100,295.12,93.64,299.25,901.50,0.8927,-1,-1,-1
849,102,566.97,146.01,273.71,857.44,0.8622,-1,-1,-1
849,109,-1.87,8.75,231.91,1054.25,0.3988,-1,-1,-1
849,110,1178.15,267.43,98.70,300.83,0.8062,-1,-1,-1
849,117,1481.47,174.55,259.79,854.31,0.8941,-1,-1,-1
849,118,750.23,203.20,100.00,256.62,0.5248,-1,-1,-1
850,85,994.42,144.49,153.97,516.95,0.8063,-1,-1,-1
850,99,829.11,185.19,177.63,452.80,0.8742,-1,-1,-1
850,100,282.95,84.10,304.03,920.30,0.8839,-1,-1,-1
850,102,560.22,138.94,279.97,879.89,0.8501,-1,-1,-1
850,110,1179.49,262.06,95.18,302.88,0.7789,-1,-1,-1
850,117,1494.12,171.60,257.81,869.05,0.8931,-1,-1,-1
850,118,743.54,200.82,104.11,249.05,0.5509,-1,-1,-1
851,85,994.10,139.85,154.65,517.44,0.8044,-1,-1,-1
851,99,827.47,180.23,177.71,456.30,0.8676,-1,-1,-1
851,100,270.56,71.79,310.35,940.40,0.8966,-1,-1,-1
851,102,552.02,132.27,290.43,898.00,0.8685,-1,-1,-1
851,110,1172.70,254.77,105.45,308.09,0.7457,-1,-1,-1
851,117,1506.86,165.07,262.72,882.09,0.9020,-1,-1,-1
851,118,739.27,195.95,106.42,247.13,0.3524,-1,-1,-1
852,85,992.11,136.00,157.78,516.77,0.8071,-1,-1,-1
852,99,825.64,177.47,179.70,455.60,0.8515,-1,-1,-1
852,100,256.32,63.11,318.09,959.94,0.8918,-1,-1,-1
852,102,543.63,119.87,299.74,915.14,0.8787,-1,-1,-1
852,110,1177.42,249.78,98.51,309.72,0.7404,-1,-1,-1
852,117,1517.42,159.16,270.59,890.41,0.9033,-1,-1,-1
853,85,989.38,132.28,163.36,516.79,0.7998,-1,-1,-1
853,99,822.12,176.46,177.16,453.30,0.8416,-1,-1,-1
853,100,241.74,53.99,325.59,994.06,0.8974,-1,-1,-1
853,102,535.34,107.91,308.19,930.94,0.8870,-1,-1,-1
853,110,1179.90,243.71,98.73,314.26,0.7414,-1,-1,-1
853,117,1526.20,145.34,281.38,906.19,0.9014,-1,-1,-1
854,85,981.26,131.35,168.64,516.51,0.7998,-1,-1,-1
854,99,820.38,176.15,175.72,452.90,0.8468,-1,-1,-1
854,100,222.19,47.01,335.44,1019.77,0.9001,-1,-1,-1
854,102,531.03,99.03,312.13,949.62,0.8928,-1,-1,-1
854,110,1177.26,241.32,98.56,316.58,0.7037,-1,-1,-1
854,117,1531.58,136.50,292.45,921.59,0.9020,-1,-1,-1
855,85,976.48,128.56,173.94,519.77,0.8158,-1,-1,-1
855,99,820.62,173.50,169.87,453.74,0.8418,-1,-1,-1
855,100,204.81,37.85,343.46,1031.43,0.9008,-1,-1,-1
855,102,518.57,87.82,323.67,964.65,0.8941,-1,-1,-1
855,110,1171.98,237.83,98.82,318.68,0.6315,-1,-1,-1
855,117,1539.81,127.35,300.47,934.04,0.9083,-1,-1,-1
856,85,979.91,123.53,165.74,526.34,0.8352,-1,-1,-1
856,99,814.88,171.03,173.05,454.83,0.8454,-1,-1,-1
856,100,182.50,27.76,353.11,1044.67,0.9073,-1,-1,-1
856,102,507.47,75.07,336.13,981.84,0.9023,-1,-1,-1
856,110,1171.60,233.93,95.44,319.12,0.6546,-1,-1,-1
856,117,1541.47,112.59,320.88,951.69,0.9106,-1,-1,-1
857,85,976.05,121.03,168.42,527.75,0.8447,-1,-1,-1
857,99,806.20,168.22,180.66,455.97,0.8492,-1,-1,-1
857,100,179.23,19.04,344.35,1055.77,0.8868,-1,-1,-1
857,102,493.59,64.25,349.34,1004.54,0.9045,-1,-1,-1
857,110,1168.21,229.39,99.01,321.32,0.6999,-1,-1,-1
857,117,1538.93,103.71,341.80,964.40,0.9025,-1,-1,-1
858,85,977.09,120.59,160.59,526.92,0.8353,-1,-1,-1
858,99,800.26,161.55,176.16,460.97,0.8391,-1,-1,-1
858,100,128.07,6.61,379.24,1066.71,0.8998,-1,-1,-1
858,102,479.73,52.29,362.37,1025.42,0.9026,-1,-1,-1
858,110,1165.49,225.49,98.42,323.53,0.6962,-1,-1,-1
858,117,1530.87,89.89,372.08,988.31,0.8980,-1,-1,-1
858,120,1329.12,284.32,98.46,283.90,0.3687,-1,-1,-1
859,85,965.57,122.99,166.82,522.78,0.8279,-1,-1,-1
859,99,798.54,156.30,173.04,462.27,0.8234,-1,-1,-1
859,100,100.41,2.07,390.95,1069.01,0.9068,-1,-1,-1
859,102,469.78,40.27,370.79,1037.27,0.9041,-1,-1,-1
859,110,1162.43,222.80,99.49,323.70,0.7110,-1,-1,-1
859,117,1543.03,77.41,377.90,1003.43,0.8807,-1,-1,-1
860,85,958.85,123.35,173.44,521.47,0.8489,-1,-1,-1
860,99,798.45,149.86,170.59,464.67,0.8282,-1,-1,-1
860,100,69.57,-0.36,405.59,1071.79,0.9018,-1,-1,-1
860,102,458.57,27.72,380.43,1051.27,0.9163,-1,-1,-1
860,110,1158.98,217.96,100.70,325.97,0.6958,-1,-1,-1
860,117,1554.78,62.12,374.42,1022.46,0.9029,-1,-1,-1
861,85,955.51,121.63,176.28,520.54,0.8619,-1,-1,-1
861,99,794.18,145.17,172.09,465.08,0.8512,-1,-1,-1
861,100,37.19,-0.94,423.40,1074.47,0.8692,-1,-1,-1
861,102,445.36,15.63,391.90,1063.41,0.9101,-1,-1,-1
861,110,1158.27,213.84,101.90,327.96,0.6877,-1,-1,-1
861,117,1561.57,53.21,369.78,1031.80,0.9074,-1,-1,-1
862,85,953.45,119.63,178.75,519.50,0.8488,-1,-1,-1
862,99,794.35,142.90,172.99,461.79,0.8395,-1,-1,-1
862,100,4.94,-1.69,440.34,1074.56,0.7873,-1,-1,-1
862,102,436.95,6.38,397.85,1072.70,0.9137,-1,-1,-1
862,110,1159.86,211.89,100.06,326.28,0.6659,-1,-1,-1
862,117,1572.64,38.63,359.35,1042.72,0.9107,-1,-1,-1
863,85,958.96,115.73,175.52,521.17,0.8304,-1,-1,-1
863,99,793.19,140.80,173.41,460.33,0.8489,-1,-1,-1
863,100,2.47,-1.48,426.40,1075.91,0.8525,-1,-1,-1
863,102,424.78,1.38,407.65,1076.90,0.9201,-1,-1,-1
863,110,1160.15,210.61,99.77,324.54,0.6466,-1,-1,-1
863,117,1584.57,31.43,346.44,1048.44,0.9092,-1,-1,-1
864,85,961.47,113.46,176.11,523.33,0.8339,-1,-1,-1
864,99,791.79,139.64,173.64,459.40,0.8544,-1,-1,-1
864,100,-3.54,0.07,422.23,1075.55,0.8977,-1,-1,-1
864,102,412.01,0.29,413.56,1077.84,0.9225,-1,-1,-1
864,110,1160.61,207.87,100.68,328.62,0.6392,-1,-1,-1
864,117,1596.45,18.15,334.08,1062.33,0.9040,-1,-1,-1
865,85,961.10,110.73,179.57,527.55,0.8287,-1,-1,-1
865,99,793.71,137.80,172.63,460.54,0.8499,-1,-1,-1
865,100,-8.74,0.76,414.41,1074.39,0.9118,-1,-1,-1
865,102,399.67,0.22,418.91,1079.08,0.9202,-1,-1,-1
865,110,1159.25,205.78,105.09,331.95,0.6334,-1,-1,-1
865,117,1611.87,9.94,317.73,1070.65,0.9013,-1,-1,-1
866,85,962.43,108.66,180.12,528.64,0.8338,-1,-1,-1
866,99,795.53,136.32,171.40,463.93,0.8541,-1,-1,-1
866,100,-10.90,4.40,386.41,1071.33,0.9118,-1,-1,-1
866,102,380.76,1.18,430.86,1077.47,0.9195,-1,-1,-1
866,110,1163.08,204.04,100.59,332.92,0.6827,-1,-1,-1
866,117,1643.07,0.58,285.54,1077.45,0.8884,-1,-1,-1
867,85,971.01,107.92,174.85,528.77,0.8221,-1,-1,-1
867,99,794.89,138.27,173.27,467.06,0.8571,-1,-1,-1
867,100,-11.19,6.58,355.56,1069.90,0.9207,-1,-1,-1
867,102,359.76,3.97,439.48,1073.59,0.9154,-1,-1,-1
867,110,1168.60,203.43,98.73,335.45,0.6991,-1,-1,-1
867,117,1680.11,-0.50,247.22,1079.19,0.8728,-1,-1,-1
868,85,980.91,109.95,162.00,522.16,0.8263,-1,-1,-1
868,99,792.33,141.86,176.81,469.43,0.8590,-1,-1,-1
868,100,-10.96,7.85,329.40,1069.30,0.9111,-1,-1,-1
868,102,332.41,3.48,451.98,1073.09,0.9192,-1,-1,-1
868,110,1169.41,203.63,99.43,337.63,0.6995,-1,-1,-1
868,117,1706.80,111.67,218.94,963.33,0.7516,-1,-1,-1
869,85,982.76,108.14,158.68,520.52,0.8229,-1,-1,-1
869,99,792.29,143.73,175.28,471.16,0.8630,-1,-1,-1
869,100,-9.46,7.61,302.04,1064.22,0.9165,-1,-1,-1
869,102,301.90,2.67,467.91,1072.14,0.9161,-1,-1,-1
869,110,1171.07,203.87,99.49,339.92,0.7079,-1,-1,-1
869,117,1720.21,184.26,203.01,668.97,0.4262,-1,-1,-1
870,85,982.62,109.59,153.79,518.30,0.8241,-1,-1,-1
870,99,792.99,145.33,173.38,472.99,0.8691,-1,-1,-1
870,100,-7.78,8.67,274.79,1061.58,0.9126,-1,-1,-1
870,102,267.49,2.45,488.01,1072.65,0.9113,-1,-1,-1
870,110,1170.96,203.90,101.55,343.11,0.7101,-1,-1,-1
870,117,1756.94,207.65,164.94,609.81,0.7601,-1,-1,-1
870,108,629.47,129.42,147.93,396.63,0.5771,-1,-1,-1
871,85,985.00,113.66,146.01,518.05,0.8178,-1,-1,-1
871,99,793.65,150.43,172.51,471.98,0.8587,-1,-1,-1
871,100,-6.22,9.00,247.27,1061.99,0.8959,-1,-1,-1
871,102,234.38,1.85,504.66,1074.18,0.9159,-1,-1,-1
871,110,1173.12,205.54,100.77,344.90,0.6878,-1,-1,-1
871,117,1794.96,246.80,126.12,574.87,0.5828,-1,-1,-1
871,108,619.88,138.74,156.47,445.11,0.6070,-1,-1,-1
872,85,987.17,117.07,144.62,517.63,0.8111,-1,-1,-1
872,99,795.33,156.41,170.96,470.97,0.8490,-1,-1,-1
872,100,-3.31,10.32,212.07,1058.20,0.8787,-1,-1,-1
872,102,202.75,2.06,523.86,1071.02,0.9146,-1,-1,-1
872,110,1179.80,207.40,95.94,346.58,0.7180,-1,-1,-1
872,108,612.50,144.48,162.58,467.78,0.7941,-1,-1,-1
873,85,988.03,120.75,141.32,515.48,0.8106,-1,-1,-1
873,99,797.07,160.45,170.86,472.85,0.8356,-1,-1,-1
873,100,-1.66,39.56,179.56,1029.96,0.8602,-1,-1,-1
873,102,163.29,2.14,550.32,1068.89,0.9237,-1,-1,-1
873,110,1180.21,208.70,98.38,348.91,0.7083,-1,-1,-1
873,108,608.20,147.61,162.46,485.42,0.7627,-1,-1,-1
874,85,989.21,123.81,138.48,518.83,0.7985,-1,-1,-1
874,99,799.36,164.78,169.21,472.53,0.8371,-1,-1,-1
874,100,1.17,99.56,145.39,971.46,0.8119,-1,-1,-1
874,102,125.50,-0.17,573.32,1067.92,0.9102,-1,-1,-1
874,110,1179.01,210.01,101.49,349.66,0.7217,-1,-1,-1
874,108,604.40,150.87,165.80,491.40,0.7563,-1,-1,-1
875,85,990.04,128.57,136.47,517.65,0.7910,-1,-1,-1
875,99,802.27,165.46,168.10,473.66,0.8290,-1,-1,-1
875,100,1.40,128.51,121.06,934.69,0.4873,-1,-1,-1
875,102,99.59,-0.28,584.54,1065.20,0.9137,-1,-1,-1
875,110,1174.16,211.44,108.08,349.24,0.6493,-1,-1,-1
875,108,598.07,151.08,171.91,494.66,0.7741,-1,-1,-1
876,85,993.89,132.46,131.77,515.85,0.8014,-1,-1,-1
876,99,803.90,167.01,168.83,471.00,0.8373,-1,-1,-1
876,100,1.82,197.65,135.27,850.30,0.3706,-1,-1,-1
876,102,33.38,-0.59,633.85,1066.92,0.8977,-1,-1,-1
876,110,1174.84,211.26,112.28,350.57,0.6063,-1,-1,-1
876,108,590.27,149.51,177.77,500.91,0.8000,-1,-1,-1
877,85,993.35,134.80,130.01,516.75,0.8115,-1,-1,-1
877,99,804.04,167.24,169.70,464.43,0.8343,-1,-1,-1
877,102,2.73,-0.84,646.12,1066.98,0.9369,-1,-1,-1
877,110,1174.45,210.17,112.60,353.67,0.6403,-1,-1,-1
877,108,582.37,147.57,173.17,505.57,0.7881,-1,-1,-1
878,85,987.93,134.97,133.81,515.36,0.7997,-1,-1,-1
878,99,802.77,165.11,169.01,468.80,0.8295,-1,-1,-1
878,102,-9.28,-0.01,640.31,1067.95,0.9417,-1,-1,-1
878,110,1176.21,207.88,113.04,356.62,0.6438,-1,-1,-1
878,108,571.10,144.01,185.26,512.20,0.7966,-1,-1,-1
879,85,986.91,135.85,132.76,512.82,0.8163,-1,-1,-1
879,99,802.07,162.57,168.30,472.82,0.8388,-1,-1,-1
879,102,-11.60,-0.02,621.36,1066.82,0.9240,-1,-1,-1
879,110,1173.01,206.86,113.12,357.18,0.6911,-1,-1,-1
879,108,559.70,143.25,193.04,515.64,0.8391,-1,-1,-1
880,85,983.58,135.61,134.62,510.48,0.8103,-1,-1,-1
880,99,801.63,158.88,169.11,469.80,0.8507,-1,-1,-1
880,102,-10.43,3.07,595.77,1064.14,0.9167,-1,-1,-1
880,110,1171.85,203.74,113.51,359.95,0.7163,-1,-1,-1
880,108,548.19,142.43,202.71,519.94,0.8515,-1,-1,-1
880,122,704.77,221.02,95.64,348.01,0.4619,-1,-1,-1
881,85,979.54,135.07,138.72,509.39,0.8070,-1,-1,-1
881,99,800.71,156.62,170.54,465.45,0.8605,-1,-1,-1
881,102,-8.15,2.52,568.22,1061.60,0.9261,-1,-1,-1
881,110,1175.77,200.13,110.70,363.43,0.7112,-1,-1,-1
881,108,535.39,142.30,220.01,522.25,0.8297,-1,-1,-1
881,122,698.95,219.64,96.94,361.41,0.5597,-1,-1,-1
882,85,970.18,133.11,144.35,512.97,0.8413,-1,-1,-1
882,99,798.60,153.98,170.27,466.66,0.8555,-1,-1,-1
882,102,-6.18,3.85,542.91,1060.70,0.9208,-1,-1,-1
882,110,1176.71,199.41,111.62,364.07,0.7519,-1,-1,-1
882,108,524.41,141.07,226.38,531.32,0.8172,-1,-1,-1
882,122,696.72,223.03,95.63,361.27,0.6264,-1,-1,-1
883,85,965.49,126.90,140.87,519.63,0.8341,-1,-1,-1
883,99,796.20,152.18,170.70,465.02,0.8533,-1,-1,-1
883,102,-5.09,5.28,516.68,1058.01,0.9380,-1,-1,-1
883,110,1176.36,201.09,113.05,363.21,0.7630,-1,-1,-1
883,108,509.52,140.91,236.02,536.60,0.8178,-1,-1,-1
883,122,689.54,219.46,103.51,367.13,0.6266,-1,-1,-1
884,85,960.87,122.97,142.05,522.43,0.7682,-1,-1,-1
884,99,795.18,150.57,169.33,465.26,0.8348,-1,-1,-1
884,102,-4.53,5.65,477.15,1056.07,0.9146,-1,-1,-1
884,110,1177.14,199.86,112.70,366.18,0.7447,-1,-1,-1
884,108,495.66,139.14,237.17,542.57,0.7863,-1,-1,-1
884,122,675.12,224.81,114.71,359.63,0.4744,-1,-1,-1
885,85,959.31,118.56,141.28,524.91,0.7980,-1,-1,-1
885,99,791.35,148.60,168.86,468.62,0.8272,-1,-1,-1
885,102,-3.86,6.40,428.66,1055.97,0.9100,-1,-1,-1
885,110,1175.70,199.20,115.20,366.96,0.7263,-1,-1,-1
885,108,484.50,138.24,241.16,549.69,0.7694,-1,-1,-1
885,122,665.91,226.00,119.19,350.63,0.4696,-1,-1,-1
886,85,956.34,116.67,140.45,519.34,0.8178,-1,-1,-1
886,99,784.95,147.82,168.09,473.47,0.8347,-1,-1,-1
886,102,-3.24,4.58,375.74,1058.89,0.8796,-1,-1,-1
886,110,1173.06,201.53,117.27,368.08,0.7361,-1,-1,-1
886,108,463.68,136.43,245.03,559.18,0.7899,-1,-1,-1
886,122,657.51,217.80,118.97,323.95,0.3491,-1,-1,-1
887,85,953.59,116.48,141.28,514.93,0.8074,-1,-1,-1
887,99,774.07,151.81,174.41,471.43,0.8472,-1,-1,-1
887,102,-1.19,14.83,312.60,1048.06,0.4269,-1,-1,-1
887,110,1170.53,204.21,114.63,368.10,0.7784,-1,-1,-1
887,108,446.86,128.50,254.37,571.80,0.8619,-1,-1,-1
887,122,644.21,221.50,123.98,311.19,0.4475,-1,-1,-1
888,85,936.08,121.57,152.03,503.59,0.8171,-1,-1,-1
888,99,772.97,153.35,169.55,470.20,0.8299,-1,-1,-1
888,110,1166.27,204.55,116.69,366.97,0.7411,-1,-1,-1
888,108,431.26,119.56,260.10,583.92,0.8356,-1,-1,-1
888,122,633.91,214.49,122.24,314.20,0.4525,-1,-1,-1
889,85,928.17,117.31,152.58,507.82,0.7966,-1,-1,-1
889,99,763.30,155.46,170.35,470.33,0.7858,-1,-1,-1
889,110,1161.79,204.67,117.71,368.83,0.7053,-1,-1,-1
889,108,413.08,111.05,265.43,592.79,0.8579,-1,-1,-1
889,122,613.34,221.59,126.46,311.88,0.3007,-1,-1,-1
890,85,901.86,119.63,161.98,509.10,0.8088,-1,-1,-1
890,99,748.94,161.51,168.21,470.53,0.8132,-1,-1,-1
890,110,1151.34,207.93,116.48,369.93,0.7253,-1,-1,-1
890,108,389.56,106.10,261.04,604.81,0.8355,-1,-1,-1
890,122,591.03,199.68,126.81,380.36,0.4052,-1,-1,-1
891,85,896.22,120.99,160.29,512.68,0.8333,-1,-1,-1
891,99,729.65,164.64,175.44,469.59,0.8517,-1,-1,-1
891,110,1141.62,210.74,117.09,370.44,0.7855,-1,-1,-1
891,108,362.30,95.89,272.97,620.25,0.7532,-1,-1,-1
891,122,588.09,207.73,110.80,372.77,0.3734,-1,-1,-1
892,85,885.15,123.44,158.87,513.42,0.8481,-1,-1,-1
892,99,716.39,167.44,174.86,468.40,0.8357,-1,-1,-1
892,110,1133.34,213.57,114.22,371.02,0.7824,-1,-1,-1
892,108,339.80,88.06,281.00,634.14,0.8512,-1,-1,-1
893,85,874.43,126.56,159.73,514.21,0.8262,-1,-1,-1
893,99,704.26,167.53,174.34,470.37,0.8187,-1,-1,-1
893,110,1123.96,215.51,116.31,376.50,0.7904,-1,-1,-1
893,108,315.44,84.39,288.14,646.43,0.7572,-1,-1,-1
893,122,525.60,213.74,135.04,399.09,0.4075,-1,-1,-1
894,85,864.20,131.78,160.31,516.31,0.7594,-1,-1,-1
894,99,694.03,168.81,172.06,472.84,0.8463,-1,-1,-1
894,110,1117.58,218.75,115.48,376.86,0.7929,-1,-1,-1
894,108,295.92,82.63,296.14,654.48,0.8381,-1,-1,-1
894,122,501.49,221.49,154.28,409.61,0.3671,-1,-1,-1
895,85,850.05,135.54,160.36,518.32,0.7763,-1,-1,-1
895,99,682.95,171.03,169.76,471.81,0.8566,-1,-1,-1
895,110,1109.93,221.20,119.71,378.83,0.7965,-1,-1,-1
895,108,279.37,79.84,301.86,670.05,0.7094,-1,-1,-1
895,122,500.72,227.08,151.30,408.65,0.3595,-1,-1,-1
896,85,833.64,138.32,175.02,518.48,0.8283,-1,-1,-1
896,99,674.59,170.78,169.64,468.64,0.8336,-1,-1,-1
896,110,1103.97,224.79,123.45,376.63,0.7502,-1,-1,-1
896,108,261.24,76.94,296.33,683.41,0.8387,-1,-1,-1
896,122,491.17,197.59,147.10,450.39,0.4452,-1,-1,-1
897,85,823.32,143.64,180.81,514.80,0.8283,-1,-1,-1
897,99,668.09,170.84,168.09,466.70,0.8089,-1,-1,-1
897,110,1098.17,227.47,125.65,376.82,0.7875,-1,-1,-1
897,108,244.38,72.29,303.70,703.32,0.8677,-1,-1,-1
897,122,497.63,184.18,127.63,462.68,0.3768,-1,-1,-1
898,85,821.96,147.78,183.15,514.36,0.8318,-1,-1,-1
898,99,665.29,170.90,166.75,465.57,0.8207,-1,-1,-1
898,110,1096.75,228.93,126.61,380.35,0.8017,-1,-1,-1
898,108,232.98,68.00,309.62,733.31,0.8665,-1,-1,-1
898,122,489.26,178.71,128.65,474.63,0.5380,-1,-1,-1
899,85,820.24,149.79,186.36,514.73,0.8329,-1,-1,-1
899,99,658.24,170.40,172.62,472.89,0.7895,-1,-1,-1
899,110,1096.28,231.61,126.74,380.04,0.7908,-1,-1,-1
899,108,221.37,65.50,313.49,747.68,0.8346,-1,-1,-1
899,122,469.84,174.43,140.42,489.84,0.4795,-1,-1,-1
900,85,823.30,152.15,185.49,513.86,0.8239,-1,-1,-1
900,99,658.50,170.07,172.17,479.26,0.8100,-1,-1,-1
900,110,1099.33,231.03,129.28,383.78,0.8068,-1,-1,-1
900,108,213.93,60.48,296.55,760.98,0.7912,-1,-1,-1
900,122,458.74,170.30,147.40,505.04,0.5940,-1,-1,-1
