1,1,118.00,157.54,79.99,171.14,0.8484,-1,-1,-1
1,2,16.01,148.76,74.71,190.85,0.8159,-1,-1,-1
2,1,118.05,154.91,82.14,174.66,0.8474,-1,-1,-1
2,2,17.59,145.32,74.08,194.76,0.8564,-1,-1,-1
3,1,124.61,153.60,68.50,177.40,0.7125,-1,-1,-1
3,2,22.15,137.97,73.92,203.07,0.8289,-1,-1,-1
4,1,129.90,154.12,78.49,179.17,0.8467,-1,-1,-1
4,2,27.46,141.90,72.90,201.17,0.8197,-1,-1,-1
4,3,253.00,193.87,24.96,67.00,0.4797,-1,-1,-1
5,1,136.47,156.85,83.68,180.23,0.8143,-1,-1,-1
5,2,35.33,140.63,73.38,206.92,0.8697,-1,-1,-1
5,3,263.45,198.63,23.50,64.61,0.5432,-1,-1,-1
6,1,141.46,155.47,86.54,183.80,0.8338,-1,-1,-1
6,2,35.64,140.63,78.03,209.30,0.8531,-1,-1,-1
6,3,269.38,198.32,24.89,66.27,0.5848,-1,-1,-1
6,4,222.71,197.99,23.85,67.02,0.6154,-1,-1,-1
6,5,251.17,197.66,21.84,66.03,0.4303,-1,-1,-1
7,1,144.60,152.17,87.77,187.05,0.8595,-1,-1,-1
7,2,38.97,139.17,76.79,210.29,0.8357,-1,-1,-1
7,3,274.25,198.69,25.84,63.72,0.6744,-1,-1,-1
7,4,226.25,197.76,24.82,66.17,0.6563,-1,-1,-1
7,5,256.79,195.94,21.47,62.92,0.6028,-1,-1,-1
8,1,152.13,152.82,88.96,190.20,0.8705,-1,-1,-1
8,2,43.25,140.06,78.10,213.22,0.8246,-1,-1,-1
8,3,281.23,200.90,26.53,64.75,0.5862,-1,-1,-1
8,4,234.53,200.20,24.63,65.57,0.6827,-1,-1,-1
8,5,265.05,198.05,20.57,64.04,0.5556,-1,-1,-1
9,1,156.59,151.65,88.24,193.06,0.8672,-1,-1,-1
9,2,47.22,139.60,77.80,214.06,0.8304,-1,-1,-1
9,3,287.55,200.20,25.69,65.64,0.7195,-1,-1,-1
9,4,240.32,203.04,24.92,63.21,0.5636,-1,-1,-1
9,5,269.92,198.77,22.02,65.88,0.6477,-1,-1,-1
10,1,164.82,148.03,88.02,197.40,0.8699,-1,-1,-1
10,2,50.41,135.28,83.19,219.51,0.8570,-1,-1,-1
10,3,296.14,200.90,25.50,64.97,0.6351,-1,-1,-1
10,4,250.18,198.31,25.26,67.11,0.6476,-1,-1,-1
10,5,278.76,196.91,21.74,66.85,0.4569,-1,-1,-1
11,1,171.09,147.14,88.85,200.44,0.8611,-1,-1,-1
11,2,55.11,135.09,84.92,221.57,0.8677,-1,-1,-1
11,3,305.23,201.13,22.79,64.57,0.6469,-1,-1,-1
11,4,256.10,200.32,22.98,65.04,0.4890,-1,-1,-1
11,5,285.23,197.61,22.88,67.29,0.6966,-1,-1,-1
11,9,143.72,195.55,28.50,69.84,0.5637,-1,-1,-1
12,1,181.90,147.53,91.59,204.67,0.8704,-1,-1,-1
12,2,64.58,131.78,84.47,230.56,0.8809,-1,-1,-1
12,3,316.46,204.78,22.54,63.17,0.5016,-1,-1,-1
12,4,268.83,200.21,24.21,67.49,0.6251,-1,-1,-1
12,5,297.45,199.35,21.86,67.52,0.2312,-1,-1,-1
12,9,153.88,197.76,29.55,69.10,0.5749,-1,-1,-1
13,1,184.44,147.19,95.81,208.29,0.8587,-1,-1,-1
13,2,67.92,138.80,85.81,225.84,0.8563,-1,-1,-1
13,3,321.40,197.72,24.35,70.12,0.4617,-1,-1,-1
13,4,275.35,200.27,23.98,67.96,0.5106,-1,-1,-1
13,5,303.79,202.57,21.07,64.27,0.4761,-1,-1,-1
13,9,159.07,196.84,30.33,70.55,0.5691,-1,-1,-1
14,1,197.40,144.95,94.52,211.42,0.8290,-1,-1,-1
14,2,81.53,130.67,82.70,235.26,0.8715,-1,-1,-1
14,3,334.17,202.46,22.11,64.94,0.3741,-1,-1,-1
14,4,286.97,202.49,23.59,64.35,0.5899,-1,-1,-1
14,5,316.24,201.54,21.67,64.79,0.5775,-1,-1,-1
14,9,170.58,195.62,29.85,71.17,0.5988,-1,-1,-1
15,1,208.75,144.87,95.28,215.04,0.8599,-1,-1,-1
15,2,87.02,135.67,85.24,233.67,0.8602,-1,-1,-1
15,3,345.47,204.44,25.25,64.39,0.6195,-1,-1,-1
15,4,297.11,202.47,22.81,65.92,0.5773,-1,-1,-1
15,5,325.92,200.75,22.77,66.59,0.5191,-1,-1,-1
15,9,181.80,197.21,28.95,70.86,0.6604,-1,-1,-1
16,1,211.96,143.18,98.66,216.49,0.8458,-1,-1,-1
16,2,82.15,126.32,92.95,242.84,0.8776,-1,-1,-1
16,3,351.58,200.21,26.67,66.54,0.5434,-1,-1,-1
16,4,301.03,198.71,23.63,66.45,0.6868,-1,-1,-1
16,5,330.61,195.93,23.83,69.63,0.5508,-1,-1,-1
16,9,185.66,193.52,29.83,71.57,0.6426,-1,-1,-1
16,12,1.10,142.45,45.78,156.63,0.4308,-1,-1,-1
17,1,213.84,140.19,105.23,221.91,0.7738,-1,-1,-1
17,2,84.26,123.86,93.19,247.08,0.8982,-1,-1,-1
17,3,354.17,190.88,26.06,74.24,0.4913,-1,-1,-1
17,4,305.69,196.46,23.91,68.72,0.5980,-1,-1,-1
17,5,334.53,195.24,23.45,69.82,0.4471,-1,-1,-1
17,9,188.95,192.67,29.00,71.81,0.6422,-1,-1,-1
17,12,1.15,140.62,60.21,149.78,0.3768,-1,-1,-1
18,1,216.20,138.24,109.76,228.62,0.8572,-1,-1,-1
18,2,84.06,123.81,96.13,252.05,0.9013,-1,-1,-1
18,4,311.33,195.68,22.59,70.57,0.7058,-1,-1,-1
18,9,193.30,194.34,27.93,70.66,0.5464,-1,-1,-1
18,12,1.02,140.51,54.36,155.38,0.4964,-1,-1,-1
19,1,216.68,133.12,112.36,233.83,0.8666,-1,-1,-1
19,2,81.34,118.80,97.78,256.68,0.9064,-1,-1,-1
19,4,311.22,192.37,24.53,71.02,0.6221,-1,-1,-1
19,9,193.67,192.25,28.63,70.29,0.5145,-1,-1,-1
19,12,-0.18,137.38,47.60,156.83,0.3060,-1,-1,-1
20,1,214.34,129.05,114.05,240.07,0.8877,-1,-1,-1
20,2,76.63,113.82,99.01,263.83,0.9029,-1,-1,-1
20,9,192.10,188.50,28.75,72.19,0.5803,-1,-1,-1
20,12,-0.85,134.96,45.60,151.15,0.2910,-1,-1,-1
21,1,213.60,127.11,116.45,246.65,0.8791,-1,-1,-1
21,2,72.85,109.10,101.52,272.74,0.8988,-1,-1,-1
21,9,191.90,187.25,28.20,73.95,0.6602,-1,-1,-1
21,12,-0.87,132.75,39.84,161.47,0.5208,-1,-1,-1
21,14,42.27,186.18,25.33,69.64,0.5713,-1,-1,-1
22,1,214.42,123.28,118.40,253.33,0.8829,-1,-1,-1
22,2,68.93,104.25,105.03,280.34,0.8850,-1,-1,-1
22,9,193.87,185.94,27.43,73.93,0.3509,-1,-1,-1
22,12,-0.44,129.35,38.17,205.81,0.3507,-1,-1,-1
22,14,41.70,183.18,27.95,70.88,0.4103,-1,-1,-1
23,1,215.58,124.19,120.38,260.65,0.8812,-1,-1,-1
23,2,67.57,105.50,108.12,289.04,0.8965,-1,-1,-1
23,9,197.90,190.53,26.63,73.80,0.5789,-1,-1,-1
23,12,-0.22,133.60,39.08,224.23,0.3568,-1,-1,-1
23,14,48.44,190.57,24.24,68.17,0.3665,-1,-1,-1
24,1,219.92,121.91,117.52,265.59,0.7988,-1,-1,-1
24,2,65.57,104.06,111.30,294.70,0.8602,-1,-1,-1
24,9,200.71,189.65,25.41,74.57,0.1659,-1,-1,-1
24,12,0.53,133.11,39.60,190.74,0.4349,-1,-1,-1
25,1,228.54,121.26,112.26,274.23,0.8810,-1,-1,-1
25,2,62.52,103.27,114.85,302.83,0.8911,-1,-1,-1
25,12,0.75,134.09,38.10,178.65,0.3614,-1,-1,-1
26,1,230.43,117.47,110.36,280.88,0.8712,-1,-1,-1
26,2,58.70,100.38,117.35,308.99,0.8826,-1,-1,-1
26,12,0.51,132.52,36.94,174.91,0.3655,-1,-1,-1
27,1,235.45,113.13,110.54,289.27,0.8809,-1,-1,-1
27,2,55.13,95.38,120.75,317.05,0.8972,-1,-1,-1
27,12,-0.38,129.73,37.51,173.07,0.4621,-1,-1,-1
28,1,240.12,111.55,110.27,294.45,0.8851,-1,-1,-1
28,2,54.43,94.30,123.01,322.67,0.9022,-1,-1,-1
28,12,0.73,129.97,38.34,171.44,0.3368,-1,-1,-1
29,1,236.54,105.69,120.11,302.35,0.8659,-1,-1,-1
29,2,52.00,87.17,127.34,335.60,0.8817,-1,-1,-1
29,12,0.68,126.46,37.59,177.22,0.2409,-1,-1,-1
30,1,235.32,103.63,123.21,309.43,0.8839,-1,-1,-1
30,2,48.18,84.36,131.17,344.35,0.8888,-1,-1,-1
30,12,0.02,125.45,36.72,179.52,0.3046,-1,-1,-1
31,1,243.20,99.27,121.19,319.88,0.8790,-1,-1,-1
31,2,43.58,80.52,137.63,353.27,0.8946,-1,-1,-1
31,12,0.03,122.64,35.78,239.51,0.2275,-1,-1,-1
32,1,252.57,97.06,121.39,330.44,0.8769,-1,-1,-1
32,2,44.54,78.36,140.58,363.29,0.8790,-1,-1,-1
32,12,1.09,123.55,36.87,260.11,0.2166,-1,-1,-1
32,17,147.28,80.27,47.81,176.01,0.5285,-1,-1,-1
33,1,260.12,90.19,126.59,339.42,0.8614,-1,-1,-1
33,2,51.27,71.06,140.25,374.24,0.8887,-1,-1,-1
33,12,1.96,117.63,41.95,269.79,0.1720,-1,-1,-1
33,17,153.53,76.55,46.89,181.86,0.3756,-1,-1,-1
33,18,418.38,188.65,26.54,75.39,0.6739,-1,-1,-1
33,4,360.90,187.03,26.93,75.26,0.6280,-1,-1,-1
34,1,269.45,89.06,130.50,350.52,0.8579,-1,-1,-1
34,2,57.89,70.63,142.14,381.98,0.8851,-1,-1,-1
34,17,158.92,75.66,53.26,181.07,0.5096,-1,-1,-1
34,18,426.12,187.99,27.04,78.42,0.6605,-1,-1,-1
34,4,369.00,187.45,29.01,76.56,0.6828,-1,-1,-1
34,3,425.86,187.53,27.06,79.17,0.6605,-1,-1,-1
35,1,272.84,88.69,142.70,360.22,0.8551,-1,-1,-1
35,2,64.36,70.85,142.15,388.40,0.9042,-1,-1,-1
35,17,165.30,76.03,55.48,225.94,0.2975,-1,-1,-1
35,18,434.97,190.33,28.15,78.71,0.6581,-1,-1,-1
35,4,377.98,189.81,28.66,76.98,0.7054,-1,-1,-1
35,19,1.37,118.95,35.46,103.83,0.6117,-1,-1,-1
35,20,410.42,188.05,24.56,77.65,0.4801,-1,-1,-1
35,3,435.56,190.48,28.07,78.66,0.6581,-1,-1,-1
36,1,275.55,82.08,156.78,369.80,0.8937,-1,-1,-1
36,2,71.76,63.44,145.37,399.43,0.8947,-1,-1,-1
36,17,174.75,71.67,56.00,203.49,0.5570,-1,-1,-1
36,18,447.33,189.38,28.34,78.45,0.6636,-1,-1,-1
36,4,388.63,189.01,28.03,76.46,0.5824,-1,-1,-1
36,19,2.85,115.96,45.51,104.92,0.1600,-1,-1,-1
36,20,421.00,182.50,25.89,82.49,0.4843,-1,-1,-1
36,3,448.09,189.63,28.27,78.29,0.6636,-1,-1,-1
37,1,274.21,78.66,165.40,378.31,0.8908,-1,-1,-1
37,2,72.07,61.19,148.38,406.19,0.9014,-1,-1,-1
37,17,177.39,70.96,55.00,193.17,0.4362,-1,-1,-1
37,18,452.00,189.98,27.37,78.63,0.6192,-1,-1,-1
37,4,392.22,189.37,28.37,76.32,0.6547,-1,-1,-1
37,20,424.91,186.46,24.47,79.45,0.3203,-1,-1,-1
37,3,452.75,190.21,27.42,78.44,0.6192,-1,-1,-1
38,1,278.63,76.50,174.14,387.86,0.8878,-1,-1,-1
38,2,71.67,58.94,152.49,415.47,0.8759,-1,-1,-1
38,17,181.06,70.66,57.10,196.42,0.4525,-1,-1,-1
38,18,457.00,189.88,28.56,80.35,0.7279,-1,-1,-1
38,4,398.09,193.29,28.89,73.92,0.4970,-1,-1,-1
38,20,430.04,189.22,26.44,78.88,0.5459,-1,-1,-1
38,3,457.71,190.15,28.53,80.08,0.7279,-1,-1,-1
39,1,283.40,70.52,178.72,397.84,0.8902,-1,-1,-1
39,2,70.01,53.33,157.13,424.72,0.8789,-1,-1,-1
39,17,182.81,64.37,57.70,197.17,0.5569,-1,-1,-1
39,18,460.56,187.34,31.86,81.78,0.6727,-1,-1,-1
39,4,403.40,194.40,27.56,71.29,0.5582,-1,-1,-1
39,20,434.50,187.13,26.37,78.29,0.5778,-1,-1,-1
39,3,461.26,187.60,31.70,81.50,0.6727,-1,-1,-1
39,5,434.69,187.11,26.10,77.99,0.5778,-1,-1,-1
40,1,285.48,67.28,186.57,410.11,0.8876,-1,-1,-1
40,2,68.18,53.15,162.34,428.85,0.8847,-1,-1,-1
40,17,185.04,63.75,57.20,200.24,0.6957,-1,-1,-1
40,18,464.71,188.41,31.97,83.06,0.7032,-1,-1,-1
40,4,409.04,198.92,24.86,70.00,0.4654,-1,-1,-1
40,20,438.62,186.91,27.75,81.23,0.5362,-1,-1,-1
40,3,465.38,188.63,31.85,82.79,0.7032,-1,-1,-1
40,5,439.11,186.71,27.56,81.21,0.5362,-1,-1,-1
41,1,287.99,63.72,192.42,417.46,0.8832,-1,-1,-1
41,2,64.05,49.86,166.86,433.24,0.8903,-1,-1,-1
41,17,183.40,63.01,58.11,200.28,0.7385,-1,-1,-1
41,18,467.67,188.76,31.81,58.84,0.6164,-1,-1,-1
41,4,413.25,202.51,19.46,66.26,0.1597,-1,-1,-1
41,20,440.07,188.17,27.50,80.18,0.5486,-1,-1,-1
41,3,468.24,188.94,31.74,59.06,0.6164,-1,-1,-1
41,5,440.67,187.89,27.41,80.28,0.5486,-1,-1,-1
41,19,0.22,114.44,49.58,152.67,0.3844,-1,-1,-1
42,1,283.52,56.43,197.93,425.91,0.8999,-1,-1,-1
42,2,51.92,41.72,171.60,440.29,0.8915,-1,-1,-1
42,17,177.84,55.87,59.43,207.60,0.6336,-1,-1,-1
42,18,465.08,187.39,33.40,42.67,0.5377,-1,-1,-1
42,3,465.57,187.51,33.32,43.10,0.5377,-1,-1,-1
42,19,-2.03,108.89,42.74,129.40,0.2353,-1,-1,-1
43,1,281.90,53.10,204.41,430.42,0.9045,-1,-1,-1
43,2,46.73,36.28,173.85,446.11,0.8963,-1,-1,-1
43,17,175.37,51.55,58.88,208.55,0.6478,-1,-1,-1
43,18,464.37,189.98,31.70,32.78,0.5272,-1,-1,-1
43,3,464.82,190.03,31.65,33.12,0.5272,-1,-1,-1
43,19,-1.59,105.73,38.35,119.08,0.2685,-1,-1,-1
44,1,281.68,50.22,209.67,433.17,0.9040,-1,-1,-1
44,2,43.72,31.07,177.10,450.68,0.8976,-1,-1,-1
44,17,175.33,48.56,59.41,212.16,0.6433,-1,-1,-1
44,19,-0.21,103.78,37.30,143.53,0.2229,-1,-1,-1
44,9,266.56,186.92,26.05,77.83,0.3625,-1,-1,-1
45,1,283.67,46.43,213.93,435.45,0.8964,-1,-1,-1
45,2,41.74,27.15,179.14,452.95,0.8951,-1,-1,-1
45,17,176.11,46.67,61.01,215.30,0.6476,-1,-1,-1
45,19,0.30,99.99,37.08,154.34,0.2016,-1,-1,-1
45,9,267.93,185.84,27.37,77.80,0.4529,-1,-1,-1
45,12,0.31,102.02,39.37,324.90,0.3614,-1,-1,-1
46,1,279.64,42.71,222.91,440.00,0.9094,-1,-1,-1
46,2,36.06,20.63,184.16,460.47,0.8836,-1,-1,-1
46,17,174.61,44.64,62.42,218.71,0.6942,-1,-1,-1
46,9,268.39,185.60,27.94,77.69,0.1688,-1,-1,-1
46,12,-0.81,98.55,37.36,329.72,0.4195,-1,-1,-1
47,1,282.90,38.12,223.87,443.79,0.9064,-1,-1,-1
47,2,33.08,14.88,186.31,465.03,0.8725,-1,-1,-1
47,17,174.46,41.15,61.90,218.48,0.6582,-1,-1,-1
47,9,269.68,183.68,27.49,78.80,0.3716,-1,-1,-1
47,12,-0.24,94.45,36.60,333.63,0.3063,-1,-1,-1
48,1,288.53,31.05,224.95,450.49,0.8999,-1,-1,-1
48,2,30.27,11.08,192.03,469.75,0.8636,-1,-1,-1
48,17,176.69,38.22,63.45,222.73,0.6428,-1,-1,-1
48,12,0.09,93.01,38.98,339.27,0.3433,-1,-1,-1
49,1,287.50,28.49,230.40,453.24,0.8895,-1,-1,-1
49,2,26.71,8.95,199.17,470.14,0.8603,-1,-1,-1
49,17,176.25,36.40,65.44,226.44,0.6405,-1,-1,-1
50,1,286.20,23.27,234.14,458.12,0.8995,-1,-1,-1
50,2,20.69,3.30,204.32,476.37,0.8585,-1,-1,-1
50,17,174.33,34.16,66.78,234.81,0.6500,-1,-1,-1
50,19,-0.15,90.96,29.94,122.38,0.5213,-1,-1,-1
51,1,285.75,19.62,238.92,460.45,0.9086,-1,-1,-1
51,2,20.94,0.97,203.64,476.49,0.8588,-1,-1,-1
51,17,174.33,33.01,69.89,237.88,0.7362,-1,-1,-1
51,19,0.25,90.02,30.51,118.15,0.4481,-1,-1,-1
52,1,289.00,15.61,240.97,462.47,0.9019,-1,-1,-1
52,2,17.26,-0.27,206.64,477.42,0.8464,-1,-1,-1
52,17,173.67,30.16,71.66,239.97,0.5960,-1,-1,-1
52,19,0.44,88.27,31.09,147.40,0.4830,-1,-1,-1
53,1,288.56,13.05,248.96,467.27,0.9044,-1,-1,-1
53,2,12.55,-1.36,212.14,481.74,0.8605,-1,-1,-1
53,17,173.17,27.91,71.72,241.80,0.6318,-1,-1,-1
53,19,-0.75,87.15,35.45,157.93,0.3691,-1,-1,-1
54,1,290.10,11.80,250.54,469.82,0.9116,-1,-1,-1
54,2,12.29,-1.03,211.88,480.04,0.8424,-1,-1,-1
54,17,173.27,27.75,71.51,242.59,0.5766,-1,-1,-1
54,19,-0.38,87.12,35.74,130.88,0.4177,-1,-1,-1
55,1,292.20,8.12,258.75,468.44,0.8858,-1,-1,-1
55,2,10.65,1.03,217.11,477.50,0.8571,-1,-1,-1
55,17,174.27,26.62,73.38,243.31,0.5491,-1,-1,-1
55,19,0.52,87.67,37.67,177.20,0.4524,-1,-1,-1
56,1,290.67,5.61,263.58,472.34,0.8457,-1,-1,-1
56,2,10.20,0.23,218.09,478.94,0.8620,-1,-1,-1
56,17,175.00,25.07,72.85,246.61,0.5890,-1,-1,-1
56,19,-0.32,86.15,37.44,172.82,0.4636,-1,-1,-1
57,1,297.41,2.94,264.40,476.32,0.9115,-1,-1,-1
57,2,7.77,0.51,220.48,477.41,0.8578,-1,-1,-1
57,17,175.81,23.42,73.71,275.58,0.6122,-1,-1,-1
57,19,-0.05,84.73,36.62,169.83,0.5690,-1,-1,-1
58,1,301.10,1.66,266.89,478.85,0.8997,-1,-1,-1
58,2,6.82,0.67,221.78,477.67,0.8594,-1,-1,-1
58,17,176.08,21.23,76.10,344.08,0.4966,-1,-1,-1
58,19,-0.06,84.30,35.55,168.52,0.4866,-1,-1,-1
59,1,302.95,0.16,273.60,480.92,0.9035,-1,-1,-1
59,2,4.81,0.12,224.06,478.58,0.8447,-1,-1,-1
59,17,176.62,19.82,76.47,343.41,0.7051,-1,-1,-1
59,19,-0.68,84.12,33.35,166.90,0.4017,-1,-1,-1
60,1,303.43,-1.44,280.36,480.52,0.9006,-1,-1,-1
60,2,3.58,-0.62,225.83,478.79,0.8185,-1,-1,-1
60,17,174.86,18.07,79.13,388.88,0.5711,-1,-1,-1
60,19,-0.84,80.61,30.93,202.73,0.3765,-1,-1,-1
61,1,306.34,-1.42,284.94,480.91,0.8971,-1,-1,-1
61,2,1.27,0.33,227.05,477.26,0.8556,-1,-1,-1
61,17,174.80,17.55,79.55,403.12,0.6077,-1,-1,-1
61,19,-0.60,80.25,29.15,211.84,0.3827,-1,-1,-1
62,1,310.93,-1.39,286.65,478.05,0.8307,-1,-1,-1
62,2,0.82,-0.04,226.08,477.20,0.8611,-1,-1,-1
62,17,177.04,15.78,78.77,416.15,0.7277,-1,-1,-1
62,19,-0.04,78.24,30.34,223.81,0.4517,-1,-1,-1
63,1,312.83,-0.70,286.67,479.47,0.8857,-1,-1,-1
63,2,0.56,0.66,225.39,475.94,0.7896,-1,-1,-1
63,17,177.07,14.88,79.63,422.40,0.7196,-1,-1,-1
63,19,0.49,76.08,34.67,312.46,0.3731,-1,-1,-1
64,1,316.51,-0.69,288.14,480.27,0.8757,-1,-1,-1
64,2,0.42,1.76,227.92,476.10,0.8099,-1,-1,-1
64,17,176.34,14.76,82.57,420.50,0.5741,-1,-1,-1
64,19,0.54,75.70,34.39,359.12,0.3595,-1,-1,-1
64,5,501.00,191.66,26.72,77.53,0.6102,-1,-1,-1
65,1,317.18,-0.67,289.48,480.25,0.8766,-1,-1,-1
65,2,-0.02,1.70,234.02,474.84,0.7657,-1,-1,-1
65,17,177.21,14.16,83.56,377.83,0.5247,-1,-1,-1
65,19,0.37,75.02,35.21,361.91,0.3505,-1,-1,-1
65,5,501.91,192.65,26.38,76.61,0.6443,-1,-1,-1
66,1,314.25,-0.51,292.90,480.21,0.8839,-1,-1,-1
66,2,-0.45,1.28,232.27,473.34,0.8418,-1,-1,-1
66,17,177.03,12.99,85.07,347.59,0.6341,-1,-1,-1
66,19,0.07,74.53,34.00,376.60,0.3673,-1,-1,-1
66,5,502.26,192.32,26.40,76.56,0.6824,-1,-1,-1
67,1,312.31,-0.15,298.62,479.93,0.8852,-1,-1,-1
67,2,-0.07,1.62,228.82,475.21,0.8087,-1,-1,-1
67,17,179.02,12.05,84.35,393.87,0.7479,-1,-1,-1
67,19,0.46,75.34,32.78,384.33,0.5338,-1,-1,-1
67,5,503.71,192.84,25.13,76.28,0.6490,-1,-1,-1
68,1,315.58,0.21,296.98,480.04,0.8942,-1,-1,-1
68,2,-0.20,2.52,226.68,474.86,0.7487,-1,-1,-1
68,17,179.17,11.24,84.74,421.36,0.6779,-1,-1,-1
68,19,0.44,75.23,33.35,359.12,0.3680,-1,-1,-1
68,5,505.75,193.20,23.61,76.57,0.6037,-1,-1,-1
69,1,317.29,0.30,294.49,479.83,0.8915,-1,-1,-1
69,2,-0.30,2.59,225.57,475.12,0.7380,-1,-1,-1
69,17,179.05,9.99,85.20,433.12,0.6036,-1,-1,-1
69,19,0.33,73.93,33.86,364.62,0.3943,-1,-1,-1
69,5,505.99,193.61,22.39,75.68,0.6365,-1,-1,-1
69,9,293.95,176.06,28.68,86.47,0.5637,-1,-1,-1
70,1,317.87,0.41,293.60,479.73,0.8924,-1,-1,-1
70,2,-0.23,1.72,223.79,477.26,0.8235,-1,-1,-1
70,17,181.93,9.16,84.17,430.94,0.8348,-1,-1,-1
70,19,0.46,74.30,34.28,363.15,0.4031,-1,-1,-1
70,5,506.52,193.51,22.54,75.74,0.6172,-1,-1,-1
70,25,0.15,77.53,22.52,128.51,0.3834,-1,-1,-1
70,9,295.13,176.67,27.16,85.57,0.5253,-1,-1,-1
71,1,318.03,0.16,292.37,479.92,0.8761,-1,-1,-1
71,2,-0.07,1.57,222.80,478.03,0.8286,-1,-1,-1
71,17,183.51,8.35,84.49,430.25,0.8365,-1,-1,-1
71,19,0.57,74.17,33.81,370.13,0.3847,-1,-1,-1
71,5,506.90,193.60,22.37,74.91,0.5617,-1,-1,-1
71,25,0.20,77.92,22.50,126.50,0.4387,-1,-1,-1
71,9,293.78,176.76,28.08,84.93,0.5884,-1,-1,-1
72,1,316.97,0.56,294.21,479.40,0.8827,-1,-1,-1
72,2,0.13,1.78,223.06,478.18,0.8600,-1,-1,-1
72,17,184.64,8.07,85.13,429.99,0.8375,-1,-1,-1
72,19,0.80,75.37,33.43,372.79,0.4914,-1,-1,-1
72,5,507.25,193.27,22.48,75.70,0.5834,-1,-1,-1
72,25,0.32,78.37,22.78,126.40,0.4064,-1,-1,-1
72,9,291.82,176.96,30.57,85.01,0.6204,-1,-1,-1
73,1,314.71,0.52,296.81,479.31,0.8920,-1,-1,-1
73,2,0.08,1.67,223.05,478.21,0.8543,-1,-1,-1
73,17,185.08,9.63,86.90,427.57,0.8394,-1,-1,-1
73,19,0.69,74.60,34.07,367.85,0.3447,-1,-1,-1
73,5,506.33,192.61,22.80,77.21,0.5062,-1,-1,-1
73,25,0.20,78.18,22.57,127.72,0.4076,-1,-1,-1
73,9,290.55,177.21,30.82,83.24,0.6042,-1,-1,-1
73,26,586.32,196.29,23.09,51.79,0.5500,-1,-1,-1
74,1,313.50,0.24,296.20,479.50,0.8500,-1,-1,-1
74,2,0.12,1.68,223.34,477.52,0.8477,-1,-1,-1
74,17,185.43,9.30,88.53,426.87,0.8486,-1,-1,-1
74,19,0.66,73.96,34.21,360.32,0.3463,-1,-1,-1
74,5,505.79,193.10,22.63,76.13,0.5653,-1,-1,-1
74,25,0.17,78.33,22.64,126.43,0.4138,-1,-1,-1
74,9,290.31,177.17,30.59,82.45,0.5464,-1,-1,-1
74,26,584.92,197.67,24.10,51.38,0.2033,-1,-1,-1
75,1,309.11,0.57,295.85,478.53,0.8711,-1,-1,-1
75,2,1.03,1.62,222.61,477.08,0.8279,-1,-1,-1
75,17,186.78,9.75,89.15,425.08,0.8458,-1,-1,-1
75,19,1.01,74.12,35.24,366.47,0.2992,-1,-1,-1
75,5,506.00,192.56,21.90,65.10,0.2225,-1,-1,-1
75,25,0.50,78.02,22.91,125.45,0.3664,-1,-1,-1
75,9,290.30,177.24,31.12,81.91,0.6049,-1,-1,-1
76,1,306.33,0.22,297.39,477.51,0.8883,-1,-1,-1
76,2,1.24,1.52,222.32,476.74,0.8184,-1,-1,-1
76,17,187.09,10.07,89.83,424.29,0.8553,-1,-1,-1
76,19,0.94,74.27,34.98,364.69,0.2824,-1,-1,-1
76,25,0.43,78.34,22.79,127.41,0.3271,-1,-1,-1
76,9,290.26,176.87,30.68,81.33,0.6551,-1,-1,-1
77,1,304.28,0.09,296.98,476.67,0.8744,-1,-1,-1
77,2,1.33,1.62,222.91,476.06,0.8269,-1,-1,-1
77,17,187.52,10.02,90.21,423.45,0.8452,-1,-1,-1
77,19,0.75,75.00,34.43,352.91,0.2896,-1,-1,-1
77,25,0.27,78.96,22.93,120.58,0.3556,-1,-1,-1
77,9,290.10,176.76,31.87,81.15,0.6553,-1,-1,-1
78,1,302.35,0.07,297.77,476.43,0.8931,-1,-1,-1
78,2,1.16,1.54,223.20,477.62,0.8335,-1,-1,-1
78,17,188.75,9.46,88.12,423.57,0.8443,-1,-1,-1
78,19,0.54,74.40,33.17,360.06,0.2758,-1,-1,-1
78,25,0.16,79.00,22.81,114.07,0.4589,-1,-1,-1
78,9,289.63,177.17,31.37,80.89,0.4946,-1,-1,-1
79,1,303.92,-0.08,291.57,478.59,0.8717,-1,-1,-1
79,2,1.15,0.96,222.97,477.84,0.8325,-1,-1,-1
79,17,188.69,9.81,86.14,423.65,0.8373,-1,-1,-1
79,19,0.22,74.96,33.15,353.72,0.2702,-1,-1,-1
79,25,-0.12,79.00,22.93,121.25,0.3723,-1,-1,-1
79,9,288.70,177.53,32.76,80.51,0.4671,-1,-1,-1
80,1,310.82,-0.11,279.10,479.52,0.8759,-1,-1,-1
80,2,0.63,1.25,224.05,478.42,0.8516,-1,-1,-1
80,17,188.63,10.65,85.64,424.33,0.8294,-1,-1,-1
80,19,-0.01,75.82,32.52,353.11,0.3045,-1,-1,-1
80,25,-0.31,79.50,23.10,119.12,0.3803,-1,-1,-1
81,1,312.30,-0.09,276.78,479.32,0.8798,-1,-1,-1
81,2,1.01,1.47,226.13,477.86,0.8432,-1,-1,-1
81,17,189.15,11.04,84.87,420.56,0.7937,-1,-1,-1
81,19,0.48,75.97,32.71,365.77,0.4099,-1,-1,-1
81,25,0.24,79.53,23.64,118.70,0.3807,-1,-1,-1
82,1,316.50,-0.13,270.99,480.23,0.8624,-1,-1,-1
82,2,0.34,1.45,229.85,477.35,0.8403,-1,-1,-1
82,17,188.97,11.82,84.53,420.41,0.7392,-1,-1,-1
82,19,-0.06,75.82,33.27,361.93,0.3528,-1,-1,-1
82,25,-0.31,79.73,23.28,115.93,0.4136,-1,-1,-1
83,1,311.87,0.04,275.23,477.84,0.8782,-1,-1,-1
83,2,0.25,1.47,227.07,478.19,0.8173,-1,-1,-1
83,17,188.27,13.02,84.08,423.46,0.8172,-1,-1,-1
83,19,-0.02,74.63,32.87,374.87,0.3457,-1,-1,-1
83,25,-0.25,79.34,22.87,118.41,0.4516,-1,-1,-1
84,1,308.57,0.04,273.90,478.86,0.9028,-1,-1,-1
84,2,0.15,1.18,224.82,476.81,0.7691,-1,-1,-1
84,17,184.83,12.27,85.15,425.96,0.7983,-1,-1,-1
84,19,-0.01,72.51,30.55,374.42,0.2616,-1,-1,-1
84,25,-0.21,78.74,21.56,121.42,0.4579,-1,-1,-1
85,1,308.51,0.08,277.04,478.87,0.8923,-1,-1,-1
85,2,0.18,1.29,228.89,475.75,0.7584,-1,-1,-1
85,17,182.76,14.11,84.17,424.71,0.7471,-1,-1,-1
85,19,0.05,72.49,32.17,363.63,0.2932,-1,-1,-1
85,25,-0.13,78.76,21.76,123.65,0.3620,-1,-1,-1
86,1,307.70,0.31,278.55,476.73,0.8679,-1,-1,-1
86,2,0.41,1.86,228.98,475.75,0.7405,-1,-1,-1
86,17,179.16,16.57,84.57,423.40,0.7507,-1,-1,-1
86,19,0.20,73.32,33.07,368.49,0.3084,-1,-1,-1
86,25,-0.01,79.66,22.13,125.20,0.3754,-1,-1,-1
86,27,615.35,193.43,24.22,56.56,0.4649,-1,-1,-1
87,1,309.29,-0.07,276.93,478.87,0.8880,-1,-1,-1
87,2,-0.16,1.51,231.46,475.31,0.7021,-1,-1,-1
87,17,174.95,16.84,84.75,414.64,0.6689,-1,-1,-1
87,19,-0.15,74.00,32.67,367.93,0.4767,-1,-1,-1
87,25,-0.34,79.56,21.37,123.47,0.3263,-1,-1,-1
87,27,614.97,193.26,24.51,56.15,0.4894,-1,-1,-1
87,5,503.73,192.91,23.67,75.59,0.6588,-1,-1,-1
88,1,307.56,0.84,279.73,479.17,0.8988,-1,-1,-1
88,2,-0.10,2.08,228.63,475.78,0.8129,-1,-1,-1
88,17,174.11,20.85,83.18,412.11,0.7451,-1,-1,-1
88,19,0.02,73.99,32.98,378.66,0.3262,-1,-1,-1
88,25,-0.14,80.76,21.80,123.54,0.4351,-1,-1,-1
88,5,504.97,193.34,23.46,77.07,0.5258,-1,-1,-1
89,1,310.47,0.57,277.00,479.51,0.8955,-1,-1,-1
89,2,-0.16,1.87,227.30,476.48,0.8042,-1,-1,-1
89,17,172.09,22.70,83.84,406.97,0.7138,-1,-1,-1
89,19,0.04,74.96,32.61,356.97,0.3430,-1,-1,-1
89,25,-0.15,81.03,21.89,123.58,0.3758,-1,-1,-1
89,5,505.72,192.92,22.44,77.41,0.5054,-1,-1,-1
90,1,308.90,0.72,278.67,479.27,0.8977,-1,-1,-1
90,2,-0.35,1.86,224.95,477.01,0.7954,-1,-1,-1
90,17,169.28,23.70,86.58,403.79,0.7513,-1,-1,-1
90,19,-0.06,77.28,32.19,365.37,0.4337,-1,-1,-1
90,25,-0.21,82.06,21.77,121.26,0.2839,-1,-1,-1
90,5,505.78,192.93,21.48,77.46,0.4277,-1,-1,-1
91,1,308.62,1.00,279.85,478.85,0.8943,-1,-1,-1
91,2,-0.02,1.78,223.46,476.99,0.7909,-1,-1,-1
91,17,167.77,24.16,89.19,402.63,0.7204,-1,-1,-1
91,19,0.25,78.67,32.04,374.46,0.4672,-1,-1,-1
91,25,0.05,83.39,21.88,127.18,0.4233,-1,-1,-1
91,5,505.50,192.43,21.19,77.00,0.3014,-1,-1,-1
92,1,305.99,0.87,282.44,478.90,0.9045,-1,-1,-1
92,2,0.14,1.85,230.38,476.22,0.7655,-1,-1,-1
92,17,166.70,24.73,92.58,400.61,0.6925,-1,-1,-1
92,19,0.17,80.14,32.83,365.52,0.4237,-1,-1,-1
92,25,-0.07,84.33,22.11,135.92,0.2264,-1,-1,-1
92,5,506.40,192.84,20.77,77.13,0.3287,-1,-1,-1
93,1,305.94,0.51,280.16,478.87,0.8917,-1,-1,-1
93,2,0.18,1.45,225.58,475.31,0.8433,-1,-1,-1
93,17,166.82,24.09,100.57,406.63,0.7883,-1,-1,-1
93,19,0.23,79.58,32.90,361.48,0.3017,-1,-1,-1
93,25,-0.01,84.60,21.71,129.97,0.3357,-1,-1,-1
93,29,299.33,180.44,25.51,76.31,0.4503,-1,-1,-1
94,1,306.58,0.04,278.31,479.66,0.9028,-1,-1,-1
94,2,0.47,1.16,223.86,475.14,0.8469,-1,-1,-1
94,17,167.64,23.79,103.96,408.74,0.7889,-1,-1,-1
94,19,0.54,79.41,32.72,365.17,0.3167,-1,-1,-1
94,25,0.29,84.39,22.41,127.48,0.2947,-1,-1,-1
94,29,299.73,179.25,25.65,78.39,0.4521,-1,-1,-1
94,31,267.17,190.87,17.77,57.76,0.4865,-1,-1,-1
95,1,307.40,-0.06,276.91,477.94,0.9010,-1,-1,-1
95,2,0.74,1.38,223.21,474.86,0.8603,-1,-1,-1
95,17,169.79,22.45,104.39,411.50,0.7886,-1,-1,-1
95,19,0.71,79.10,33.65,369.84,0.4191,-1,-1,-1
95,25,0.57,83.05,25.34,123.14,0.1802,-1,-1,-1
95,29,301.17,178.72,24.21,80.70,0.5122,-1,-1,-1
95,31,266.81,192.71,16.26,55.80,0.5569,-1,-1,-1
96,1,306.97,-0.09,275.88,479.12,0.8999,-1,-1,-1
96,2,0.46,1.48,222.59,474.30,0.8357,-1,-1,-1
96,17,171.52,21.98,102.57,411.17,0.7914,-1,-1,-1
96,19,0.25,81.97,34.29,365.73,0.4157,-1,-1,-1
96,25,0.21,83.45,26.20,122.13,0.1776,-1,-1,-1
96,29,301.65,177.87,22.70,81.11,0.5020,-1,-1,-1
96,31,265.53,192.15,16.55,56.53,0.5346,-1,-1,-1
97,1,307.21,0.16,275.93,477.52,0.9031,-1,-1,-1
97,2,0.48,1.66,222.39,472.64,0.8640,-1,-1,-1
97,17,174.33,21.22,99.47,412.01,0.8179,-1,-1,-1
97,19,0.10,83.98,34.03,329.26,0.3742,-1,-1,-1
97,25,0.14,83.98,27.43,116.64,0.2073,-1,-1,-1
97,29,301.83,178.68,22.88,81.25,0.5721,-1,-1,-1
97,31,262.85,192.21,16.73,58.15,0.5794,-1,-1,-1
97,9,282.80,179.80,25.12,78.44,0.3714,-1,-1,-1
98,1,308.65,0.03,275.12,477.87,0.9064,-1,-1,-1
98,2,0.95,1.30,222.27,472.74,0.8745,-1,-1,-1
98,17,180.31,20.42,94.02,412.46,0.8351,-1,-1,-1
98,19,0.42,83.09,33.09,341.62,0.5054,-1,-1,-1
98,25,0.55,82.17,28.74,116.26,0.1744,-1,-1,-1
98,29,302.41,178.08,22.68,82.68,0.5933,-1,-1,-1
98,9,285.07,181.71,22.93,76.61,0.2867,-1,-1,-1
98,5,506.67,192.63,21.38,76.63,0.5041,-1,-1,-1
99,1,309.08,0.04,274.85,478.03,0.9089,-1,-1,-1
99,2,0.73,1.18,222.34,473.93,0.8855,-1,-1,-1
99,17,184.02,20.79,91.60,411.78,0.8484,-1,-1,-1
99,19,0.31,79.95,34.69,361.77,0.4600,-1,-1,-1
99,25,0.30,81.52,29.35,116.48,0.2010,-1,-1,-1
99,29,301.48,177.83,23.63,81.43,0.5364,-1,-1,-1
99,9,281.16,180.44,25.16,78.41,0.3549,-1,-1,-1
99,5,506.83,192.53,21.81,76.70,0.3765,-1,-1,-1
100,1,309.55,-0.06,273.95,477.75,0.9027,-1,-1,-1
100,2,0.49,0.99,221.72,475.03,0.8820,-1,-1,-1
100,17,186.66,18.94,90.40,413.27,0.8406,-1,-1,-1
100,19,-0.02,81.22,34.79,345.68,0.4245,-1,-1,-1
100,25,0.03,81.38,28.86,119.55,0.2027,-1,-1,-1
100,29,300.96,178.17,24.93,80.47,0.5874,-1,-1,-1
100,9,279.64,178.99,25.94,79.80,0.5712,-1,-1,-1
100,5,506.13,192.57,22.03,76.05,0.5333,-1,-1,-1
101,1,310.24,-0.01,274.07,479.35,0.9086,-1,-1,-1
101,2,0.64,0.95,221.68,475.27,0.8767,-1,-1,-1
101,17,189.34,17.60,91.50,413.77,0.8511,-1,-1,-1
101,19,0.11,81.44,34.04,354.06,0.4260,-1,-1,-1
101,25,0.20,80.86,28.98,118.34,0.2592,-1,-1,-1
101,29,300.96,178.07,24.36,81.49,0.4528,-1,-1,-1
101,9,279.42,179.08,26.24,79.73,0.4007,-1,-1,-1
101,5,507.09,192.78,21.87,76.18,0.3761,-1,-1,-1
102,1,311.84,-0.05,272.08,478.70,0.9022,-1,-1,-1
102,2,0.55,0.67,221.52,475.74,0.8734,-1,-1,-1
102,17,189.96,16.23,93.23,413.50,0.8479,-1,-1,-1
102,19,0.05,81.58,33.95,349.03,0.4412,-1,-1,-1
102,25,0.14,81.04,28.65,119.68,0.2553,-1,-1,-1
102,5,507.81,192.95,19.99,75.85,0.2892,-1,-1,-1
103,1,313.31,-0.06,271.57,479.82,0.9122,-1,-1,-1
103,2,0.52,0.76,221.56,476.53,0.8702,-1,-1,-1
103,17,191.24,16.76,93.25,414.61,0.8402,-1,-1,-1
103,19,0.10,82.00,33.89,329.80,0.3833,-1,-1,-1
103,25,0.20,81.25,29.55,117.92,0.2886,-1,-1,-1
103,5,508.62,193.12,18.75,75.47,0.3142,-1,-1,-1
104,1,314.24,-0.03,273.37,480.04,0.9108,-1,-1,-1
104,2,0.26,0.87,222.41,476.85,0.8893,-1,-1,-1
104,17,192.20,17.38,91.14,414.95,0.8419,-1,-1,-1
104,19,0.10,80.70,33.86,337.68,0.3355,-1,-1,-1
104,25,0.14,81.40,29.29,117.80,0.3109,-1,-1,-1
104,5,508.13,193.19,19.41,75.09,0.3212,-1,-1,-1
105,1,314.08,-0.06,274.62,480.20,0.9087,-1,-1,-1
105,2,-0.20,0.75,223.08,476.90,0.8627,-1,-1,-1
105,17,191.98,17.12,89.88,412.04,0.8375,-1,-1,-1
105,19,-0.28,82.95,32.21,348.19,0.3764,-1,-1,-1
105,25,-0.24,83.30,26.24,119.00,0.3026,-1,-1,-1
105,5,508.29,193.61,18.67,74.74,0.2329,-1,-1,-1
106,1,314.12,-0.09,276.17,479.56,0.9044,-1,-1,-1
106,2,-0.12,0.54,223.46,477.62,0.8800,-1,-1,-1
106,17,192.42,16.66,87.30,414.21,0.8269,-1,-1,-1
106,19,-0.22,82.69,32.60,357.76,0.4081,-1,-1,-1
106,25,-0.12,82.19,24.75,121.21,0.2777,-1,-1,-1
106,5,509.04,194.00,18.04,74.02,0.2975,-1,-1,-1
106,33,540.78,203.79,12.32,36.00,0.4060,-1,-1,-1
106,29,300.90,178.72,23.97,82.19,0.6317,-1,-1,-1
106,9,279.00,178.84,25.56,81.31,0.5835,-1,-1,-1
107,1,313.73,0.18,278.70,478.95,0.8953,-1,-1,-1
107,2,-0.10,0.35,224.42,478.11,0.8803,-1,-1,-1
107,17,192.47,16.69,86.44,414.73,0.8186,-1,-1,-1
107,19,-0.22,82.63,31.80,361.35,0.3576,-1,-1,-1
107,25,-0.12,82.10,23.34,119.43,0.2879,-1,-1,-1
107,5,510.28,197.58,16.58,70.42,0.1995,-1,-1,-1
107,33,541.30,204.16,11.90,35.66,0.3816,-1,-1,-1
107,29,300.87,178.63,24.28,82.13,0.5889,-1,-1,-1
107,9,279.33,179.31,25.54,79.91,0.5654,-1,-1,-1
108,1,312.62,-0.10,282.74,477.90,0.8996,-1,-1,-1
108,2,-0.26,-0.03,225.32,477.99,0.8742,-1,-1,-1
108,17,192.03,16.10,86.11,415.47,0.8234,-1,-1,-1
108,19,-0.29,79.90,31.06,354.44,0.1661,-1,-1,-1
108,25,-0.16,80.73,22.70,119.21,0.2128,-1,-1,-1
108,5,510.94,196.94,16.22,71.26,0.3205,-1,-1,-1
108,33,541.20,202.43,12.08,37.55,0.4677,-1,-1,-1
108,29,300.96,178.70,24.24,81.48,0.6020,-1,-1,-1
108,9,279.23,180.46,25.05,78.15,0.5106,-1,-1,-1
109,1,312.39,-0.18,284.79,475.93,0.8313,-1,-1,-1
109,2,-0.41,-0.01,225.06,478.56,0.8857,-1,-1,-1
109,17,190.14,16.49,87.78,414.33,0.8310,-1,-1,-1
109,19,-0.37,79.45,31.20,362.62,0.2191,-1,-1,-1
109,25,-0.23,80.93,22.88,115.58,0.2048,-1,-1,-1
109,29,300.93,178.36,24.04,82.07,0.5538,-1,-1,-1
109,9,278.92,180.39,25.70,78.15,0.5028,-1,-1,-1
110,1,312.21,-0.25,288.19,477.21,0.7599,-1,-1,-1
110,2,-0.72,0.23,224.61,478.45,0.9072,-1,-1,-1
110,17,188.40,16.67,90.60,414.13,0.8395,-1,-1,-1
110,19,-0.61,79.97,30.32,347.64,0.1715,-1,-1,-1
110,25,-0.43,81.42,22.63,110.59,0.2801,-1,-1,-1
110,29,300.54,178.19,24.54,82.17,0.4505,-1,-1,-1
110,9,282.01,179.43,25.66,79.37,0.2629,-1,-1,-1
111,1,311.29,0.05,290.10,476.96,0.7984,-1,-1,-1
111,2,-0.21,0.05,222.89,478.97,0.8961,-1,-1,-1
111,17,188.08,17.10,91.89,414.18,0.8444,-1,-1,-1
111,19,-0.19,78.98,28.68,360.08,0.1767,-1,-1,-1
111,25,-0.04,81.44,21.31,107.70,0.2923,-1,-1,-1
111,29,299.47,178.14,24.32,81.71,0.2963,-1,-1,-1
111,9,282.79,178.90,28.24,80.17,0.1641,-1,-1,-1
112,1,323.83,0.11,279.71,478.84,0.7949,-1,-1,-1
112,2,-0.29,0.12,222.78,479.39,0.9072,-1,-1,-1
112,17,187.70,17.04,94.64,415.57,0.8493,-1,-1,-1
112,19,-0.25,79.73,29.11,347.76,0.2960,-1,-1,-1
112,25,-0.12,81.07,22.00,106.65,0.2902,-1,-1,-1
112,29,298.41,177.78,26.23,82.80,0.3507,-1,-1,-1
112,9,280.30,186.18,27.29,70.81,0.1613,-1,-1,-1
113,1,315.73,0.24,283.38,479.37,0.8647,-1,-1,-1
113,2,-0.21,0.17,222.74,479.21,0.9028,-1,-1,-1
113,17,187.73,17.82,94.51,416.61,0.8531,-1,-1,-1
113,19,-0.17,78.52,27.97,324.59,0.1586,-1,-1,-1
113,25,-0.06,81.35,20.71,104.89,0.2072,-1,-1,-1
114,1,311.30,0.21,287.04,479.21,0.8970,-1,-1,-1
114,2,0.14,0.15,222.18,478.62,0.8955,-1,-1,-1
114,17,187.67,19.12,94.81,414.24,0.8538,-1,-1,-1
114,25,0.28,80.79,20.95,102.56,0.2110,-1,-1,-1
115,1,309.79,0.14,284.67,477.90,0.8815,-1,-1,-1
115,2,0.48,-0.17,221.56,478.79,0.8898,-1,-1,-1
115,17,188.42,19.84,94.44,414.78,0.8666,-1,-1,-1
115,25,0.49,80.22,17.96,100.27,0.1551,-1,-1,-1
116,1,307.09,0.05,284.90,478.62,0.8949,-1,-1,-1
116,2,0.98,-0.48,220.51,478.12,0.8794,-1,-1,-1
116,17,191.04,20.18,92.84,414.90,0.8595,-1,-1,-1
117,1,306.15,0.18,282.12,477.93,0.8835,-1,-1,-1
117,2,1.48,-0.31,220.78,476.99,0.8703,-1,-1,-1
117,17,192.67,20.24,93.59,415.15,0.8547,-1,-1,-1
118,1,304.42,0.53,278.12,476.76,0.8898,-1,-1,-1
118,2,1.57,0.28,222.02,476.77,0.8679,-1,-1,-1
118,17,193.85,20.43,92.68,415.75,0.8588,-1,-1,-1
119,1,303.30,0.82,278.48,477.46,0.9113,-1,-1,-1
119,2,1.65,1.22,226.12,477.19,0.8854,-1,-1,-1
119,17,196.94,20.69,91.97,413.00,0.8164,-1,-1,-1
119,5,498.90,193.44,29.57,77.95,0.6998,-1,-1,-1
119,19,0.61,80.39,30.05,339.07,0.4008,-1,-1,-1
120,1,302.22,0.50,279.97,478.75,0.9103,-1,-1,-1
120,2,0.93,1.27,230.21,478.28,0.8727,-1,-1,-1
120,17,199.97,21.39,89.29,411.35,0.8094,-1,-1,-1
120,5,498.72,193.16,30.03,78.74,0.7203,-1,-1,-1
120,19,0.51,79.58,30.83,348.97,0.2130,-1,-1,-1
121,1,302.84,0.91,280.28,478.11,0.8873,-1,-1,-1
121,2,1.42,1.35,234.47,478.05,0.8772,-1,-1,-1
121,17,200.80,21.71,88.84,413.32,0.8196,-1,-1,-1
121,5,498.56,192.68,30.40,79.30,0.6617,-1,-1,-1
121,19,1.27,78.58,34.12,373.20,0.1962,-1,-1,-1
122,1,305.45,0.84,281.27,476.82,0.8887,-1,-1,-1
122,2,1.79,1.25,238.52,478.33,0.8574,-1,-1,-1
122,17,202.52,22.40,85.07,415.52,0.8232,-1,-1,-1
122,5,498.66,193.44,30.13,78.35,0.6640,-1,-1,-1
122,19,1.39,76.68,35.41,391.67,0.3786,-1,-1,-1
123,1,303.33,1.00,281.92,477.64,0.8961,-1,-1,-1
123,2,1.87,1.49,242.19,478.01,0.8722,-1,-1,-1
123,17,202.78,21.78,84.48,414.40,0.8338,-1,-1,-1
123,5,498.93,193.68,30.61,77.99,0.6804,-1,-1,-1
123,19,1.39,76.12,37.91,400.26,0.5531,-1,-1,-1
124,1,304.21,0.43,280.03,478.62,0.9043,-1,-1,-1
124,2,1.55,1.08,245.29,477.98,0.8645,-1,-1,-1
124,17,203.38,22.30,82.80,409.98,0.8398,-1,-1,-1
124,5,499.38,193.93,30.31,77.90,0.6531,-1,-1,-1
124,19,0.97,75.78,38.80,402.94,0.5479,-1,-1,-1
125,1,304.80,0.58,278.35,478.78,0.9025,-1,-1,-1
125,2,0.98,1.05,248.29,478.01,0.8533,-1,-1,-1
125,17,203.47,22.71,81.84,407.01,0.8189,-1,-1,-1
125,5,500.27,193.68,29.46,77.80,0.6406,-1,-1,-1
125,19,0.53,76.42,41.51,405.14,0.5959,-1,-1,-1
125,35,561.13,201.91,16.17,37.95,0.4810,-1,-1,-1
125,29,297.62,178.50,27.23,79.09,0.3564,-1,-1,-1
126,1,305.16,0.46,276.86,479.37,0.8998,-1,-1,-1
126,2,-0.01,0.80,251.38,469.60,0.7892,-1,-1,-1
126,17,203.76,22.60,80.70,406.62,0.7895,-1,-1,-1
126,5,500.77,193.91,28.62,77.95,0.6269,-1,-1,-1
126,19,-0.02,76.52,42.98,404.33,0.4500,-1,-1,-1
126,35,561.23,202.31,16.24,37.45,0.4963,-1,-1,-1
126,29,298.12,178.24,25.86,79.09,0.2942,-1,-1,-1
126,9,286.82,180.19,26.04,78.14,0.3457,-1,-1,-1
127,1,306.19,0.38,276.68,479.49,0.8968,-1,-1,-1
127,2,0.39,1.07,251.15,473.31,0.8428,-1,-1,-1
127,17,205.09,22.79,79.26,406.36,0.8087,-1,-1,-1
127,5,502.10,193.29,27.64,77.86,0.5878,-1,-1,-1
127,19,-0.09,77.57,45.36,404.64,0.4094,-1,-1,-1
127,35,562.35,202.95,15.35,37.03,0.5211,-1,-1,-1
127,29,296.79,178.62,27.53,79.20,0.2797,-1,-1,-1
128,1,305.97,0.36,277.16,479.60,0.9036,-1,-1,-1
128,2,-0.17,0.77,253.94,473.69,0.8329,-1,-1,-1
128,17,204.98,22.66,79.40,407.04,0.7369,-1,-1,-1
128,5,502.69,193.81,26.91,77.13,0.6020,-1,-1,-1
128,19,-0.48,77.50,47.17,405.19,0.5861,-1,-1,-1
128,35,562.23,203.39,15.78,37.41,0.4789,-1,-1,-1
128,29,295.14,178.44,29.85,79.66,0.3225,-1,-1,-1
129,1,306.57,0.13,275.95,479.47,0.8964,-1,-1,-1
129,2,-0.28,0.72,254.45,474.23,0.8553,-1,-1,-1
129,17,204.79,22.79,79.36,407.70,0.7420,-1,-1,-1
129,5,502.86,193.96,26.65,77.20,0.5890,-1,-1,-1
129,19,-0.69,79.15,48.05,403.48,0.6338,-1,-1,-1
129,35,561.51,203.94,16.22,37.13,0.4410,-1,-1,-1
129,29,295.51,178.55,28.09,79.90,0.2027,-1,-1,-1
130,1,306.27,0.05,276.58,479.75,0.9090,-1,-1,-1
130,2,0.75,0.64,251.28,473.76,0.8327,-1,-1,-1
130,17,204.80,23.46,79.21,407.72,0.7662,-1,-1,-1
130,5,503.81,193.77,26.57,77.16,0.6022,-1,-1,-1
130,19,-0.74,79.99,49.09,402.59,0.6942,-1,-1,-1
130,35,561.44,203.41,16.32,37.81,0.4589,-1,-1,-1
130,29,295.78,178.27,26.71,80.08,0.1647,-1,-1,-1
130,9,288.77,188.79,21.08,69.44,0.3439,-1,-1,-1
131,1,306.00,0.14,276.11,479.72,0.8997,-1,-1,-1
131,2,7.97,0.60,242.13,471.97,0.8096,-1,-1,-1
131,17,204.13,23.14,79.91,406.02,0.7974,-1,-1,-1
131,5,502.59,193.68,27.55,77.65,0.6511,-1,-1,-1
131,19,-0.80,80.07,49.42,292.03,0.3753,-1,-1,-1
131,35,560.34,203.58,17.11,37.15,0.4561,-1,-1,-1
131,29,296.80,179.70,25.03,78.28,0.1680,-1,-1,-1
131,9,288.52,190.83,20.60,67.36,0.3437,-1,-1,-1
132,1,306.32,-0.08,274.50,480.10,0.8961,-1,-1,-1
132,2,9.73,0.44,238.36,472.26,0.7880,-1,-1,-1
132,17,202.32,22.82,81.36,406.40,0.8254,-1,-1,-1
132,5,502.43,193.06,27.61,77.89,0.6410,-1,-1,-1
132,19,-0.86,80.39,49.08,368.94,0.2870,-1,-1,-1
132,35,559.90,205.44,17.57,35.02,0.2230,-1,-1,-1
132,29,295.99,178.49,26.34,80.27,0.5026,-1,-1,-1
132,9,284.08,190.22,20.84,67.36,0.3154,-1,-1,-1
133,1,306.01,-0.21,273.81,478.25,0.8985,-1,-1,-1
133,2,8.79,0.32,237.45,474.76,0.8360,-1,-1,-1
133,17,201.11,22.57,82.41,407.15,0.8321,-1,-1,-1
133,5,502.09,192.99,28.03,78.45,0.5934,-1,-1,-1
133,19,-0.89,79.75,48.90,388.43,0.1815,-1,-1,-1
133,35,558.51,204.08,18.50,36.40,0.2552,-1,-1,-1
133,29,294.81,178.16,28.63,80.76,0.5434,-1,-1,-1
133,9,280.98,188.59,21.62,67.82,0.3829,-1,-1,-1
134,1,305.31,-0.05,271.97,477.54,0.9034,-1,-1,-1
134,2,9.13,0.44,235.39,477.21,0.8550,-1,-1,-1
134,17,200.89,22.59,81.69,410.52,0.8371,-1,-1,-1
134,5,501.35,192.81,28.82,79.22,0.6285,-1,-1,-1
134,19,-0.93,80.49,47.89,396.40,0.4216,-1,-1,-1
134,35,557.94,201.63,19.25,39.04,0.4410,-1,-1,-1
134,29,294.68,178.39,29.55,80.54,0.5868,-1,-1,-1
134,9,279.94,188.45,20.84,66.59,0.3152,-1,-1,-1
135,1,305.87,-0.22,270.55,479.84,0.8891,-1,-1,-1
135,2,7.55,0.47,234.87,478.49,0.8785,-1,-1,-1
135,17,201.40,22.56,81.16,412.44,0.8360,-1,-1,-1
135,5,500.92,192.97,28.40,79.11,0.6259,-1,-1,-1
135,19,-0.94,80.22,45.22,398.63,0.4010,-1,-1,-1
135,35,557.15,203.39,20.45,37.83,0.1533,-1,-1,-1
135,29,294.61,177.83,29.94,81.49,0.5319,-1,-1,-1
135,9,279.58,188.83,22.69,66.68,0.2180,-1,-1,-1
135,39,537.13,192.49,19.22,55.47,0.5086,-1,-1,-1
136,1,305.61,-0.22,269.82,480.49,0.8891,-1,-1,-1
136,2,5.96,0.52,232.29,478.41,0.8581,-1,-1,-1
136,17,200.10,23.23,82.46,411.50,0.8288,-1,-1,-1
136,5,500.48,192.72,28.70,79.51,0.6364,-1,-1,-1
136,19,-0.80,78.59,44.23,397.23,0.4053,-1,-1,-1
136,29,296.07,178.22,28.15,81.06,0.4172,-1,-1,-1
136,39,535.39,191.19,20.64,57.70,0.3690,-1,-1,-1
137,1,305.54,-0.20,269.66,480.61,0.8920,-1,-1,-1
137,2,5.95,0.60,227.40,478.77,0.8566,-1,-1,-1
137,17,196.25,22.96,86.86,410.39,0.8276,-1,-1,-1
137,5,500.57,193.10,28.68,79.05,0.6001,-1,-1,-1
137,19,-0.72,79.39,42.23,393.84,0.4105,-1,-1,-1
137,29,297.01,178.13,27.32,80.95,0.5052,-1,-1,-1
137,39,534.30,190.96,21.89,58.19,0.4986,-1,-1,-1
138,1,304.22,-0.31,271.35,480.95,0.9059,-1,-1,-1
138,2,4.82,0.19,223.63,480.15,0.8711,-1,-1,-1
138,17,192.51,23.04,90.48,412.24,0.8408,-1,-1,-1
138,5,501.28,193.01,28.22,79.08,0.5734,-1,-1,-1
138,19,-1.09,78.78,40.23,388.85,0.1585,-1,-1,-1
138,29,293.74,178.38,31.77,81.09,0.6002,-1,-1,-1
138,39,533.15,190.18,23.84,58.44,0.4706,-1,-1,-1
139,1,304.63,-0.17,272.10,480.56,0.9105,-1,-1,-1
139,2,4.00,0.21,222.52,480.11,0.8713,-1,-1,-1
139,17,190.75,22.59,92.67,411.07,0.8469,-1,-1,-1
139,5,501.74,193.45,27.85,78.35,0.5509,-1,-1,-1
139,29,292.18,178.23,34.04,81.22,0.6246,-1,-1,-1
139,39,531.34,191.46,21.45,57.31,0.1666,-1,-1,-1
139,35,556.30,201.94,17.83,40.06,0.3997,-1,-1,-1
140,1,304.98,0.35,273.56,479.66,0.9103,-1,-1,-1
140,2,2.60,0.51,220.65,479.62,0.8797,-1,-1,-1
140,17,189.29,22.42,94.64,410.78,0.8525,-1,-1,-1
140,5,502.33,193.00,27.95,78.51,0.5436,-1,-1,-1
140,29,292.35,177.48,33.04,81.94,0.6005,-1,-1,-1
140,39,531.07,190.82,21.66,58.22,0.1504,-1,-1,-1
140,35,556.25,202.98,16.79,38.96,0.3277,-1,-1,-1
141,1,304.12,0.06,275.88,476.35,0.8997,-1,-1,-1
141,2,1.64,0.75,218.44,479.05,0.8872,-1,-1,-1
141,17,187.48,21.42,96.79,411.97,0.8562,-1,-1,-1
141,5,502.11,192.83,27.62,78.36,0.5853,-1,-1,-1
141,29,292.49,178.11,32.65,80.81,0.4768,-1,-1,-1
141,39,528.06,193.94,18.48,54.73,0.2403,-1,-1,-1
141,35,555.03,203.57,15.94,38.34,0.3268,-1,-1,-1
142,1,303.89,0.22,277.09,478.19,0.9093,-1,-1,-1
142,2,1.22,0.95,216.26,479.11,0.8836,-1,-1,-1
142,17,186.90,20.88,97.42,413.16,0.8585,-1,-1,-1
142,5,502.36,192.39,27.27,78.79,0.5656,-1,-1,-1
142,29,293.56,178.19,29.66,80.37,0.4528,-1,-1,-1
142,39,524.88,196.77,16.27,47.59,0.1665,-1,-1,-1
142,35,555.39,203.36,17.25,38.89,0.3902,-1,-1,-1
143,1,304.83,-0.13,278.34,479.70,0.9058,-1,-1,-1
143,2,0.27,0.85,216.04,479.57,0.8861,-1,-1,-1
143,17,185.30,20.26,99.38,414.33,0.8618,-1,-1,-1
143,5,503.80,192.04,25.40,78.58,0.5970,-1,-1,-1
143,29,292.14,178.17,31.97,81.15,0.5429,-1,-1,-1
143,39,522.98,198.15,15.93,47.00,0.2031,-1,-1,-1
143,35,555.51,205.73,15.08,36.73,0.3286,-1,-1,-1
144,1,304.97,-0.24,281.06,480.31,0.9140,-1,-1,-1
144,2,-0.09,0.74,216.12,479.25,0.8927,-1,-1,-1
144,17,184.63,20.21,100.03,414.06,0.8556,-1,-1,-1
144,5,504.45,191.50,24.11,78.78,0.5341,-1,-1,-1
144,29,292.70,178.13,30.71,80.57,0.5565,-1,-1,-1
144,39,522.07,198.88,15.10,44.95,0.1839,-1,-1,-1
144,35,554.53,203.85,16.27,38.57,0.4357,-1,-1,-1
145,1,306.45,-0.31,284.74,481.09,0.9005,-1,-1,-1
145,2,-0.22,0.33,214.79,479.38,0.9011,-1,-1,-1
145,17,182.79,19.80,101.63,414.00,0.8542,-1,-1,-1
145,5,505.57,192.20,23.08,78.27,0.5526,-1,-1,-1
145,29,293.38,178.31,29.50,80.24,0.5813,-1,-1,-1
145,39,523.17,200.83,13.88,42.89,0.1979,-1,-1,-1
145,35,555.14,202.81,19.25,52.23,0.4485,-1,-1,-1
146,1,308.09,-0.11,285.30,480.38,0.8601,-1,-1,-1
146,2,0.20,0.70,214.44,478.20,0.8963,-1,-1,-1
146,17,182.57,19.98,102.09,412.96,0.8512,-1,-1,-1
146,29,295.17,178.13,27.38,80.31,0.6026,-1,-1,-1
147,1,318.73,-0.09,283.30,477.82,0.8399,-1,-1,-1
147,2,0.50,1.22,215.14,476.76,0.8911,-1,-1,-1
147,17,183.05,20.24,101.63,412.37,0.8538,-1,-1,-1
147,29,296.35,177.37,25.04,82.09,0.3723,-1,-1,-1
148,1,317.34,0.17,290.22,476.22,0.8729,-1,-1,-1
148,2,1.46,1.49,216.19,476.95,0.8647,-1,-1,-1
148,17,185.31,20.58,99.58,411.83,0.8583,-1,-1,-1
148,29,298.23,177.72,23.82,82.93,0.3982,-1,-1,-1
149,1,316.71,0.21,294.36,475.96,0.8849,-1,-1,-1
149,2,2.37,1.21,219.66,477.70,0.8584,-1,-1,-1
149,17,188.06,20.96,96.71,410.60,0.8564,-1,-1,-1
149,29,300.24,178.20,22.36,83.93,0.4503,-1,-1,-1
149,40,289.67,197.41,19.84,62.25,0.4409,-1,-1,-1
150,1,316.15,0.31,297.84,477.69,0.8775,-1,-1,-1
150,2,2.48,1.46,222.23,478.04,0.8666,-1,-1,-1
150,17,189.67,21.75,95.06,411.91,0.8526,-1,-1,-1
150,40,288.93,200.77,19.30,47.64,0.2917,-1,-1,-1
151,1,316.78,0.45,296.51,478.36,0.8437,-1,-1,-1
151,2,3.74,1.43,223.64,478.07,0.8561,-1,-1,-1
151,17,192.24,22.28,92.03,413.18,0.8591,-1,-1,-1
152,1,316.96,0.10,292.20,478.54,0.7839,-1,-1,-1
152,2,7.02,0.98,223.50,478.85,0.8586,-1,-1,-1
152,17,193.49,22.06,90.65,413.15,0.8665,-1,-1,-1
153,1,313.02,0.31,290.83,475.98,0.8181,-1,-1,-1
153,2,9.16,0.85,223.78,475.59,0.8399,-1,-1,-1
153,17,193.84,21.89,89.46,411.34,0.8636,-1,-1,-1
154,1,308.28,0.69,288.62,477.44,0.8766,-1,-1,-1
154,2,7.50,0.61,226.05,474.42,0.8284,-1,-1,-1
154,17,193.23,21.67,89.68,412.37,0.8523,-1,-1,-1
154,19,0.24,79.76,45.18,386.08,0.3527,-1,-1,-1
154,5,502.98,188.63,25.89,79.40,0.6720,-1,-1,-1
154,35,553.77,206.29,15.43,36.94,0.4258,-1,-1,-1
155,1,305.99,0.77,285.91,478.62,0.8916,-1,-1,-1
155,2,8.01,0.79,226.07,475.67,0.8269,-1,-1,-1
155,17,192.80,22.07,89.85,413.66,0.8441,-1,-1,-1
155,19,0.30,79.21,44.15,386.69,0.3324,-1,-1,-1
155,5,501.01,191.48,27.11,77.43,0.6320,-1,-1,-1
155,35,553.55,205.37,16.04,37.16,0.3844,-1,-1,-1
156,1,304.96,0.49,281.66,479.58,0.9024,-1,-1,-1
156,2,7.03,0.71,227.23,477.17,0.8638,-1,-1,-1
156,17,192.25,21.98,89.54,413.78,0.8660,-1,-1,-1
156,19,0.15,79.74,43.30,386.42,0.1922,-1,-1,-1
156,5,499.19,194.13,27.86,75.59,0.5653,-1,-1,-1
156,35,552.35,207.77,15.55,34.92,0.3116,-1,-1,-1
157,1,303.22,0.12,267.75,480.16,0.9151,-1,-1,-1
157,2,7.05,0.31,226.74,476.09,0.8367,-1,-1,-1
157,17,191.48,21.16,89.13,415.41,0.8651,-1,-1,-1
157,19,0.03,78.44,42.50,388.26,0.2081,-1,-1,-1
157,5,498.01,194.51,29.05,76.38,0.5832,-1,-1,-1
157,35,553.88,209.76,14.51,33.01,0.3182,-1,-1,-1
158,1,303.77,-0.16,242.11,480.59,0.9172,-1,-1,-1
158,2,6.20,-0.26,225.49,477.70,0.8401,-1,-1,-1
158,17,190.94,19.69,88.96,418.14,0.8586,-1,-1,-1
158,5,497.35,195.63,29.67,75.63,0.5185,-1,-1,-1
158,35,552.53,209.54,16.06,33.59,0.4272,-1,-1,-1
158,42,589.76,0.86,49.72,255.03,0.4965,-1,-1,-1
159,1,300.95,-0.08,224.10,480.78,0.9095,-1,-1,-1
159,2,4.42,-0.12,226.63,478.57,0.8463,-1,-1,-1
159,17,190.58,18.98,90.75,418.57,0.8466,-1,-1,-1
159,5,496.78,188.25,30.92,84.04,0.7013,-1,-1,-1
159,35,550.38,206.93,17.05,37.21,0.3318,-1,-1,-1
159,42,587.95,0.43,51.59,252.40,0.3510,-1,-1,-1
159,43,526.91,195.25,20.54,56.37,0.4933,-1,-1,-1
159,19,-0.21,76.44,39.75,393.12,0.4543,-1,-1,-1
160,1,301.63,0.22,205.29,477.33,0.9183,-1,-1,-1
160,2,0.98,0.20,227.81,479.13,0.8645,-1,-1,-1
160,17,189.86,18.61,90.72,420.04,0.8495,-1,-1,-1
160,5,496.17,186.24,31.89,86.42,0.7204,-1,-1,-1
160,35,549.20,207.39,17.95,37.68,0.2925,-1,-1,-1
160,42,585.22,0.23,54.33,252.33,0.2673,-1,-1,-1
160,43,528.27,196.85,18.78,55.81,0.2913,-1,-1,-1
160,19,-0.52,76.01,39.62,393.91,0.4342,-1,-1,-1
161,1,296.57,-0.34,203.80,480.15,0.9106,-1,-1,-1
161,2,-0.36,-0.03,228.45,480.44,0.8620,-1,-1,-1
161,17,188.81,17.76,91.33,421.55,0.8480,-1,-1,-1
161,5,495.98,186.02,32.36,86.70,0.6946,-1,-1,-1
161,35,549.32,207.91,13.97,37.02,0.1793,-1,-1,-1
161,42,585.39,0.24,54.71,250.58,0.3898,-1,-1,-1
161,43,526.64,197.28,17.98,55.38,0.2945,-1,-1,-1
161,19,-0.80,75.49,37.16,393.99,0.4413,-1,-1,-1
162,1,291.88,-0.13,208.11,477.24,0.9057,-1,-1,-1
162,2,-0.29,-0.15,229.58,480.03,0.8341,-1,-1,-1
162,17,188.47,15.81,93.76,422.73,0.8529,-1,-1,-1
162,5,497.22,184.57,32.50,88.13,0.7159,-1,-1,-1
162,35,548.86,206.41,17.53,38.09,0.2365,-1,-1,-1
162,42,588.25,0.32,52.50,248.92,0.3289,-1,-1,-1
162,43,525.67,194.28,19.06,58.11,0.4749,-1,-1,-1
162,19,-0.12,73.25,35.68,391.78,0.3495,-1,-1,-1
163,1,288.75,0.00,210.74,476.71,0.9063,-1,-1,-1
163,2,-0.95,0.06,229.26,477.48,0.8299,-1,-1,-1
163,17,187.43,15.22,94.13,426.31,0.8500,-1,-1,-1
163,5,497.10,183.90,33.58,88.78,0.7191,-1,-1,-1
163,35,549.01,205.54,18.65,39.02,0.2216,-1,-1,-1
163,42,589.25,0.44,51.20,248.46,0.3877,-1,-1,-1
163,43,526.70,192.90,18.49,58.87,0.1879,-1,-1,-1
163,19,-0.58,71.31,35.47,379.97,0.3299,-1,-1,-1
164,1,288.47,0.03,210.26,475.85,0.9039,-1,-1,-1
164,2,-1.11,0.00,226.63,476.62,0.8047,-1,-1,-1
164,17,186.36,13.59,94.20,428.76,0.8366,-1,-1,-1
164,5,496.22,182.73,33.21,89.92,0.7221,-1,-1,-1
164,35,548.69,205.88,16.81,37.97,0.2383,-1,-1,-1
164,42,588.25,-0.15,51.74,249.93,0.2075,-1,-1,-1
164,43,525.73,191.56,19.01,59.83,0.1573,-1,-1,-1
164,19,-0.72,71.19,33.51,369.60,0.3528,-1,-1,-1
165,1,292.37,-0.15,207.01,479.20,0.9196,-1,-1,-1
165,2,-0.94,0.17,225.00,476.52,0.8194,-1,-1,-1
165,17,186.58,13.29,93.89,429.41,0.8456,-1,-1,-1
165,5,496.49,182.96,33.48,89.93,0.7144,-1,-1,-1
165,35,549.24,208.04,14.13,36.34,0.2577,-1,-1,-1
165,42,588.06,-0.13,52.11,249.63,0.1866,-1,-1,-1
165,19,-0.52,75.83,30.52,353.85,0.3294,-1,-1,-1
166,1,294.86,-0.32,205.55,479.93,0.9216,-1,-1,-1
166,2,-0.22,-0.12,223.62,476.85,0.8165,-1,-1,-1
166,17,186.06,12.05,94.70,430.94,0.8412,-1,-1,-1
166,5,496.84,182.43,33.38,89.99,0.7192,-1,-1,-1
166,35,548.99,206.22,18.89,37.79,0.2868,-1,-1,-1
166,42,588.77,0.02,51.53,173.92,0.2498,-1,-1,-1
167,1,294.20,-0.15,205.84,480.32,0.9166,-1,-1,-1
167,2,-0.87,0.37,222.26,474.41,0.7956,-1,-1,-1
167,17,184.45,10.97,94.97,432.61,0.8182,-1,-1,-1
167,5,496.08,183.13,33.94,89.44,0.7212,-1,-1,-1
167,35,547.88,203.88,20.04,41.12,0.3510,-1,-1,-1
167,42,587.37,-0.04,52.26,226.52,0.1935,-1,-1,-1
168,1,293.51,-0.16,206.21,480.13,0.9129,-1,-1,-1
168,2,-0.61,0.43,221.43,474.35,0.8193,-1,-1,-1
168,17,183.56,10.47,95.18,432.80,0.8436,-1,-1,-1
168,5,495.88,182.61,34.24,89.63,0.7227,-1,-1,-1
168,35,547.42,201.63,20.67,43.78,0.3971,-1,-1,-1
168,42,586.62,-0.18,52.84,236.88,0.2038,-1,-1,-1
169,1,288.36,0.87,211.72,475.69,0.9026,-1,-1,-1
169,2,-0.14,0.72,221.00,473.93,0.7547,-1,-1,-1
169,17,183.21,10.54,96.06,433.50,0.8432,-1,-1,-1
169,5,496.33,183.34,33.83,89.38,0.7323,-1,-1,-1
169,35,547.90,202.23,20.54,42.85,0.3257,-1,-1,-1
169,42,587.48,0.53,52.18,242.43,0.2692,-1,-1,-1
170,1,282.96,0.85,216.82,474.92,0.8991,-1,-1,-1
170,2,-0.25,0.15,220.05,472.97,0.7600,-1,-1,-1
170,17,182.81,9.86,96.10,435.86,0.8438,-1,-1,-1
170,5,496.47,183.10,33.79,90.02,0.7139,-1,-1,-1
170,43,526.56,188.67,17.77,63.76,0.3592,-1,-1,-1
171,1,280.13,1.04,218.88,474.06,0.9022,-1,-1,-1
171,2,0.10,0.25,218.92,472.89,0.7945,-1,-1,-1
171,17,182.27,9.90,96.46,436.70,0.8462,-1,-1,-1
172,1,280.70,0.98,219.19,474.53,0.8971,-1,-1,-1
172,2,0.22,0.57,219.15,474.41,0.8448,-1,-1,-1
172,17,182.43,9.93,97.04,437.52,0.8467,-1,-1,-1
173,1,280.60,1.09,220.20,472.39,0.8991,-1,-1,-1
173,2,-0.12,2.50,221.74,472.57,0.8155,-1,-1,-1
173,17,180.78,10.86,101.06,434.24,0.8485,-1,-1,-1
174,1,281.36,1.23,217.64,474.21,0.9030,-1,-1,-1
174,2,-0.02,1.52,219.84,473.72,0.8274,-1,-1,-1
174,17,180.54,10.70,99.66,435.07,0.8488,-1,-1,-1
175,1,280.51,1.32,218.66,475.60,0.8518,-1,-1,-1
175,2,-0.01,1.37,219.61,475.21,0.8592,-1,-1,-1
175,17,179.82,11.23,100.94,439.80,0.8492,-1,-1,-1
176,1,282.80,0.43,216.57,478.36,0.8983,-1,-1,-1
176,2,0.20,0.39,219.20,476.78,0.8271,-1,-1,-1
176,17,180.63,11.19,100.35,440.08,0.8400,-1,-1,-1
177,1,283.61,1.03,214.19,476.58,0.8925,-1,-1,-1
177,2,1.41,-0.47,216.75,475.53,0.7940,-1,-1,-1
177,17,181.85,11.58,97.24,439.28,0.8551,-1,-1,-1
178,1,283.13,0.92,215.35,476.59,0.9043,-1,-1,-1
178,2,2.23,-0.37,215.49,475.77,0.8280,-1,-1,-1
178,17,181.64,11.54,97.47,436.41,0.8604,-1,-1,-1
178,5,495.58,183.05,34.65,89.33,0.7167,-1,-1,-1
179,1,272.44,0.62,227.24,477.16,0.8599,-1,-1,-1
179,2,0.91,-0.29,217.00,476.12,0.8366,-1,-1,-1
179,17,181.25,11.17,98.00,439.30,0.8657,-1,-1,-1
179,45,548.43,204.21,18.13,41.32,0.4060,-1,-1,-1
179,5,496.33,183.29,34.03,89.60,0.7313,-1,-1,-1
180,1,279.55,0.07,221.16,478.82,0.9031,-1,-1,-1
180,2,0.65,-0.25,217.72,477.37,0.8417,-1,-1,-1
180,17,181.03,11.09,98.53,438.73,0.8560,-1,-1,-1
180,45,549.66,205.84,17.33,40.24,0.3466,-1,-1,-1
180,5,496.79,183.33,33.49,89.57,0.7044,-1,-1,-1
181,1,281.00,0.22,220.57,479.55,0.9067,-1,-1,-1
181,2,0.40,0.21,218.10,476.96,0.8206,-1,-1,-1
181,17,181.87,11.69,97.66,437.91,0.8607,-1,-1,-1
181,45,549.84,206.63,17.23,39.99,0.3743,-1,-1,-1
181,5,496.92,183.63,33.03,89.41,0.7025,-1,-1,-1
182,1,282.11,0.26,220.47,477.12,0.9032,-1,-1,-1
182,2,0.20,-0.25,217.49,475.51,0.8315,-1,-1,-1
182,17,181.58,11.00,97.04,436.57,0.8435,-1,-1,-1
182,45,549.11,206.65,15.91,40.12,0.2835,-1,-1,-1
182,5,496.76,183.76,32.61,88.88,0.7112,-1,-1,-1
183,1,282.89,0.34,220.90,476.53,0.9035,-1,-1,-1
183,2,0.22,-0.02,218.19,476.06,0.8451,-1,-1,-1
183,17,182.04,11.27,96.49,436.37,0.8514,-1,-1,-1
183,45,548.86,206.12,15.86,40.39,0.3510,-1,-1,-1
183,5,497.20,184.38,31.56,88.17,0.7189,-1,-1,-1
184,1,284.73,0.64,220.92,475.91,0.9052,-1,-1,-1
184,2,0.34,0.25,218.39,475.49,0.8220,-1,-1,-1
184,17,181.68,11.41,97.01,435.88,0.8483,-1,-1,-1
184,45,549.39,205.78,17.48,41.04,0.2842,-1,-1,-1
184,5,498.12,184.33,30.25,88.44,0.7044,-1,-1,-1
184,46,524.08,187.73,25.20,69.43,0.5913,-1,-1,-1
185,1,287.63,0.74,219.83,475.33,0.8970,-1,-1,-1
185,2,0.23,0.34,218.58,475.63,0.8311,-1,-1,-1
185,17,181.18,11.50,97.45,435.65,0.8490,-1,-1,-1
185,45,547.86,203.72,18.11,43.32,0.3309,-1,-1,-1
185,5,498.77,184.54,29.53,87.88,0.7017,-1,-1,-1
185,46,523.36,188.80,25.49,67.50,0.4258,-1,-1,-1
186,1,292.73,0.97,216.36,474.87,0.9137,-1,-1,-1
186,2,0.17,0.29,218.72,476.43,0.8593,-1,-1,-1
186,17,181.36,11.40,97.33,436.00,0.8525,-1,-1,-1
186,45,548.34,204.56,18.14,42.69,0.3171,-1,-1,-1
186,5,499.05,185.30,28.84,86.61,0.6988,-1,-1,-1
186,46,522.92,188.12,23.33,68.35,0.5184,-1,-1,-1
187,1,294.33,1.08,215.73,474.83,0.9097,-1,-1,-1
187,2,-0.02,0.36,218.83,476.16,0.8708,-1,-1,-1
187,17,181.93,11.47,96.58,435.98,0.8491,-1,-1,-1
187,45,548.35,204.13,17.59,42.94,0.2975,-1,-1,-1
187,5,499.40,185.66,28.12,85.74,0.6706,-1,-1,-1
187,46,522.76,191.01,21.29,65.65,0.5338,-1,-1,-1
188,1,295.77,0.99,214.58,474.50,0.9124,-1,-1,-1
188,2,-0.03,0.31,218.75,476.15,0.8590,-1,-1,-1
188,17,181.37,11.32,97.06,435.84,0.8515,-1,-1,-1
188,45,549.06,205.74,16.77,41.42,0.3245,-1,-1,-1
188,5,499.82,185.45,27.97,86.17,0.6809,-1,-1,-1
188,46,522.58,192.04,19.65,66.82,0.4157,-1,-1,-1
189,1,296.73,0.88,213.47,474.15,0.9132,-1,-1,-1
189,2,0.05,0.16,218.62,475.83,0.8383,-1,-1,-1
189,17,181.39,10.96,96.77,435.97,0.8536,-1,-1,-1
189,45,545.95,199.58,19.60,46.45,0.2288,-1,-1,-1
189,5,499.69,184.87,28.36,86.78,0.6820,-1,-1,-1
189,46,523.46,190.30,19.98,69.07,0.5306,-1,-1,-1
190,1,296.87,0.81,213.26,474.51,0.9129,-1,-1,-1
190,2,0.00,0.20,218.54,475.59,0.8498,-1,-1,-1
190,17,181.58,10.97,96.44,435.16,0.8423,-1,-1,-1
190,45,544.97,202.30,20.37,42.65,0.1539,-1,-1,-1
190,5,499.33,185.38,28.71,86.11,0.6711,-1,-1,-1
190,46,523.33,189.43,19.92,70.39,0.5004,-1,-1,-1
191,1,296.95,0.96,212.79,474.56,0.9146,-1,-1,-1
191,2,-0.02,0.36,218.38,475.69,0.8552,-1,-1,-1
191,17,181.48,10.92,96.49,435.61,0.8468,-1,-1,-1
191,5,499.00,185.07,29.14,86.94,0.6865,-1,-1,-1
191,46,524.35,189.56,20.62,70.03,0.4338,-1,-1,-1
191,48,294.45,178.06,22.98,78.29,0.5033,-1,-1,-1
192,1,296.19,0.96,213.53,474.45,0.9103,-1,-1,-1
192,2,-0.07,0.37,218.36,475.65,0.8473,-1,-1,-1
192,17,180.96,11.01,97.16,435.71,0.8523,-1,-1,-1
192,5,498.89,184.71,29.31,86.98,0.6716,-1,-1,-1
192,46,525.19,189.15,21.90,71.21,0.2815,-1,-1,-1
192,48,294.33,178.30,23.04,77.71,0.4818,-1,-1,-1
193,1,295.11,0.82,214.54,474.55,0.9086,-1,-1,-1
193,2,-0.10,0.36,218.03,474.83,0.8335,-1,-1,-1
193,17,181.15,11.10,96.92,436.19,0.8511,-1,-1,-1
193,5,498.92,184.81,29.12,87.31,0.6919,-1,-1,-1
193,46,525.06,189.08,23.80,71.89,0.3441,-1,-1,-1
193,48,293.35,177.51,23.74,77.70,0.3567,-1,-1,-1
194,1,291.88,0.55,217.47,475.40,0.8972,-1,-1,-1
194,2,-0.01,0.26,217.45,475.57,0.8347,-1,-1,-1
194,17,180.47,10.95,97.40,436.67,0.8552,-1,-1,-1
194,5,499.11,184.71,28.98,87.58,0.6949,-1,-1,-1
194,46,523.76,188.89,25.88,72.80,0.3116,-1,-1,-1
194,48,292.82,177.00,24.03,74.63,0.2346,-1,-1,-1
195,1,287.32,0.36,221.59,476.04,0.8812,-1,-1,-1
195,2,-0.19,0.29,217.18,475.79,0.8490,-1,-1,-1
195,17,179.91,10.83,97.39,436.95,0.8556,-1,-1,-1
195,5,498.77,184.33,28.64,88.22,0.6763,-1,-1,-1
195,46,525.24,190.34,26.80,71.82,0.2969,-1,-1,-1
196,1,283.89,0.42,225.06,476.28,0.8901,-1,-1,-1
196,2,-0.07,0.41,216.96,474.79,0.7973,-1,-1,-1
196,17,179.05,10.90,98.45,437.02,0.8553,-1,-1,-1
196,5,499.32,183.87,28.73,88.87,0.6643,-1,-1,-1
196,46,526.04,190.16,28.15,72.05,0.3361,-1,-1,-1
197,1,281.72,0.46,228.03,476.66,0.8978,-1,-1,-1
197,2,-0.04,0.53,217.30,474.51,0.8443,-1,-1,-1
197,17,178.23,10.55,99.25,437.54,0.8517,-1,-1,-1
197,5,499.18,184.27,29.10,88.21,0.6447,-1,-1,-1
197,46,526.46,189.83,27.54,72.98,0.3969,-1,-1,-1
198,1,280.67,0.63,228.53,476.26,0.9113,-1,-1,-1
198,2,-0.18,0.55,216.67,474.66,0.8636,-1,-1,-1
198,17,177.19,10.47,99.09,438.29,0.8590,-1,-1,-1
198,5,498.94,184.63,29.75,87.88,0.6915,-1,-1,-1
198,46,526.99,188.77,33.58,74.49,0.3527,-1,-1,-1
199,1,279.15,0.53,229.73,476.75,0.9094,-1,-1,-1
199,2,-0.45,1.07,216.70,474.01,0.8072,-1,-1,-1
199,17,175.82,10.93,98.81,438.17,0.8502,-1,-1,-1
199,5,498.16,184.64,30.43,86.94,0.6871,-1,-1,-1
199,46,525.35,187.22,30.15,76.04,0.4133,-1,-1,-1
199,35,540.15,187.19,23.34,73.64,0.3555,-1,-1,-1
200,1,277.18,0.61,231.49,476.15,0.9050,-1,-1,-1
200,2,-0.38,3.83,216.52,470.78,0.7861,-1,-1,-1
200,17,174.60,11.59,97.44,437.97,0.8485,-1,-1,-1
200,5,498.04,184.97,30.70,87.17,0.7191,-1,-1,-1
200,46,527.85,186.09,34.19,75.15,0.4081,-1,-1,-1
200,35,541.53,188.79,22.42,65.61,0.1758,-1,-1,-1
201,1,274.53,0.18,233.37,478.81,0.9075,-1,-1,-1
201,2,-0.41,3.51,216.54,470.92,0.7750,-1,-1,-1
201,17,170.75,12.49,98.66,438.61,0.8344,-1,-1,-1
201,5,497.52,185.14,30.38,87.36,0.7009,-1,-1,-1
201,35,541.89,195.82,22.49,54.95,0.2703,-1,-1,-1
202,1,272.95,0.03,234.18,479.99,0.9087,-1,-1,-1
202,2,-0.73,6.11,217.02,469.69,0.7269,-1,-1,-1
202,17,165.52,14.43,100.22,437.03,0.8103,-1,-1,-1
202,5,497.16,185.33,30.10,87.32,0.6884,-1,-1,-1
202,35,544.18,196.36,19.90,53.11,0.2832,-1,-1,-1
202,46,525.56,188.38,28.97,75.70,0.3470,-1,-1,-1
203,1,272.62,0.05,233.78,479.19,0.8960,-1,-1,-1
203,2,-0.35,12.04,215.50,463.98,0.6432,-1,-1,-1
203,17,158.28,16.25,104.56,433.96,0.7759,-1,-1,-1
203,5,496.86,185.02,29.90,87.89,0.7030,-1,-1,-1
203,35,546.83,200.57,16.86,48.28,0.2206,-1,-1,-1
203,46,524.56,188.23,28.13,76.61,0.5196,-1,-1,-1
204,1,272.00,0.74,233.73,476.05,0.8902,-1,-1,-1
204,2,-0.59,5.78,215.18,467.67,0.6962,-1,-1,-1
204,17,155.42,18.50,103.57,424.49,0.8094,-1,-1,-1
204,5,495.38,185.94,29.78,87.31,0.7610,-1,-1,-1
204,35,546.84,204.75,16.69,44.88,0.2872,-1,-1,-1
204,46,521.05,189.09,30.37,76.79,0.5677,-1,-1,-1
205,1,271.73,0.74,234.57,474.83,0.8818,-1,-1,-1
205,2,-0.24,2.41,214.39,469.45,0.6692,-1,-1,-1
205,17,153.80,20.12,99.72,416.45,0.8102,-1,-1,-1
205,5,495.94,186.36,28.99,86.47,0.7396,-1,-1,-1
205,35,546.94,207.20,15.51,42.93,0.3068,-1,-1,-1
205,46,521.65,188.30,30.20,78.11,0.5854,-1,-1,-1
206,1,269.70,0.62,236.69,474.38,0.8896,-1,-1,-1
206,2,-0.35,1.97,213.04,470.76,0.6222,-1,-1,-1
206,17,152.59,22.44,96.95,409.29,0.7806,-1,-1,-1
206,5,495.33,186.41,29.25,85.77,0.7051,-1,-1,-1
206,35,548.47,205.56,13.82,44.65,0.3129,-1,-1,-1
206,46,522.94,187.20,29.79,78.31,0.4710,-1,-1,-1
207,1,270.37,0.88,235.85,474.02,0.8838,-1,-1,-1
207,2,-0.32,2.19,212.12,469.87,0.5666,-1,-1,-1
207,17,154.07,24.65,93.84,399.43,0.7154,-1,-1,-1
207,5,494.98,186.08,28.86,86.02,0.7399,-1,-1,-1
207,35,548.20,203.41,13.73,46.97,0.3131,-1,-1,-1
207,46,520.42,185.96,30.86,79.55,0.5179,-1,-1,-1
208,1,265.25,0.59,241.29,474.59,0.8869,-1,-1,-1
208,2,-0.15,0.83,211.22,472.56,0.7748,-1,-1,-1
208,17,161.91,28.69,87.75,381.24,0.7922,-1,-1,-1
208,5,493.87,186.36,29.50,86.72,0.7037,-1,-1,-1
208,35,548.64,201.35,14.20,48.44,0.2548,-1,-1,-1
208,46,519.60,186.51,33.53,78.78,0.4415,-1,-1,-1
209,1,262.30,0.81,244.71,474.94,0.8913,-1,-1,-1
209,2,0.25,0.42,209.49,473.68,0.7688,-1,-1,-1
209,17,167.53,32.63,82.63,368.49,0.7931,-1,-1,-1
209,5,494.22,186.16,29.18,86.71,0.7292,-1,-1,-1
209,35,549.99,200.10,14.20,49.93,0.1843,-1,-1,-1
209,46,520.59,186.06,33.81,80.93,0.4602,-1,-1,-1
210,1,257.77,0.97,248.23,475.68,0.8626,-1,-1,-1
210,2,0.13,1.11,206.02,474.03,0.8731,-1,-1,-1
210,17,171.32,41.94,80.25,355.68,0.8382,-1,-1,-1
210,5,492.89,185.79,30.13,87.72,0.7283,-1,-1,-1
210,35,549.04,198.84,15.02,51.75,0.2508,-1,-1,-1
210,46,519.93,186.23,27.86,80.84,0.4350,-1,-1,-1
211,1,263.78,1.13,241.67,476.24,0.8113,-1,-1,-1
211,2,0.17,1.27,202.47,475.22,0.8799,-1,-1,-1
211,17,171.96,47.07,82.70,349.10,0.8474,-1,-1,-1
211,5,492.04,184.26,31.11,89.10,0.7399,-1,-1,-1
211,35,548.79,199.66,15.43,50.82,0.2880,-1,-1,-1
211,46,523.32,185.33,25.62,80.75,0.4119,-1,-1,-1
212,1,263.29,1.60,241.72,476.25,0.8355,-1,-1,-1
212,2,-0.16,1.63,199.08,473.25,0.8260,-1,-1,-1
212,17,170.38,53.58,89.74,344.40,0.8593,-1,-1,-1
212,5,491.08,185.62,30.57,89.41,0.7197,-1,-1,-1
212,35,549.43,203.49,13.57,47.27,0.1840,-1,-1,-1
212,46,524.30,186.68,31.36,79.56,0.3879,-1,-1,-1
213,1,255.10,1.21,248.56,477.17,0.8697,-1,-1,-1
213,2,-0.50,2.13,191.71,473.98,0.7969,-1,-1,-1
213,17,168.15,54.69,98.99,342.98,0.8614,-1,-1,-1
213,5,490.11,184.94,29.81,89.55,0.6653,-1,-1,-1
213,35,548.89,204.76,13.59,44.98,0.1965,-1,-1,-1
213,46,522.06,186.11,27.12,80.10,0.4450,-1,-1,-1
214,1,253.68,1.29,247.48,476.63,0.8787,-1,-1,-1
214,2,-0.31,1.74,185.94,475.98,0.8096,-1,-1,-1
214,17,159.38,56.93,114.21,348.81,0.8709,-1,-1,-1
214,5,489.48,184.85,29.10,89.88,0.7140,-1,-1,-1
214,46,518.94,185.51,26.81,82.21,0.5564,-1,-1,-1
215,1,254.78,1.09,244.10,475.55,0.8978,-1,-1,-1
215,2,0.31,1.02,183.09,476.24,0.7638,-1,-1,-1
215,17,160.55,57.83,117.55,345.05,0.8818,-1,-1,-1
215,5,486.63,184.99,31.77,89.65,0.7066,-1,-1,-1
215,46,517.06,184.82,26.55,83.25,0.5473,-1,-1,-1
216,1,255.28,0.52,240.70,475.87,0.8769,-1,-1,-1
216,2,0.82,0.36,179.25,474.80,0.7176,-1,-1,-1
216,17,165.39,59.54,116.17,340.83,0.8860,-1,-1,-1
216,5,487.26,184.53,29.49,89.94,0.7329,-1,-1,-1
216,46,521.61,186.80,20.49,79.52,0.4099,-1,-1,-1
216,50,537.21,197.86,20.68,53.43,0.4393,-1,-1,-1
217,1,278.18,1.10,216.35,477.16,0.8183,-1,-1,-1
217,2,1.65,0.20,177.68,475.84,0.8026,-1,-1,-1
217,17,169.42,61.95,115.77,337.96,0.8841,-1,-1,-1
217,5,485.99,183.03,30.81,91.09,0.7294,-1,-1,-1
217,46,522.45,185.58,19.11,79.62,0.5048,-1,-1,-1
217,50,537.91,196.64,19.57,54.25,0.4278,-1,-1,-1
218,1,269.31,2.49,221.45,476.50,0.7992,-1,-1,-1
218,2,2.57,1.64,178.39,475.71,0.7906,-1,-1,-1
218,17,173.36,68.75,114.72,330.91,0.8689,-1,-1,-1
218,5,482.96,182.80,31.06,93.41,0.7213,-1,-1,-1
218,46,521.64,189.85,18.35,76.64,0.3865,-1,-1,-1
218,50,537.43,198.60,19.52,52.57,0.2767,-1,-1,-1
219,1,287.14,1.83,201.26,477.07,0.8272,-1,-1,-1
219,2,3.23,1.46,179.77,474.49,0.8156,-1,-1,-1
219,17,180.18,74.35,111.71,324.90,0.8703,-1,-1,-1
219,5,481.86,181.53,30.82,93.85,0.7533,-1,-1,-1
219,46,510.94,186.81,26.58,80.95,0.4128,-1,-1,-1
219,50,535.76,198.61,21.05,53.43,0.3229,-1,-1,-1
220,1,293.28,8.89,191.95,468.70,0.7502,-1,-1,-1
220,2,4.55,2.32,182.68,472.92,0.8105,-1,-1,-1
220,17,186.93,80.62,107.13,316.27,0.8613,-1,-1,-1
220,5,480.70,181.37,30.86,94.86,0.7701,-1,-1,-1
220,46,509.83,185.92,27.10,83.03,0.5773,-1,-1,-1
220,50,536.56,197.96,21.68,54.27,0.3200,-1,-1,-1
221,1,278.09,19.41,208.11,458.74,0.8683,-1,-1,-1
221,2,4.19,2.99,188.53,472.64,0.7595,-1,-1,-1
221,17,190.96,87.81,105.08,303.24,0.8713,-1,-1,-1
221,5,482.90,182.20,27.40,93.75,0.7413,-1,-1,-1
221,46,507.69,185.47,28.71,83.83,0.6150,-1,-1,-1
221,50,537.58,199.75,21.44,52.68,0.3590,-1,-1,-1
222,1,282.52,26.19,208.54,451.13,0.9130,-1,-1,-1
222,2,4.10,3.25,195.30,474.03,0.5482,-1,-1,-1
222,17,197.40,91.02,103.37,291.36,0.8688,-1,-1,-1
222,5,486.29,182.01,25.07,92.03,0.6505,-1,-1,-1
222,46,507.52,182.67,30.08,85.46,0.6739,-1,-1,-1
222,50,539.06,201.93,21.29,50.22,0.4664,-1,-1,-1
223,1,288.97,31.17,205.59,446.27,0.8906,-1,-1,-1
223,2,3.83,1.46,205.28,471.17,0.7694,-1,-1,-1
223,17,203.49,93.02,98.35,276.13,0.8623,-1,-1,-1
223,5,488.36,181.72,22.52,95.43,0.4524,-1,-1,-1
223,46,506.79,182.57,29.62,87.08,0.4495,-1,-1,-1
223,50,538.43,202.74,21.88,49.67,0.5080,-1,-1,-1
224,1,291.55,34.55,204.33,443.96,0.9124,-1,-1,-1
224,2,2.40,0.78,211.92,473.04,0.6642,-1,-1,-1
224,17,208.13,95.23,94.11,270.19,0.8636,-1,-1,-1
224,5,488.71,182.01,22.91,95.52,0.5208,-1,-1,-1
224,46,507.75,184.28,26.90,86.84,0.3165,-1,-1,-1
224,50,538.15,202.84,22.04,50.35,0.5157,-1,-1,-1
225,1,293.45,38.42,202.30,439.32,0.9179,-1,-1,-1
225,2,2.42,0.66,217.53,474.98,0.8392,-1,-1,-1
225,17,214.01,100.82,90.46,264.55,0.8740,-1,-1,-1
225,5,487.22,183.03,26.72,94.86,0.6243,-1,-1,-1
225,46,508.02,187.88,22.33,83.24,0.2732,-1,-1,-1
225,50,538.63,201.36,22.43,52.17,0.5121,-1,-1,-1
226,1,295.34,42.74,195.73,436.15,0.9127,-1,-1,-1
226,2,1.47,1.88,224.17,473.75,0.8229,-1,-1,-1
226,17,219.29,106.74,86.78,259.48,0.8761,-1,-1,-1
226,5,485.42,181.08,28.96,97.26,0.6673,-1,-1,-1
226,46,509.83,189.12,21.57,82.72,0.4362,-1,-1,-1
226,50,539.02,201.79,23.07,53.05,0.5074,-1,-1,-1
227,1,298.11,48.94,186.42,431.09,0.9026,-1,-1,-1
227,2,0.58,2.10,226.64,474.73,0.8159,-1,-1,-1
227,17,222.02,111.50,86.51,250.66,0.8699,-1,-1,-1
227,5,482.11,181.08,31.71,99.38,0.7179,-1,-1,-1
227,46,509.53,189.41,21.44,83.48,0.4042,-1,-1,-1
227,50,539.26,201.97,22.44,53.71,0.5437,-1,-1,-1
228,1,301.60,54.13,176.15,425.58,0.9124,-1,-1,-1
228,2,0.01,1.67,230.39,475.67,0.9135,-1,-1,-1
228,17,228.92,112.64,84.40,245.45,0.8428,-1,-1,-1
228,5,481.58,180.81,33.38,101.87,0.7388,-1,-1,-1
228,46,509.99,187.06,21.71,85.89,0.3751,-1,-1,-1
228,50,541.12,202.14,21.75,54.65,0.5633,-1,-1,-1
229,1,305.58,60.99,162.59,419.80,0.9038,-1,-1,-1
229,2,0.69,2.33,227.91,475.93,0.9023,-1,-1,-1
229,17,235.56,112.54,85.05,234.08,0.8608,-1,-1,-1
229,5,483.47,183.62,32.50,101.56,0.6981,-1,-1,-1
229,46,511.52,186.40,23.10,87.66,0.2031,-1,-1,-1
229,50,542.62,201.60,23.10,57.14,0.5926,-1,-1,-1
230,1,308.35,65.52,153.80,414.87,0.8855,-1,-1,-1
230,2,-0.49,1.67,226.08,477.81,0.8908,-1,-1,-1
230,17,239.01,111.87,84.59,229.45,0.8486,-1,-1,-1
230,5,484.91,183.29,32.46,102.80,0.6962,-1,-1,-1
230,46,512.04,185.11,22.93,89.69,0.2878,-1,-1,-1
230,50,544.79,200.35,22.06,58.66,0.6460,-1,-1,-1
230,53,454.92,169.05,32.10,122.34,0.6901,-1,-1,-1
231,1,308.61,66.41,149.17,414.02,0.8866,-1,-1,-1
231,2,-1.43,3.22,225.33,474.06,0.7200,-1,-1,-1
231,17,243.71,111.18,83.88,227.95,0.8647,-1,-1,-1
231,5,487.80,182.92,30.79,103.40,0.7233,-1,-1,-1
231,46,514.44,184.16,22.97,89.63,0.4094,-1,-1,-1
231,50,550.10,199.25,22.40,59.26,0.6640,-1,-1,-1
231,53,453.77,165.93,36.91,125.58,0.7728,-1,-1,-1
232,1,320.94,66.38,138.37,414.01,0.8691,-1,-1,-1
232,2,-0.93,3.98,223.84,474.96,0.8021,-1,-1,-1
232,17,250.48,113.16,81.77,226.78,0.8517,-1,-1,-1
232,5,492.86,183.04,27.07,102.72,0.6563,-1,-1,-1
232,46,515.47,183.94,24.40,92.19,0.5437,-1,-1,-1
232,50,553.26,199.50,25.36,60.47,0.5282,-1,-1,-1
232,53,455.97,163.30,41.06,129.79,0.7573,-1,-1,-1
232,54,577.81,155.75,62.64,190.65,0.6592,-1,-1,-1
233,1,331.43,65.24,131.39,415.41,0.8699,-1,-1,-1
233,2,0.56,1.38,222.02,473.92,0.5810,-1,-1,-1
233,17,258.23,117.09,79.20,223.48,0.8270,-1,-1,-1
233,5,501.64,180.21,21.73,100.35,0.3929,-1,-1,-1
233,46,521.65,184.53,21.65,92.95,0.5433,-1,-1,-1
233,50,558.43,199.29,25.44,61.54,0.6117,-1,-1,-1
233,53,465.06,160.54,39.58,133.22,0.6889,-1,-1,-1
233,54,578.40,162.15,62.88,190.78,0.3391,-1,-1,-1
234,1,327.56,68.81,152.89,412.09,0.8999,-1,-1,-1
234,2,0.84,0.02,223.03,473.61,0.6604,-1,-1,-1
234,17,265.93,120.22,76.35,218.17,0.8079,-1,-1,-1
234,5,509.96,180.86,19.14,101.84,0.2193,-1,-1,-1
234,46,522.24,184.49,24.70,93.32,0.4931,-1,-1,-1
234,50,566.23,201.66,22.76,59.39,0.5038,-1,-1,-1
234,53,475.52,159.80,38.35,133.39,0.5218,-1,-1,-1
234,54,585.13,166.75,56.11,210.24,0.4554,-1,-1,-1
234,35,566.59,203.08,21.01,57.28,0.5038,-1,-1,-1
235,1,335.00,73.46,161.71,407.63,0.8958,-1,-1,-1
235,2,5.68,-0.62,220.78,477.81,0.8443,-1,-1,-1
235,17,272.07,121.84,76.31,213.68,0.8104,-1,-1,-1
235,46,527.70,186.64,23.66,93.53,0.4074,-1,-1,-1
235,50,571.55,200.10,26.37,62.45,0.4993,-1,-1,-1
235,53,484.47,159.12,37.37,131.46,0.3937,-1,-1,-1
235,35,571.87,200.89,25.21,61.48,0.4993,-1,-1,-1
236,1,342.92,78.11,166.39,402.59,0.8977,-1,-1,-1
236,2,7.79,-0.45,222.94,478.30,0.8866,-1,-1,-1
236,17,279.43,119.41,73.96,207.12,0.7916,-1,-1,-1
236,46,531.37,190.30,25.31,88.65,0.4800,-1,-1,-1
236,50,576.39,194.16,28.33,67.74,0.5551,-1,-1,-1
236,53,491.82,156.78,39.14,149.53,0.2092,-1,-1,-1
236,35,576.46,194.66,27.79,67.27,0.5551,-1,-1,-1
236,55,1.31,114.01,43.45,216.65,0.5003,-1,-1,-1
236,54,608.06,169.72,32.69,263.74,0.5690,-1,-1,-1
237,1,359.76,86.73,165.22,395.84,0.9058,-1,-1,-1
237,2,10.17,4.50,229.41,476.42,0.8752,-1,-1,-1
237,17,288.63,120.61,73.85,204.37,0.8394,-1,-1,-1
237,46,542.28,187.09,21.18,94.46,0.4478,-1,-1,-1
237,50,586.72,194.94,27.97,69.49,0.5668,-1,-1,-1
237,53,495.88,162.29,43.15,156.03,0.3028,-1,-1,-1
237,35,586.73,195.26,27.79,69.34,0.5668,-1,-1,-1
237,55,2.84,119.85,53.78,160.50,0.5859,-1,-1,-1
237,54,611.61,195.01,29.20,275.94,0.6431,-1,-1,-1
238,1,371.38,86.93,164.29,394.21,0.9026,-1,-1,-1
238,2,10.37,6.32,235.02,474.65,0.8706,-1,-1,-1
238,17,292.11,120.70,75.93,202.02,0.8212,-1,-1,-1
238,46,546.42,185.71,20.79,96.86,0.3524,-1,-1,-1
238,50,591.03,194.76,29.25,69.06,0.5369,-1,-1,-1
238,35,591.06,194.92,29.18,69.07,0.5369,-1,-1,-1
238,55,1.61,117.22,64.34,154.39,0.4626,-1,-1,-1
238,54,610.78,204.29,29.59,278.38,0.5991,-1,-1,-1
238,56,242.11,170.40,30.78,103.20,0.5701,-1,-1,-1
239,1,387.98,88.70,160.44,391.78,0.8984,-1,-1,-1
239,2,6.02,11.97,246.80,469.38,0.8337,-1,-1,-1
239,17,304.10,123.91,69.22,198.61,0.7860,-1,-1,-1
239,50,597.52,197.63,29.95,65.72,0.3590,-1,-1,-1
239,35,597.59,197.65,29.95,65.85,0.3590,-1,-1,-1
239,54,602.91,212.28,38.64,273.81,0.3971,-1,-1,-1
239,56,248.42,165.16,32.64,112.90,0.5147,-1,-1,-1
239,57,366.23,175.85,22.88,86.90,0.5241,-1,-1,-1
240,1,397.67,86.04,161.54,378.12,0.8860,-1,-1,-1
240,2,14.09,14.18,247.49,464.98,0.7606,-1,-1,-1
240,17,306.90,124.02,69.48,194.25,0.7561,-1,-1,-1
240,50,599.64,190.23,31.45,70.48,0.5210,-1,-1,-1
240,35,599.79,190.26,31.47,70.55,0.5210,-1,-1,-1
240,54,587.57,216.56,53.77,268.32,0.1564,-1,-1,-1
240,56,252.97,159.06,37.21,116.59,0.7075,-1,-1,-1
240,57,367.97,178.78,24.44,81.38,0.4230,-1,-1,-1
241,1,407.93,84.36,156.71,375.56,0.8927,-1,-1,-1
241,2,4.19,14.37,260.62,462.01,0.7141,-1,-1,-1
241,17,309.20,123.58,74.06,192.95,0.7989,-1,-1,-1
241,50,599.40,194.77,31.22,62.04,0.3109,-1,-1,-1
241,56,255.93,156.46,30.88,109.53,0.2405,-1,-1,-1
241,57,366.74,180.65,24.29,79.63,0.3866,-1,-1,-1
242,1,413.14,86.71,150.91,375.02,0.8769,-1,-1,-1
242,2,31.55,11.38,238.71,466.54,0.8343,-1,-1,-1
242,17,297.12,122.82,87.10,191.17,0.8221,-1,-1,-1
242,60,392.86,180.20,24.86,80.75,0.5069,-1,-1,-1
242,55,21.98,114.57,83.38,139.43,0.4010,-1,-1,-1
243,1,415.45,88.77,146.99,377.31,0.8920,-1,-1,-1
243,2,45.08,8.61,229.44,468.75,0.8378,-1,-1,-1
243,17,301.31,122.36,81.78,188.50,0.8472,-1,-1,-1
243,60,391.60,180.71,26.24,80.90,0.5727,-1,-1,-1
243,61,578.77,48.89,60.88,430.70,0.7338,-1,-1,-1
243,62,8.61,115.38,102.21,325.56,0.3915,-1,-1,-1
243,55,42.52,115.01,65.98,152.03,0.1695,-1,-1,-1
244,1,422.42,91.09,142.37,375.85,0.8873,-1,-1,-1
244,2,67.23,8.68,213.03,466.80,0.7835,-1,-1,-1
244,17,311.63,121.87,71.31,187.42,0.7005,-1,-1,-1
244,60,393.16,179.55,25.58,82.63,0.5854,-1,-1,-1
244,61,552.98,16.62,86.26,462.42,0.8332,-1,-1,-1
244,62,21.54,119.49,94.06,319.95,0.1717,-1,-1,-1
244,63,12.62,168.42,54.95,85.77,0.7447,-1,-1,-1
245,1,426.97,89.14,137.13,379.79,0.8594,-1,-1,-1
245,2,69.12,10.65,214.59,453.55,0.8552,-1,-1,-1
245,17,310.81,121.74,72.17,189.45,0.7877,-1,-1,-1
245,60,391.69,179.24,25.84,82.52,0.6204,-1,-1,-1
245,61,534.34,0.29,105.65,477.07,0.7258,-1,-1,-1
245,64,413.31,173.20,30.37,106.02,0.4902,-1,-1,-1
246,1,431.85,87.16,125.61,378.59,0.8571,-1,-1,-1
246,2,72.60,10.72,214.64,460.82,0.9022,-1,-1,-1
246,17,307.18,121.08,75.00,188.56,0.8129,-1,-1,-1
246,60,388.46,175.34,27.80,85.74,0.5734,-1,-1,-1
246,61,527.13,-3.32,113.22,479.75,0.7496,-1,-1,-1
246,64,411.35,169.63,37.14,108.67,0.7345,-1,-1,-1
247,1,435.06,86.18,119.68,365.72,0.8353,-1,-1,-1
247,2,78.38,12.47,210.73,460.77,0.9034,-1,-1,-1
247,17,306.32,122.35,73.83,187.42,0.8134,-1,-1,-1
247,60,386.05,175.47,27.04,84.82,0.6345,-1,-1,-1
247,61,506.36,-4.25,133.31,479.36,0.8081,-1,-1,-1
247,64,408.61,170.69,35.49,106.73,0.7496,-1,-1,-1
248,1,437.12,87.63,125.41,356.60,0.8476,-1,-1,-1
248,2,85.77,10.09,203.88,466.25,0.8323,-1,-1,-1
248,17,306.48,122.77,73.21,188.43,0.8410,-1,-1,-1
248,60,384.33,174.67,27.96,86.83,0.6754,-1,-1,-1
248,61,513.37,-1.81,126.20,480.86,0.8615,-1,-1,-1
248,64,407.84,171.80,34.73,107.63,0.7694,-1,-1,-1
248,69,27.76,195.01,18.77,38.79,0.6141,-1,-1,-1
248,70,285.66,169.02,28.12,93.02,0.5163,-1,-1,-1
249,1,445.81,87.47,122.16,357.89,0.7634,-1,-1,-1
249,2,96.62,7.93,197.86,469.83,0.8886,-1,-1,-1
249,17,311.35,122.36,72.51,186.70,0.8361,-1,-1,-1
249,60,386.46,174.17,28.92,88.06,0.6865,-1,-1,-1
249,61,501.45,-1.52,138.89,480.71,0.8527,-1,-1,-1
249,64,410.64,170.93,34.88,110.15,0.7719,-1,-1,-1
249,69,30.14,195.34,17.45,38.22,0.5671,-1,-1,-1
249,70,290.17,169.56,25.17,92.36,0.6555,-1,-1,-1
250,1,459.31,88.88,121.44,363.79,0.6550,-1,-1,-1
250,2,108.78,8.14,194.03,472.14,0.9175,-1,-1,-1
250,17,318.78,123.95,71.59,183.68,0.8530,-1,-1,-1
250,60,391.17,175.77,29.89,90.81,0.6790,-1,-1,-1
250,61,502.05,-0.69,141.11,483.37,0.8216,-1,-1,-1
250,64,415.32,172.79,35.23,113.01,0.7797,-1,-1,-1
250,69,33.19,197.43,18.11,39.27,0.5369,-1,-1,-1
250,70,297.47,172.94,21.97,91.88,0.5936,-1,-1,-1
250,71,79.99,176.27,35.41,87.15,0.4467,-1,-1,-1
251,1,484.38,121.66,104.53,330.86,0.2443,-1,-1,-1
251,2,119.11,8.48,189.38,472.51,0.9128,-1,-1,-1
251,17,324.06,123.92,68.40,182.74,0.8604,-1,-1,-1
251,60,394.66,175.29,28.09,91.98,0.6133,-1,-1,-1
251,61,506.70,-1.44,135.89,484.09,0.8438,-1,-1,-1
251,64,416.20,171.40,36.48,115.99,0.7772,-1,-1,-1
251,69,34.73,196.96,17.33,40.38,0.5071,-1,-1,-1
251,71,79.67,177.09,39.60,89.21,0.5202,-1,-1,-1
252,1,501.12,142.86,89.05,313.88,0.2070,-1,-1,-1
252,2,126.37,14.98,188.69,467.16,0.8903,-1,-1,-1
252,17,327.58,128.33,66.48,181.64,0.8593,-1,-1,-1
252,60,397.06,177.72,27.52,92.78,0.5378,-1,-1,-1
252,61,512.84,1.84,128.82,477.06,0.8710,-1,-1,-1
252,64,416.88,174.59,36.33,117.31,0.7352,-1,-1,-1
252,69,36.58,199.79,16.47,40.64,0.4360,-1,-1,-1
252,71,70.76,180.20,48.04,90.29,0.6008,-1,-1,-1
253,2,136.73,24.96,188.18,456.75,0.8998,-1,-1,-1
253,17,333.89,130.49,68.19,181.69,0.8574,-1,-1,-1
253,60,401.85,175.30,27.91,94.96,0.5319,-1,-1,-1
253,61,518.81,3.47,125.69,470.16,0.8819,-1,-1,-1
253,64,421.31,174.38,37.52,119.79,0.6896,-1,-1,-1
253,69,42.57,203.34,15.35,39.62,0.4388,-1,-1,-1
253,71,68.38,181.58,51.09,92.95,0.7021,-1,-1,-1
253,73,463.41,143.52,57.66,177.68,0.7376,-1,-1,-1
254,2,145.79,28.21,184.40,452.75,0.8914,-1,-1,-1
254,17,338.26,133.11,65.12,180.07,0.8497,-1,-1,-1
254,60,404.71,175.41,26.90,95.59,0.4111,-1,-1,-1
254,61,524.19,3.45,118.72,472.19,0.8783,-1,-1,-1
254,64,422.15,172.38,38.30,122.92,0.6798,-1,-1,-1
254,69,44.20,204.01,14.80,39.34,0.3581,-1,-1,-1
254,71,67.11,181.11,48.41,93.40,0.6662,-1,-1,-1
254,73,461.54,141.81,57.38,180.79,0.7379,-1,-1,-1
254,55,124.95,143.49,41.83,149.51,0.3926,-1,-1,-1
255,2,136.01,35.93,202.91,446.55,0.8651,-1,-1,-1
255,17,341.77,137.36,61.80,178.94,0.8388,-1,-1,-1
255,61,525.56,4.28,116.33,474.96,0.8989,-1,-1,-1
255,64,420.25,173.05,38.56,125.90,0.6404,-1,-1,-1
255,69,42.43,208.51,15.03,37.79,0.2387,-1,-1,-1
255,71,60.25,182.19,44.05,96.49,0.6410,-1,-1,-1
255,73,445.24,142.25,70.70,186.63,0.8488,-1,-1,-1
255,55,115.66,144.70,52.04,157.83,0.7455,-1,-1,-1
256,2,157.57,34.94,191.28,445.01,0.8960,-1,-1,-1
256,17,344.44,134.84,58.86,177.58,0.7647,-1,-1,-1
256,61,525.06,1.04,115.12,477.44,0.9070,-1,-1,-1
256,64,417.29,168.96,37.04,129.78,0.5564,-1,-1,-1
256,71,43.37,177.94,47.17,99.95,0.6230,-1,-1,-1
256,73,431.12,140.71,82.38,190.62,0.8100,-1,-1,-1
256,75,497.59,163.77,44.97,137.91,0.5908,-1,-1,-1
257,2,166.55,35.51,186.53,442.84,0.8837,-1,-1,-1
257,17,345.45,133.35,53.71,176.28,0.7822,-1,-1,-1
257,61,523.02,0.09,115.68,478.79,0.9039,-1,-1,-1
257,64,415.56,167.45,33.95,130.86,0.2334,-1,-1,-1
257,71,21.96,177.53,59.25,101.66,0.6379,-1,-1,-1
257,73,424.54,138.98,85.71,195.58,0.8734,-1,-1,-1
257,75,491.33,166.78,49.97,142.41,0.6823,-1,-1,-1
257,76,62.63,132.10,82.54,175.06,0.7949,-1,-1,-1
258,2,156.59,29.66,196.67,447.99,0.8612,-1,-1,-1
258,17,342.72,132.91,54.49,178.46,0.7985,-1,-1,-1
258,61,494.20,-0.62,143.13,480.78,0.8379,-1,-1,-1
258,71,3.02,180.20,56.18,98.60,0.3842,-1,-1,-1
258,73,411.77,133.44,83.00,205.41,0.8205,-1,-1,-1
258,75,483.94,164.88,53.14,148.29,0.6868,-1,-1,-1
258,76,38.93,132.01,94.87,179.13,0.8589,-1,-1,-1
259,2,152.57,28.79,198.25,449.64,0.8737,-1,-1,-1
259,17,342.81,135.53,51.28,177.42,0.7992,-1,-1,-1
259,61,476.91,-0.37,159.11,481.36,0.8553,-1,-1,-1
259,71,-3.85,176.84,48.58,99.40,0.4509,-1,-1,-1
259,73,397.77,129.63,77.51,212.47,0.8711,-1,-1,-1
259,75,479.23,164.11,57.65,150.44,0.6150,-1,-1,-1
259,76,15.59,129.95,108.01,184.02,0.8813,-1,-1,-1
260,2,144.09,28.27,196.17,451.25,0.9072,-1,-1,-1
260,17,334.77,140.09,51.76,174.44,0.7811,-1,-1,-1
260,61,483.19,0.95,148.47,480.23,0.8915,-1,-1,-1
260,73,386.28,128.09,74.20,222.35,0.7486,-1,-1,-1
260,75,470.15,148.76,58.55,170.81,0.6934,-1,-1,-1
260,76,-2.20,127.85,107.75,191.05,0.8999,-1,-1,-1
261,2,134.39,27.60,193.24,452.65,0.8995,-1,-1,-1
261,17,323.57,144.82,55.32,172.17,0.8075,-1,-1,-1
261,61,480.55,1.55,151.02,479.04,0.9111,-1,-1,-1
261,73,361.47,128.82,91.95,230.87,0.8355,-1,-1,-1
261,75,462.95,146.55,51.25,178.60,0.6191,-1,-1,-1
261,76,-7.89,125.21,89.80,195.53,0.8625,-1,-1,-1
262,2,120.15,23.85,194.46,454.48,0.8415,-1,-1,-1
262,17,315.33,146.01,55.84,168.97,0.6457,-1,-1,-1
262,61,459.84,1.06,171.71,475.94,0.8910,-1,-1,-1
262,73,334.84,127.27,105.88,238.56,0.8337,-1,-1,-1
263,2,109.60,15.75,197.12,462.58,0.8953,-1,-1,-1
263,17,314.87,159.82,43.27,151.01,0.2169,-1,-1,-1
263,61,442.80,-0.62,191.35,476.57,0.9250,-1,-1,-1
263,73,318.09,121.75,107.26,252.35,0.8725,-1,-1,-1
264,2,103.36,11.79,196.29,465.90,0.8477,-1,-1,-1
264,61,434.50,-0.88,201.94,477.74,0.9050,-1,-1,-1
264,73,311.81,117.57,109.54,261.80,0.8487,-1,-1,-1
265,2,78.84,8.81,212.18,470.48,0.8510,-1,-1,-1
265,61,425.35,-0.03,209.66,477.42,0.9102,-1,-1,-1
265,73,288.30,110.48,92.37,275.73,0.7723,-1,-1,-1
266,2,77.80,7.27,212.48,471.83,0.8523,-1,-1,-1
266,61,421.75,-0.53,215.62,477.62,0.8698,-1,-1,-1
266,73,280.90,101.49,73.73,286.41,0.7699,-1,-1,-1
266,79,370.16,156.57,46.95,159.24,0.7845,-1,-1,-1
267,2,62.10,4.26,225.01,472.69,0.8257,-1,-1,-1
267,61,418.20,-2.20,220.80,477.11,0.9143,-1,-1,-1
267,73,259.05,89.61,81.14,294.23,0.7856,-1,-1,-1
267,79,360.54,147.51,59.67,164.21,0.7855,-1,-1,-1
267,80,318.00,140.22,49.50,158.38,0.8247,-1,-1,-1
268,2,45.03,0.32,240.27,477.42,0.7727,-1,-1,-1
268,61,419.66,-1.53,221.30,476.16,0.9181,-1,-1,-1
268,73,244.54,79.12,88.49,301.45,0.5002,-1,-1,-1
268,79,356.19,141.44,66.20,166.33,0.7798,-1,-1,-1
268,80,310.70,134.42,53.35,160.80,0.8494,-1,-1,-1
268,64,285.66,159.59,30.08,102.44,0.3467,-1,-1,-1
269,2,36.09,-1.81,255.48,479.74,0.8081,-1,-1,-1
269,61,417.75,-0.76,222.83,474.58,0.9117,-1,-1,-1
269,79,348.63,135.67,63.87,170.29,0.7764,-1,-1,-1
269,80,307.34,129.98,53.57,159.38,0.8000,-1,-1,-1
269,64,276.95,147.88,33.45,123.35,0.3927,-1,-1,-1
270,2,34.70,-7.38,256.07,480.38,0.8814,-1,-1,-1
270,61,407.29,-5.41,231.98,475.99,0.9088,-1,-1,-1
270,79,338.56,114.99,59.93,175.74,0.7991,-1,-1,-1
270,80,308.12,110.67,44.40,160.07,0.7387,-1,-1,-1
270,64,277.91,128.42,25.58,119.24,0.2886,-1,-1,-1
270,81,589.00,169.17,49.64,239.87,0.6833,-1,-1,-1
271,2,30.77,-12.15,260.32,478.44,0.8834,-1,-1,-1
271,61,401.25,-10.75,240.16,479.20,0.9133,-1,-1,-1
271,79,329.60,85.54,60.98,181.46,0.7889,-1,-1,-1
271,80,313.30,83.05,36.71,161.81,0.5844,-1,-1,-1
271,81,590.72,102.31,48.93,268.01,0.5437,-1,-1,-1
271,17,298.04,110.65,24.43,123.41,0.3437,-1,-1,-1
272,2,26.63,-16.63,253.95,459.74,0.7821,-1,-1,-1
272,61,396.66,-15.13,246.04,484.98,0.9158,-1,-1,-1
272,79,316.47,47.54,66.38,191.69,0.8086,-1,-1,-1
272,81,591.23,41.20,49.32,297.45,0.4047,-1,-1,-1
272,17,296.12,74.64,23.12,121.90,0.1774,-1,-1,-1
272,62,21.09,0.31,122.18,386.61,0.3724,-1,-1,-1
272,60,270.99,67.67,39.15,137.93,0.4070,-1,-1,-1
273,2,23.88,-4.16,250.93,451.32,0.6985,-1,-1,-1
273,61,395.91,-3.64,246.37,482.75,0.9118,-1,-1,-1
273,79,310.68,41.36,66.92,195.81,0.7510,-1,-1,-1
273,81,586.82,103.36,53.20,218.80,0.3695,-1,-1,-1
273,62,6.22,0.73,108.52,379.59,0.3712,-1,-1,-1
273,60,257.58,61.69,53.72,145.04,0.7548,-1,-1,-1
274,2,60.13,8.61,208.40,467.30,0.7080,-1,-1,-1
274,61,394.58,7.55,248.26,474.86,0.9034,-1,-1,-1
274,79,305.03,55.59,70.25,198.96,0.7752,-1,-1,-1
274,81,585.05,70.35,55.25,254.30,0.4814,-1,-1,-1
274,60,255.83,80.24,53.99,143.90,0.7571,-1,-1,-1
274,55,0.06,1.52,66.57,262.60,0.4690,-1,-1,-1
275,2,41.22,12.62,217.19,471.68,0.8454,-1,-1,-1
275,61,392.16,12.13,246.26,472.94,0.8676,-1,-1,-1
275,79,296.76,73.77,68.61,202.22,0.7900,-1,-1,-1
275,81,592.65,29.97,45.67,301.54,0.5052,-1,-1,-1
275,60,259.20,100.93,45.46,140.98,0.6510,-1,-1,-1
275,55,-0.96,58.17,58.61,247.90,0.6450,-1,-1,-1
275,64,249.88,107.35,22.53,109.64,0.3845,-1,-1,-1
276,2,40.69,17.04,212.89,467.97,0.8090,-1,-1,-1
276,61,399.50,16.64,240.81,475.09,0.9043,-1,-1,-1
276,79,292.68,102.68,71.39,204.79,0.8094,-1,-1,-1
276,81,601.78,100.05,37.77,255.51,0.4004,-1,-1,-1
276,60,259.48,133.08,47.20,135.34,0.4930,-1,-1,-1
276,64,247.66,138.34,23.12,111.04,0.2299,-1,-1,-1
277,2,42.67,9.99,202.64,446.88,0.8311,-1,-1,-1
277,61,400.97,10.69,237.71,477.85,0.9186,-1,-1,-1
277,79,283.41,112.89,70.98,209.63,0.7238,-1,-1,-1
277,81,597.11,58.64,41.55,308.38,0.4076,-1,-1,-1
277,60,249.56,143.79,41.61,132.63,0.4886,-1,-1,-1
278,2,26.58,4.84,209.18,466.55,0.8500,-1,-1,-1
278,61,396.73,4.04,230.46,477.38,0.9041,-1,-1,-1
278,79,269.16,113.77,73.96,216.43,0.7791,-1,-1,-1
278,81,589.84,82.32,48.05,283.14,0.4631,-1,-1,-1
278,60,238.17,148.12,39.71,128.79,0.5447,-1,-1,-1
279,2,7.97,22.98,209.16,456.87,0.8796,-1,-1,-1
279,61,379.46,5.78,226.79,476.09,0.8974,-1,-1,-1
279,79,251.10,129.76,77.03,221.77,0.7787,-1,-1,-1
279,81,576.09,69.76,58.83,307.86,0.8095,-1,-1,-1
279,84,313.48,148.81,53.40,144.08,0.6580,-1,-1,-1
279,85,187.81,142.72,61.28,194.18,0.7392,-1,-1,-1
280,2,-5.21,20.18,192.79,457.52,0.8899,-1,-1,-1
280,61,358.94,0.06,224.69,478.51,0.8895,-1,-1,-1
280,79,229.50,127.22,76.57,228.07,0.7875,-1,-1,-1
280,81,562.81,58.99,69.72,318.62,0.8290,-1,-1,-1
280,84,296.19,149.35,54.47,146.20,0.8051,-1,-1,-1
280,85,167.13,144.67,69.89,200.93,0.8066,-1,-1,-1
281,2,-11.66,1.99,158.39,474.49,0.9054,-1,-1,-1
281,61,331.05,-5.49,230.41,483.87,0.9069,-1,-1,-1
281,79,193.39,108.47,78.02,242.00,0.7881,-1,-1,-1
281,81,542.72,50.29,78.76,318.67,0.8293,-1,-1,-1
281,84,268.36,138.55,52.25,146.29,0.8328,-1,-1,-1
281,85,137.82,132.93,73.79,202.86,0.8363,-1,-1,-1
281,75,317.03,101.69,58.18,219.72,0.6757,-1,-1,-1
282,2,-3.72,4.92,119.84,474.66,0.8910,-1,-1,-1
282,61,327.88,2.07,230.56,486.08,0.9030,-1,-1,-1
282,79,165.82,110.52,79.08,254.53,0.8023,-1,-1,-1
282,81,533.89,85.88,76.77,306.94,0.4127,-1,-1,-1
282,84,258.54,146.42,43.46,145.48,0.8065,-1,-1,-1
282,85,133.53,135.70,45.85,196.03,0.6079,-1,-1,-1
282,75,293.59,88.68,70.90,273.17,0.5355,-1,-1,-1
282,64,113.27,156.37,32.76,149.43,0.6130,-1,-1,-1
283,2,3.36,18.45,113.42,460.81,0.8595,-1,-1,-1
283,61,348.04,4.91,228.76,484.01,0.8830,-1,-1,-1
283,79,154.99,118.03,86.39,263.68,0.8316,-1,-1,-1
283,81,535.37,126.90,74.39,291.27,0.3848,-1,-1,-1
283,84,264.62,159.02,36.96,144.66,0.7235,-1,-1,-1
283,75,306.43,120.32,70.66,276.30,0.6678,-1,-1,-1
283,64,112.51,166.44,40.42,149.48,0.6085,-1,-1,-1
284,2,6.47,17.75,119.82,460.38,0.8169,-1,-1,-1
284,61,377.81,1.40,225.68,483.61,0.8913,-1,-1,-1
284,79,154.78,114.24,91.25,272.86,0.8489,-1,-1,-1
284,81,556.40,141.35,62.60,285.46,0.2860,-1,-1,-1
284,84,276.32,161.06,38.80,143.94,0.7296,-1,-1,-1
284,75,320.14,126.83,78.22,287.62,0.7438,-1,-1,-1
284,64,119.34,164.94,42.09,153.27,0.7253,-1,-1,-1
284,86,299.44,86.44,67.33,224.45,0.5066,-1,-1,-1
285,2,6.25,15.59,129.54,463.43,0.8868,-1,-1,-1
285,61,409.32,-3.05,228.02,484.16,0.9175,-1,-1,-1
285,79,160.79,105.57,92.29,280.87,0.8549,-1,-1,-1
285,84,291.41,158.65,37.69,142.74,0.7029,-1,-1,-1
285,75,338.84,97.86,86.88,321.66,0.8513,-1,-1,-1
285,64,124.31,160.36,46.34,159.56,0.6721,-1,-1,-1
285,86,312.84,75.84,69.07,267.01,0.7349,-1,-1,-1
285,17,241.14,171.24,32.63,127.75,0.4861,-1,-1,-1
286,2,3.36,24.02,137.76,460.26,0.9024,-1,-1,-1
286,61,442.07,-2.09,209.41,488.48,0.9100,-1,-1,-1
286,79,164.95,104.46,93.64,290.50,0.8644,-1,-1,-1
286,84,305.38,145.26,38.40,162.38,0.1826,-1,-1,-1
286,75,356.31,85.02,99.64,355.09,0.8755,-1,-1,-1
286,64,129.26,163.60,44.45,165.16,0.6712,-1,-1,-1
286,86,319.72,73.64,75.57,288.45,0.6261,-1,-1,-1
286,17,254.28,174.12,34.02,130.91,0.4763,-1,-1,-1
287,2,1.80,33.40,144.77,451.36,0.8947,-1,-1,-1
287,61,472.05,-2.22,181.33,487.90,0.8892,-1,-1,-1
287,79,168.21,103.34,99.77,296.28,0.8161,-1,-1,-1
287,75,370.69,72.31,116.14,382.34,0.8855,-1,-1,-1
287,64,135.27,163.38,42.27,169.86,0.6259,-1,-1,-1
287,86,329.27,72.05,80.08,300.27,0.7646,-1,-1,-1
287,17,267.21,174.63,34.37,131.00,0.4458,-1,-1,-1
288,2,-0.12,37.45,151.19,446.06,0.8996,-1,-1,-1
288,61,502.72,-4.16,149.40,486.82,0.8587,-1,-1,-1
288,79,171.83,98.20,99.97,306.99,0.8313,-1,-1,-1
288,75,385.56,58.38,137.26,407.07,0.8844,-1,-1,-1
288,64,137.87,160.46,46.45,171.29,0.6094,-1,-1,-1
288,86,338.92,64.52,85.75,309.85,0.8195,-1,-1,-1
288,17,279.37,170.13,33.44,133.61,0.5886,-1,-1,-1
289,2,2.83,49.98,160.63,431.63,0.9024,-1,-1,-1
289,61,551.27,1.51,97.87,475.40,0.8151,-1,-1,-1
289,79,182.99,100.02,102.81,316.60,0.8151,-1,-1,-1
289,75,405.99,51.55,151.74,423.52,0.8817,-1,-1,-1
289,64,147.29,159.94,57.10,176.15,0.6040,-1,-1,-1
289,86,354.89,60.89,89.08,317.51,0.7690,-1,-1,-1
289,17,296.29,170.26,34.58,133.64,0.5497,-1,-1,-1
289,53,525.28,75.99,57.35,362.31,0.5403,-1,-1,-1
289,85,260.21,157.09,47.40,178.85,0.6808,-1,-1,-1
290,2,4.29,58.85,173.09,421.45,0.8948,-1,-1,-1
290,79,195.03,98.24,106.53,327.85,0.8002,-1,-1,-1
290,75,430.11,39.08,166.47,442.32,0.8745,-1,-1,-1
290,64,158.79,157.48,54.08,178.90,0.6925,-1,-1,-1
290,86,373.44,52.71,92.84,336.68,0.8410,-1,-1,-1
290,17,317.72,171.71,34.21,128.47,0.4800,-1,-1,-1
290,53,558.32,65.89,70.93,369.19,0.5660,-1,-1,-1
290,85,288.01,159.85,45.64,178.03,0.5818,-1,-1,-1
291,2,5.25,57.52,178.40,421.10,0.8691,-1,-1,-1
291,79,207.95,90.99,106.73,344.26,0.8386,-1,-1,-1
291,75,450.29,25.25,179.27,455.93,0.8856,-1,-1,-1
291,64,166.41,151.59,52.35,181.79,0.7067,-1,-1,-1
291,86,389.70,42.60,104.10,353.57,0.8330,-1,-1,-1
291,17,339.26,176.49,27.75,120.63,0.2178,-1,-1,-1
291,53,587.58,55.95,58.82,392.76,0.6427,-1,-1,-1
291,85,308.42,160.25,49.51,176.66,0.6888,-1,-1,-1
292,2,10.56,56.75,181.10,422.21,0.8850,-1,-1,-1
292,79,219.84,87.98,111.92,362.52,0.8385,-1,-1,-1
292,75,471.79,13.53,177.10,471.11,0.8920,-1,-1,-1
292,64,171.67,154.46,55.75,180.42,0.7101,-1,-1,-1
292,86,405.73,37.29,111.22,372.03,0.8805,-1,-1,-1
292,17,359.29,181.84,25.17,117.36,0.3406,-1,-1,-1
292,85,325.86,165.76,55.91,174.70,0.7875,-1,-1,-1
293,2,11.99,48.16,181.74,428.86,0.9074,-1,-1,-1
293,79,228.21,77.41,111.58,374.79,0.8477,-1,-1,-1
293,75,487.86,0.24,163.05,484.49,0.8871,-1,-1,-1
293,64,169.04,149.38,61.32,184.09,0.5395,-1,-1,-1
293,86,416.09,26.47,119.39,397.92,0.8619,-1,-1,-1
293,85,335.71,167.26,61.26,173.26,0.8566,-1,-1,-1
294,2,21.97,47.03,179.99,430.27,0.8777,-1,-1,-1
294,79,237.44,69.10,116.33,392.44,0.8386,-1,-1,-1
294,75,511.47,-2.64,140.12,486.35,0.8183,-1,-1,-1
294,64,173.47,169.16,61.40,166.50,0.2243,-1,-1,-1
294,86,429.16,18.13,129.57,420.88,0.8433,-1,-1,-1
294,85,351.46,167.25,64.52,174.08,0.8115,-1,-1,-1
295,2,34.00,48.43,180.89,429.07,0.7477,-1,-1,-1
295,79,243.34,59.66,122.42,410.81,0.8833,-1,-1,-1
295,75,533.34,41.18,116.74,440.42,0.8526,-1,-1,-1
295,86,440.40,9.11,141.29,440.98,0.8817,-1,-1,-1
295,85,369.62,165.92,62.78,171.67,0.7780,-1,-1,-1
296,2,12.78,55.10,208.32,421.90,0.8221,-1,-1,-1
296,79,247.98,52.37,126.20,424.09,0.8884,-1,-1,-1
296,75,553.31,55.59,93.63,425.00,0.7014,-1,-1,-1
296,86,448.79,2.16,152.81,459.12,0.8690,-1,-1,-1
296,85,384.75,165.18,60.05,174.09,0.8128,-1,-1,-1
296,88,219.79,195.02,40.42,115.01,0.7645,-1,-1,-1
297,2,4.40,56.00,222.63,419.95,0.8672,-1,-1,-1
297,79,246.86,37.66,133.50,440.34,0.8809,-1,-1,-1
297,86,456.53,-3.61,165.99,470.05,0.8799,-1,-1,-1
297,85,390.76,161.48,66.94,174.81,0.8627,-1,-1,-1
297,88,222.98,194.85,38.87,112.67,0.4856,-1,-1,-1
297,89,1.96,126.41,68.60,207.67,0.7810,-1,-1,-1
298,2,31.29,57.01,202.88,420.13,0.7866,-1,-1,-1
298,79,239.71,21.85,143.00,459.16,0.8797,-1,-1,-1
298,86,464.14,-4.22,174.68,482.67,0.9150,-1,-1,-1
298,85,400.25,164.35,79.57,172.05,0.8573,-1,-1,-1
298,89,-0.51,122.58,58.84,198.70,0.8388,-1,-1,-1
299,2,51.76,55.97,188.83,419.91,0.8572,-1,-1,-1
299,79,237.54,9.96,142.59,471.50,0.8843,-1,-1,-1
299,86,469.42,-3.44,173.40,485.76,0.9084,-1,-1,-1
299,85,405.99,166.95,85.00,169.06,0.8671,-1,-1,-1
299,89,-0.30,117.73,52.31,200.82,0.8598,-1,-1,-1
299,91,394.57,171.70,36.28,123.77,0.3710,-1,-1,-1
300,2,68.91,53.73,174.91,425.30,0.8131,-1,-1,-1
300,79,226.54,-0.89,149.01,482.79,0.8594,-1,-1,-1
300,86,481.58,-4.27,165.50,488.52,0.8959,-1,-1,-1
300,85,413.44,164.98,86.29,170.35,0.8894,-1,-1,-1
300,89,-1.51,131.94,56.92,199.87,0.8118,-1,-1,-1
300,91,405.01,173.16,33.26,120.31,0.4042,-1,-1,-1
300,92,369.60,167.76,48.08,137.35,0.7342,-1,-1,-1
301,2,82.34,50.11,156.83,427.19,0.8624,-1,-1,-1
301,79,211.93,-4.36,163.13,486.21,0.9034,-1,-1,-1
301,86,490.66,-3.06,153.29,486.03,0.9061,-1,-1,-1
301,85,419.49,163.67,82.09,170.92,0.8430,-1,-1,-1
301,89,-0.96,145.02,59.91,182.48,0.7264,-1,-1,-1
301,91,405.37,188.15,34.20,106.21,0.4450,-1,-1,-1
301,92,366.26,165.92,54.27,139.54,0.7594,-1,-1,-1
302,2,91.47,43.45,141.26,431.81,0.7945,-1,-1,-1
302,79,183.40,-7.13,176.58,489.15,0.8283,-1,-1,-1
302,86,504.85,-3.61,138.01,488.84,0.9075,-1,-1,-1
302,85,436.20,160.69,70.60,172.72,0.7802,-1,-1,-1
302,89,-2.77,145.52,54.53,172.54,0.6397,-1,-1,-1
302,91,403.91,172.28,34.51,122.23,0.2425,-1,-1,-1
302,92,361.42,164.15,67.77,142.90,0.6599,-1,-1,-1
303,79,122.88,-7.78,209.58,492.42,0.6799,-1,-1,-1
303,86,521.63,-3.41,121.35,491.09,0.9000,-1,-1,-1
303,85,448.90,159.48,70.18,174.51,0.7804,-1,-1,-1
303,91,387.17,165.57,51.67,138.44,0.6279,-1,-1,-1
303,92,373.15,163.12,63.90,144.73,0.6279,-1,-1,-1
303,93,47.17,102.12,88.66,310.56,0.6893,-1,-1,-1
303,94,335.38,192.43,31.54,118.28,0.6985,-1,-1,-1
304,79,101.43,-9.42,200.94,492.23,0.7526,-1,-1,-1
304,86,536.96,-2.47,104.71,490.81,0.8459,-1,-1,-1
304,85,459.07,157.49,66.89,174.90,0.8056,-1,-1,-1
304,91,381.98,160.16,55.18,143.11,0.6639,-1,-1,-1
304,92,380.15,160.01,58.28,143.34,0.6639,-1,-1,-1
304,93,6.50,92.44,112.12,303.74,0.8245,-1,-1,-1
304,94,333.98,190.90,46.82,122.79,0.6366,-1,-1,-1
304,95,284.80,160.17,60.74,156.68,0.5007,-1,-1,-1
305,79,80.88,-6.31,194.03,485.17,0.3601,-1,-1,-1
305,86,554.48,2.71,86.38,486.04,0.7596,-1,-1,-1
305,85,464.90,161.91,66.01,173.24,0.8322,-1,-1,-1
305,91,382.21,160.67,53.93,149.70,0.7339,-1,-1,-1
305,92,384.70,161.31,53.28,148.18,0.7339,-1,-1,-1
305,93,-7.31,90.11,138.13,303.34,0.8745,-1,-1,-1
305,94,333.55,190.48,57.33,127.08,0.7112,-1,-1,-1
305,95,293.46,157.20,57.04,161.76,0.5843,-1,-1,-1
305,97,276.58,156.97,37.77,151.57,0.5748,-1,-1,-1
305,98,527.14,151.70,68.53,226.92,0.7762,-1,-1,-1
305,64,1.48,91.94,142.20,301.28,0.8745,-1,-1,-1
306,79,21.30,-3.05,228.49,473.47,0.3534,-1,-1,-1
306,86,574.29,1.42,64.99,482.23,0.4578,-1,-1,-1
306,85,466.83,161.86,69.69,169.36,0.8049,-1,-1,-1
306,91,381.31,158.90,57.03,150.26,0.7649,-1,-1,-1
306,92,384.59,159.71,55.87,148.31,0.7649,-1,-1,-1
306,94,343.11,188.64,50.08,126.12,0.5545,-1,-1,-1
306,95,302.19,153.56,52.96,163.97,0.6876,-1,-1,-1
306,97,270.76,159.94,37.68,149.11,0.5980,-1,-1,-1
306,98,516.76,138.43,86.89,240.29,0.8043,-1,-1,-1
307,79,-1.67,-1.48,223.03,476.12,0.3875,-1,-1,-1
307,85,469.33,164.14,64.36,168.06,0.7173,-1,-1,-1
307,91,382.29,158.23,64.08,150.21,0.7865,-1,-1,-1
307,92,385.77,159.03,63.08,148.32,0.7865,-1,-1,-1
307,94,343.28,187.21,49.05,127.51,0.5542,-1,-1,-1
307,95,305.55,152.23,51.70,166.04,0.7663,-1,-1,-1
307,97,266.41,154.94,41.10,150.01,0.4168,-1,-1,-1
307,98,509.73,129.20,105.79,249.35,0.8132,-1,-1,-1
307,60,177.24,100.15,101.03,337.45,0.6156,-1,-1,-1
308,85,476.68,171.33,60.69,155.64,0.3117,-1,-1,-1
308,91,382.67,158.30,71.57,148.20,0.8040,-1,-1,-1
308,92,386.03,159.01,70.74,146.59,0.8040,-1,-1,-1
308,94,352.70,185.53,40.58,128.16,0.7032,-1,-1,-1
308,95,309.36,150.73,50.49,167.18,0.7903,-1,-1,-1
308,97,272.01,173.79,35.10,119.84,0.4042,-1,-1,-1
308,98,498.94,123.18,120.27,257.08,0.8262,-1,-1,-1
308,60,157.76,71.40,125.39,390.94,0.8631,-1,-1,-1
308,17,467.96,167.92,29.48,122.65,0.4673,-1,-1,-1
309,91,386.39,157.50,72.74,149.42,0.8140,-1,-1,-1
309,92,389.65,158.11,71.80,148.12,0.8140,-1,-1,-1
309,94,362.54,184.24,38.23,128.12,0.6370,-1,-1,-1
309,95,311.43,149.76,64.18,168.66,0.8433,-1,-1,-1
309,98,491.34,117.49,134.68,275.91,0.8728,-1,-1,-1
309,60,130.37,59.92,159.65,413.60,0.8760,-1,-1,-1
309,17,468.28,168.49,32.52,120.86,0.6658,-1,-1,-1
309,79,-7.17,0.31,134.63,474.65,0.5364,-1,-1,-1
310,91,389.97,158.97,67.11,152.40,0.7615,-1,-1,-1
310,92,392.96,159.50,66.04,151.30,0.7615,-1,-1,-1
310,94,364.02,185.70,50.02,130.39,0.6415,-1,-1,-1
310,95,308.24,151.68,74.42,170.96,0.8537,-1,-1,-1
310,98,490.76,117.60,141.33,290.17,0.8440,-1,-1,-1
310,60,110.41,74.65,178.48,405.22,0.8673,-1,-1,-1
310,17,464.86,174.18,36.15,117.99,0.6793,-1,-1,-1
310,99,81.35,89.77,82.34,292.99,0.6474,-1,-1,-1
311,91,392.03,159.42,63.35,156.12,0.7741,-1,-1,-1
311,92,394.61,159.88,62.34,155.17,0.7741,-1,-1,-1
311,94,364.38,187.04,55.18,132.41,0.6605,-1,-1,-1
311,95,301.07,152.48,81.98,173.30,0.8541,-1,-1,-1
311,98,488.86,114.75,147.45,311.94,0.8847,-1,-1,-1
311,60,108.16,78.73,176.63,403.53,0.8417,-1,-1,-1
311,17,460.13,177.09,37.63,116.11,0.7471,-1,-1,-1
311,99,47.63,78.91,103.55,345.07,0.8240,-1,-1,-1
312,91,393.29,156.10,63.66,161.28,0.7224,-1,-1,-1
312,92,395.67,156.29,62.70,160.55,0.7224,-1,-1,-1
312,94,363.95,188.81,58.07,133.26,0.6159,-1,-1,-1
312,95,295.26,151.89,88.03,176.71,0.8819,-1,-1,-1
312,98,485.30,107.27,152.93,328.91,0.8926,-1,-1,-1
312,60,105.52,69.69,176.56,412.93,0.8811,-1,-1,-1
312,17,454.99,177.60,37.92,115.12,0.7328,-1,-1,-1
312,99,9.51,67.05,123.69,382.55,0.8998,-1,-1,-1
313,91,394.49,156.54,62.43,162.55,0.7334,-1,-1,-1
313,92,396.59,156.66,61.54,161.90,0.7334,-1,-1,-1
313,94,361.01,188.83,56.86,136.40,0.6820,-1,-1,-1
313,95,294.30,150.79,87.22,179.88,0.8425,-1,-1,-1
313,98,480.68,97.76,153.48,345.98,0.8804,-1,-1,-1
313,60,101.25,69.02,175.97,413.82,0.8785,-1,-1,-1
313,17,447.90,178.24,38.61,113.62,0.7120,-1,-1,-1
313,99,-6.41,56.06,113.71,409.52,0.8864,-1,-1,-1
314,91,396.93,155.97,61.79,163.40,0.7813,-1,-1,-1
314,92,398.80,155.95,60.97,162.89,0.7813,-1,-1,-1
314,94,364.03,186.19,52.95,138.41,0.7039,-1,-1,-1
314,95,298.40,149.75,85.53,181.86,0.8190,-1,-1,-1
314,98,476.71,87.49,157.45,359.85,0.8714,-1,-1,-1
314,60,100.96,68.32,178.32,414.31,0.8714,-1,-1,-1
314,17,444.63,177.51,36.99,112.81,0.6567,-1,-1,-1
314,99,-8.99,46.13,97.54,431.02,0.8191,-1,-1,-1
315,91,404.24,159.35,66.42,163.04,0.7406,-1,-1,-1
315,92,405.86,159.26,65.76,162.62,0.7406,-1,-1,-1
315,94,374.29,189.42,50.74,142.69,0.6789,-1,-1,-1
315,95,310.70,152.42,73.01,185.28,0.8029,-1,-1,-1
315,98,476.98,80.59,164.43,385.71,0.8983,-1,-1,-1
315,60,106.69,70.75,179.54,412.89,0.8883,-1,-1,-1
315,17,443.89,187.80,37.02,104.54,0.1616,-1,-1,-1
316,91,413.49,156.38,64.12,162.60,0.7188,-1,-1,-1
316,92,414.96,156.29,63.50,162.22,0.7188,-1,-1,-1
316,94,376.95,187.16,66.19,145.31,0.8180,-1,-1,-1
316,95,318.26,146.79,69.60,190.70,0.7824,-1,-1,-1
316,98,478.42,68.24,165.12,408.02,0.9018,-1,-1,-1
316,60,112.36,65.50,181.22,415.84,0.8936,-1,-1,-1
316,103,16.15,146.66,69.62,179.74,0.8003,-1,-1,-1
316,2,117.45,64.41,178.36,416.55,0.8936,-1,-1,-1
317,91,425.27,155.80,60.63,165.85,0.7290,-1,-1,-1
317,92,426.50,155.71,60.08,165.54,0.7290,-1,-1,-1
317,94,386.78,187.36,73.98,147.76,0.5474,-1,-1,-1
317,95,325.13,143.81,76.68,195.74,0.8410,-1,-1,-1
317,98,484.65,55.14,159.93,425.82,0.9216,-1,-1,-1
317,60,120.16,64.57,181.21,415.52,0.8970,-1,-1,-1
317,103,28.94,146.27,58.74,178.57,0.8410,-1,-1,-1
317,2,126.17,65.39,178.83,412.69,0.8970,-1,-1,-1
318,91,434.63,156.04,59.65,166.72,0.7450,-1,-1,-1
318,92,435.64,155.93,59.20,166.45,0.7450,-1,-1,-1
318,94,397.51,185.36,75.01,151.03,0.7631,-1,-1,-1
318,95,329.27,141.64,82.22,199.91,0.8617,-1,-1,-1
318,98,489.99,43.45,155.14,439.58,0.9193,-1,-1,-1
318,60,125.88,65.80,185.28,415.11,0.8459,-1,-1,-1
318,103,33.21,146.38,58.22,179.26,0.8350,-1,-1,-1
318,2,132.08,67.03,183.35,411.16,0.8459,-1,-1,-1
319,91,444.52,150.56,59.91,170.12,0.6665,-1,-1,-1
319,92,445.39,150.40,59.51,169.91,0.6665,-1,-1,-1
319,94,408.90,182.74,74.85,152.09,0.5634,-1,-1,-1
319,95,334.28,129.53,92.40,211.96,0.8664,-1,-1,-1
319,98,500.15,21.19,146.43,459.48,0.9129,-1,-1,-1
319,60,134.37,68.47,183.52,410.44,0.8765,-1,-1,-1
319,103,38.30,145.74,60.44,177.76,0.8264,-1,-1,-1
319,2,140.44,69.59,181.66,406.34,0.8765,-1,-1,-1
320,91,458.33,145.59,59.63,174.24,0.4718,-1,-1,-1
320,92,459.11,145.41,59.28,174.07,0.4718,-1,-1,-1
320,94,421.86,174.10,69.05,159.14,0.6893,-1,-1,-1
320,95,337.61,128.60,100.48,211.42,0.8862,-1,-1,-1
320,98,514.19,3.19,131.97,477.34,0.8849,-1,-1,-1
320,60,146.04,71.45,180.63,407.18,0.8649,-1,-1,-1
320,103,36.87,142.99,69.27,177.55,0.8178,-1,-1,-1
320,2,151.50,72.43,178.94,403.42,0.8649,-1,-1,-1
321,91,476.45,140.88,60.19,178.08,0.2370,-1,-1,-1
321,94,453.44,171.05,50.91,161.36,0.5411,-1,-1,-1
321,95,347.36,123.99,103.98,215.98,0.8861,-1,-1,-1
321,98,541.30,29.05,106.52,450.77,0.3471,-1,-1,-1
321,60,165.70,58.22,174.39,421.54,0.8705,-1,-1,-1
321,103,44.80,136.92,71.02,179.45,0.8634,-1,-1,-1
321,2,170.60,58.61,172.79,418.52,0.8705,-1,-1,-1
322,94,473.45,161.91,61.68,169.60,0.6780,-1,-1,-1
322,95,359.32,115.93,104.98,221.23,0.8588,-1,-1,-1
322,60,181.39,46.15,172.30,434.97,0.8802,-1,-1,-1
322,103,55.65,129.33,67.71,179.60,0.8230,-1,-1,-1
322,2,185.52,46.45,170.96,432.20,0.8802,-1,-1,-1
322,106,544.28,157.91,39.96,137.72,0.4816,-1,-1,-1
322,107,147.78,112.09,67.28,196.51,0.7456,-1,-1,-1
322,108,344.36,156.36,47.99,135.54,0.5332,-1,-1,-1
323,94,487.04,160.94,63.80,170.52,0.5735,-1,-1,-1
323,95,381.42,113.35,99.28,225.29,0.8612,-1,-1,-1
323,60,196.07,41.28,175.14,440.35,0.9011,-1,-1,-1
323,103,71.69,126.69,62.50,176.97,0.8201,-1,-1,-1
323,2,199.75,41.28,173.96,437.99,0.9011,-1,-1,-1
323,106,547.28,151.92,53.63,143.78,0.5030,-1,-1,-1
323,107,145.45,105.29,76.80,213.75,0.8354,-1,-1,-1
323,108,360.11,156.37,50.51,117.56,0.4356,-1,-1,-1
323,110,468.91,164.67,36.74,108.71,0.7130,-1,-1,-1
324,94,493.11,156.50,88.80,174.49,0.7861,-1,-1,-1
324,95,399.35,107.79,88.07,229.34,0.8248,-1,-1,-1
324,60,204.11,32.94,178.00,447.20,0.9034,-1,-1,-1
324,103,78.51,122.25,60.41,176.29,0.7950,-1,-1,-1
324,2,207.33,32.83,177.00,445.19,0.9034,-1,-1,-1
324,106,550.60,154.30,55.36,158.94,0.2482,-1,-1,-1
324,107,138.34,97.46,83.30,223.46,0.8335,-1,-1,-1
324,108,370.06,150.18,52.89,159.78,0.5656,-1,-1,-1
324,110,474.90,162.57,35.48,108.56,0.6748,-1,-1,-1
325,94,509.05,152.54,92.45,178.24,0.7680,-1,-1,-1
325,95,417.31,101.38,81.13,236.57,0.8089,-1,-1,-1
325,60,213.19,31.71,181.30,449.37,0.9066,-1,-1,-1
325,103,71.16,121.67,71.96,176.95,0.7950,-1,-1,-1
325,2,216.16,31.50,180.37,447.59,0.9066,-1,-1,-1
325,106,563.72,162.00,45.89,154.44,0.3107,-1,-1,-1
325,107,127.24,92.06,88.39,239.95,0.8381,-1,-1,-1
325,108,379.77,145.21,53.51,175.42,0.7265,-1,-1,-1
325,110,476.47,171.30,34.34,95.73,0.1799,-1,-1,-1
326,94,525.66,150.73,85.18,180.40,0.6981,-1,-1,-1
326,95,429.42,98.28,77.47,242.91,0.8656,-1,-1,-1
326,60,215.68,34.20,183.75,446.96,0.8993,-1,-1,-1
326,103,67.44,123.29,81.56,178.08,0.7127,-1,-1,-1
326,2,218.27,33.95,182.93,445.38,0.8993,-1,-1,-1
326,106,579.43,165.85,40.08,151.32,0.4571,-1,-1,-1
326,107,116.68,89.15,91.95,249.35,0.8178,-1,-1,-1
326,108,386.51,142.73,51.88,181.80,0.6698,-1,-1,-1
326,91,515.71,117.96,74.55,197.02,0.4443,-1,-1,-1
327,94,553.62,145.12,75.51,183.62,0.8159,-1,-1,-1
327,95,434.86,93.51,84.32,248.55,0.8880,-1,-1,-1
327,60,218.67,35.56,187.33,444.03,0.8833,-1,-1,-1
327,103,70.61,123.59,75.51,176.55,0.6387,-1,-1,-1
327,2,220.97,35.28,186.59,442.63,0.8833,-1,-1,-1
327,106,568.51,150.01,61.04,176.48,0.8159,-1,-1,-1
327,107,101.47,82.38,96.86,259.55,0.8709,-1,-1,-1
327,108,393.45,139.62,53.11,184.09,0.7289,-1,-1,-1
327,91,516.78,113.48,83.09,200.72,0.7679,-1,-1,-1
328,94,567.13,143.31,73.59,189.81,0.7823,-1,-1,-1
328,95,433.45,92.30,96.13,252.23,0.8788,-1,-1,-1
328,60,212.15,38.78,200.98,439.56,0.8396,-1,-1,-1
328,103,62.67,132.22,69.90,169.18,0.2629,-1,-1,-1
328,2,214.16,38.48,200.36,438.34,0.8396,-1,-1,-1
328,106,568.37,145.91,69.27,189.19,0.7823,-1,-1,-1
328,107,88.41,78.60,95.90,275.57,0.7852,-1,-1,-1
328,108,400.33,138.75,50.26,153.44,0.3023,-1,-1,-1
328,91,519.70,111.18,88.46,209.56,0.4250,-1,-1,-1
328,112,-1.38,126.19,32.10,160.02,0.7583,-1,-1,-1
329,94,567.93,144.25,75.39,190.86,0.8077,-1,-1,-1
329,95,428.31,91.14,103.77,255.66,0.8939,-1,-1,-1
329,60,218.66,39.24,196.97,441.05,0.8232,-1,-1,-1
329,2,220.52,38.98,196.37,439.97,0.8232,-1,-1,-1
329,106,564.65,146.01,75.04,192.57,0.8077,-1,-1,-1
329,107,59.19,69.43,107.87,290.96,0.8753,-1,-1,-1
329,108,406.14,137.44,47.04,144.31,0.4208,-1,-1,-1
329,91,530.85,108.35,79.65,210.11,0.5157,-1,-1,-1
329,113,511.80,137.75,52.92,156.51,0.4948,-1,-1,-1
330,94,565.68,148.04,79.29,191.95,0.7780,-1,-1,-1
330,95,425.04,92.80,106.47,260.38,0.8873,-1,-1,-1
330,60,234.08,37.09,186.35,444.97,0.8506,-1,-1,-1
330,2,235.73,36.82,185.80,444.02,0.8506,-1,-1,-1
330,106,561.03,149.49,80.41,194.23,0.7780,-1,-1,-1
330,107,42.92,63.60,109.97,306.61,0.8381,-1,-1,-1
330,108,410.45,139.74,47.31,150.30,0.5149,-1,-1,-1
330,91,546.60,109.36,66.42,215.88,0.5737,-1,-1,-1
330,113,505.98,138.52,58.92,160.78,0.6628,-1,-1,-1
330,114,-1.55,130.62,47.71,156.93,0.6365,-1,-1,-1
331,95,427.96,92.42,104.09,264.38,0.8693,-1,-1,-1
331,60,240.33,33.20,183.40,447.90,0.8659,-1,-1,-1
331,2,241.70,32.93,182.93,447.07,0.8659,-1,-1,-1
331,106,561.50,123.61,68.00,219.04,0.7401,-1,-1,-1
331,107,23.77,54.61,115.05,320.35,0.8639,-1,-1,-1
331,108,399.40,140.01,65.34,180.34,0.6657,-1,-1,-1
331,91,559.32,109.43,59.81,225.07,0.7401,-1,-1,-1
331,113,500.50,137.87,62.68,162.56,0.5724,-1,-1,-1
331,114,-1.79,131.90,47.22,158.44,0.6217,-1,-1,-1
332,95,440.69,88.04,100.21,266.93,0.8648,-1,-1,-1
332,60,240.23,27.81,185.95,452.82,0.9126,-1,-1,-1
332,2,241.47,27.50,185.53,452.11,0.9126,-1,-1,-1
332,106,560.26,110.24,73.32,222.96,0.7998,-1,-1,-1
332,107,2.47,43.50,115.25,338.12,0.8851,-1,-1,-1
332,108,407.36,136.40,62.07,194.96,0.6836,-1,-1,-1
332,91,561.88,105.56,69.35,223.29,0.7998,-1,-1,-1
332,114,-2.27,131.52,32.79,159.37,0.1509,-1,-1,-1
333,95,452.83,87.49,90.89,267.66,0.8395,-1,-1,-1
333,60,243.41,25.66,183.21,455.68,0.8930,-1,-1,-1
333,2,244.49,25.37,182.84,455.04,0.8930,-1,-1,-1
333,106,559.44,108.29,79.51,228.84,0.8702,-1,-1,-1
333,107,-5.94,35.42,106.66,352.48,0.9165,-1,-1,-1
333,108,419.04,133.53,56.76,205.83,0.8001,-1,-1,-1
333,91,562.48,107.48,76.95,227.00,0.8702,-1,-1,-1
334,95,460.30,83.51,92.41,271.87,0.8788,-1,-1,-1
334,60,241.27,27.40,181.96,453.31,0.8954,-1,-1,-1
334,2,242.21,27.12,181.64,452.75,0.8954,-1,-1,-1
334,106,553.48,106.62,86.56,227.95,0.9007,-1,-1,-1
334,107,-9.18,26.24,81.59,366.96,0.8868,-1,-1,-1
334,108,419.21,130.32,60.27,213.41,0.8473,-1,-1,-1
334,91,556.93,107.14,84.62,225.37,0.9007,-1,-1,-1
334,103,38.91,121.14,60.95,176.51,0.6977,-1,-1,-1
335,95,464.06,84.10,90.93,272.74,0.8360,-1,-1,-1
335,60,241.33,28.99,179.58,449.55,0.9059,-1,-1,-1
335,2,242.14,28.73,179.31,449.07,0.9059,-1,-1,-1
335,106,548.86,108.88,90.98,225.58,0.8956,-1,-1,-1
335,107,-6.05,37.81,56.95,362.97,0.8330,-1,-1,-1
335,108,418.04,131.66,58.86,216.29,0.6963,-1,-1,-1
335,91,552.23,109.82,89.39,222.95,0.8956,-1,-1,-1
335,116,78.66,175.89,29.40,88.06,0.4101,-1,-1,-1
335,103,29.86,121.01,68.63,180.32,0.7376,-1,-1,-1
336,95,465.61,77.96,97.51,274.54,0.8487,-1,-1,-1
336,60,241.37,23.46,178.19,452.58,0.9050,-1,-1,-1
336,2,242.07,23.21,177.95,452.17,0.9050,-1,-1,-1
336,106,549.62,103.81,90.44,227.59,0.8826,-1,-1,-1
336,108,413.63,127.57,74.17,221.83,0.6553,-1,-1,-1
336,91,552.86,104.73,88.99,225.21,0.8826,-1,-1,-1
336,116,72.81,181.64,24.34,78.99,0.2167,-1,-1,-1
336,103,25.98,116.06,64.44,179.25,0.7521,-1,-1,-1
337,95,467.21,70.73,108.91,275.80,0.8443,-1,-1,-1
337,60,241.69,13.74,180.05,462.98,0.9129,-1,-1,-1
337,2,242.30,13.50,179.84,462.62,0.9129,-1,-1,-1
337,106,563.63,96.79,77.06,226.91,0.8723,-1,-1,-1
337,108,412.84,119.82,87.47,230.27,0.7624,-1,-1,-1
337,91,566.63,97.68,75.66,224.70,0.8723,-1,-1,-1
337,103,26.65,109.65,58.66,176.86,0.8423,-1,-1,-1
338,95,470.57,69.10,113.69,282.77,0.8408,-1,-1,-1
338,60,242.08,17.80,184.54,461.23,0.9027,-1,-1,-1
338,2,242.63,17.57,184.36,460.92,0.9027,-1,-1,-1
338,106,585.05,96.89,56.35,225.33,0.8011,-1,-1,-1
338,108,421.80,117.60,79.61,230.50,0.7688,-1,-1,-1
338,91,587.62,97.57,55.03,223.40,0.8011,-1,-1,-1
338,103,24.78,112.62,61.61,178.91,0.8275,-1,-1,-1
339,95,468.89,67.79,117.32,287.68,0.8681,-1,-1,-1
339,60,242.06,16.80,185.54,462.14,0.9062,-1,-1,-1
339,2,242.54,16.59,185.37,461.87,0.9062,-1,-1,-1
339,106,593.04,94.55,47.29,228.86,0.8486,-1,-1,-1
339,108,429.61,115.55,75.26,226.83,0.7680,-1,-1,-1
339,91,594.66,95.02,46.46,227.27,0.8486,-1,-1,-1
339,103,23.60,112.49,62.72,180.65,0.8276,-1,-1,-1
339,119,-0.86,157.27,28.79,134.39,0.4014,-1,-1,-1
340,95,470.32,66.31,126.57,290.50,0.8770,-1,-1,-1
340,60,243.43,12.82,189.45,466.51,0.8863,-1,-1,-1
340,2,243.85,12.62,189.30,466.28,0.8863,-1,-1,-1
340,106,602.08,93.68,38.53,230.60,0.8175,-1,-1,-1
340,108,451.89,115.61,61.85,220.15,0.7128,-1,-1,-1
340,91,603.26,94.02,37.93,229.20,0.8175,-1,-1,-1
340,103,16.64,111.81,84.44,182.80,0.8413,-1,-1,-1
340,119,-0.84,125.51,24.13,165.05,0.5376,-1,-1,-1
340,120,188.99,200.71,15.65,38.30,0.4480,-1,-1,-1
341,95,490.03,65.97,122.58,294.62,0.8618,-1,-1,-1
341,60,250.41,14.34,186.71,466.10,0.8715,-1,-1,-1
341,2,250.79,14.16,186.58,465.89,0.8715,-1,-1,-1
341,106,610.38,111.39,30.76,216.84,0.6625,-1,-1,-1
341,108,471.91,119.29,56.29,224.54,0.7191,-1,-1,-1
341,91,611.14,111.64,30.36,215.58,0.6625,-1,-1,-1
341,103,8.75,115.53,102.54,182.96,0.8640,-1,-1,-1
341,119,0.07,115.25,27.00,175.92,0.6964,-1,-1,-1
341,121,433.77,108.86,53.93,208.00,0.7800,-1,-1,-1
342,95,511.65,61.03,117.73,299.08,0.8154,-1,-1,-1
342,60,254.63,13.15,191.23,466.18,0.8401,-1,-1,-1
342,2,254.95,12.98,191.12,466.00,0.8401,-1,-1,-1
342,106,614.09,106.79,26.75,222.36,0.4782,-1,-1,-1
342,108,486.18,114.31,59.30,234.11,0.8003,-1,-1,-1
342,91,614.48,106.87,26.54,221.40,0.4782,-1,-1,-1
342,103,4.87,115.44,110.73,182.44,0.8865,-1,-1,-1
342,119,1.01,109.40,34.29,181.49,0.7069,-1,-1,-1
342,121,434.25,104.83,63.23,216.41,0.7182,-1,-1,-1
342,122,229.74,170.69,34.03,86.47,0.6955,-1,-1,-1
343,95,541.72,60.59,102.68,307.07,0.8511,-1,-1,-1
343,60,255.32,16.09,208.36,466.12,0.8245,-1,-1,-1
343,2,255.62,15.94,208.26,465.97,0.8245,-1,-1,-1
343,108,500.66,116.77,68.38,241.00,0.7783,-1,-1,-1
343,103,19.02,119.83,99.07,177.42,0.8432,-1,-1,-1
343,119,2.25,114.17,46.79,187.05,0.7693,-1,-1,-1
343,121,450.84,104.93,61.14,220.55,0.7998,-1,-1,-1
343,122,227.56,174.10,37.43,88.74,0.7600,-1,-1,-1
344,95,557.31,58.57,88.02,314.44,0.8875,-1,-1,-1
344,60,259.66,14.83,212.56,465.93,0.8382,-1,-1,-1
344,2,259.94,14.69,212.46,465.79,0.8382,-1,-1,-1
344,108,505.15,118.73,76.89,241.86,0.8537,-1,-1,-1
344,103,31.31,119.67,83.29,177.59,0.8142,-1,-1,-1
344,119,1.32,116.28,54.41,184.50,0.7613,-1,-1,-1
344,121,459.16,103.57,58.65,227.87,0.7392,-1,-1,-1
344,122,221.66,173.14,37.63,90.40,0.7700,-1,-1,-1
345,95,576.22,53.82,71.05,321.01,0.8783,-1,-1,-1
345,60,272.17,6.10,216.62,472.57,0.8087,-1,-1,-1
345,2,272.42,5.97,216.53,472.45,0.8087,-1,-1,-1
345,108,517.87,115.66,80.61,244.66,0.8285,-1,-1,-1
345,103,53.15,116.03,62.31,179.81,0.8050,-1,-1,-1
345,119,0.92,117.48,65.76,179.38,0.8403,-1,-1,-1
345,121,467.65,97.53,52.76,234.86,0.4731,-1,-1,-1
345,122,211.79,169.59,43.88,94.05,0.7456,-1,-1,-1
346,95,596.71,57.68,48.96,327.24,0.7633,-1,-1,-1
346,60,295.10,6.51,204.18,473.92,0.7968,-1,-1,-1
346,2,295.33,6.39,204.10,473.82,0.7968,-1,-1,-1
346,108,541.50,117.03,83.77,253.58,0.7942,-1,-1,-1
346,103,72.13,123.63,52.83,179.43,0.7773,-1,-1,-1
346,119,4.60,127.42,75.18,175.20,0.8447,-1,-1,-1
346,121,466.83,101.97,54.95,243.87,0.4935,-1,-1,-1
346,122,210.67,175.41,47.36,95.66,0.7929,-1,-1,-1
347,60,306.34,1.73,207.31,477.39,0.8326,-1,-1,-1
347,2,306.53,1.62,207.24,477.30,0.8326,-1,-1,-1
347,108,567.67,113.10,76.41,262.19,0.8130,-1,-1,-1
347,103,84.83,127.22,60.09,178.46,0.8375,-1,-1,-1
347,119,9.81,128.68,79.68,176.35,0.8244,-1,-1,-1
347,121,485.86,97.27,57.15,248.28,0.4443,-1,-1,-1
347,122,213.28,175.91,46.75,96.78,0.7566,-1,-1,-1
348,60,314.41,-0.95,205.43,478.77,0.7764,-1,-1,-1
348,2,314.57,-1.05,205.37,478.69,0.7764,-1,-1,-1
348,108,583.48,107.06,63.41,261.51,0.8473,-1,-1,-1
348,103,87.45,126.60,71.86,175.43,0.8690,-1,-1,-1
348,119,20.86,124.65,72.24,175.98,0.7701,-1,-1,-1
348,121,491.71,87.58,75.77,261.76,0.3049,-1,-1,-1
348,122,212.77,171.09,43.41,99.41,0.6570,-1,-1,-1
349,60,319.86,0.63,207.22,479.26,0.8062,-1,-1,-1
349,2,320.00,0.54,207.16,479.19,0.8062,-1,-1,-1
349,108,598.45,111.59,47.93,261.76,0.7199,-1,-1,-1
349,103,88.30,131.62,80.77,171.68,0.8357,-1,-1,-1
349,119,40.23,126.90,62.83,176.57,0.7852,-1,-1,-1
349,121,499.83,84.74,69.38,276.68,0.5499,-1,-1,-1
349,122,207.51,171.69,43.92,102.14,0.5479,-1,-1,-1
349,114,25.72,158.54,34.67,118.80,0.5405,-1,-1,-1
350,60,321.12,0.58,205.99,479.15,0.8556,-1,-1,-1
350,2,321.24,0.50,205.95,479.09,0.8556,-1,-1,-1
350,108,607.85,127.13,34.63,247.96,0.6293,-1,-1,-1
350,103,87.73,130.95,83.81,173.17,0.8514,-1,-1,-1
350,119,48.96,127.98,58.25,173.40,0.7859,-1,-1,-1
350,121,505.93,80.32,61.35,294.96,0.7982,-1,-1,-1
350,122,201.92,170.39,43.70,104.06,0.6748,-1,-1,-1
350,114,26.31,158.39,35.57,117.20,0.5303,-1,-1,-1
351,60,323.26,0.09,208.95,479.06,0.8401,-1,-1,-1
351,2,323.37,0.02,208.91,479.00,0.8401,-1,-1,-1
351,103,109.52,127.89,64.32,171.02,0.8051,-1,-1,-1
351,119,51.60,127.20,76.82,171.70,0.8459,-1,-1,-1
351,121,511.84,67.73,65.03,320.72,0.7698,-1,-1,-1
351,122,197.40,168.02,44.88,104.19,0.6916,-1,-1,-1
351,114,25.50,154.84,40.42,118.56,0.5894,-1,-1,-1
352,60,326.06,-0.32,201.62,477.36,0.8305,-1,-1,-1
352,2,326.17,-0.39,201.58,477.31,0.8305,-1,-1,-1
352,103,128.46,126.04,54.95,170.07,0.8240,-1,-1,-1
352,119,53.41,128.49,92.82,168.06,0.8871,-1,-1,-1
352,121,512.59,59.35,82.87,342.43,0.5611,-1,-1,-1
352,122,193.42,165.62,46.35,107.17,0.7718,-1,-1,-1
352,114,26.84,152.17,45.51,119.75,0.3489,-1,-1,-1
353,60,330.00,-1.81,205.30,477.75,0.8403,-1,-1,-1
353,2,330.09,-1.87,205.27,477.71,0.8403,-1,-1,-1
353,103,142.49,121.84,54.94,170.75,0.8178,-1,-1,-1
353,119,57.84,129.28,96.80,163.62,0.8760,-1,-1,-1
353,121,516.38,47.88,99.91,366.09,0.8688,-1,-1,-1
353,122,194.03,160.88,45.12,109.08,0.5693,-1,-1,-1
353,114,29.09,145.89,45.14,122.57,0.3288,-1,-1,-1
353,125,0.38,91.75,38.59,254.42,0.7840,-1,-1,-1
354,60,331.26,1.71,208.93,475.78,0.8394,-1,-1,-1
354,2,331.34,1.65,208.90,475.74,0.8394,-1,-1,-1
354,103,152.26,126.18,60.09,170.71,0.8322,-1,-1,-1
354,119,65.36,133.69,93.20,162.43,0.8426,-1,-1,-1
354,121,521.64,45.04,110.70,381.81,0.9041,-1,-1,-1
354,122,194.98,164.62,40.31,107.03,0.6842,-1,-1,-1
354,114,33.56,147.42,44.32,124.70,0.2613,-1,-1,-1
354,125,1.05,90.34,43.03,261.68,0.7611,-1,-1,-1
354,126,530.97,57.63,38.34,69.34,0.5130,-1,-1,-1
355,60,330.50,1.40,220.56,475.42,0.7049,-1,-1,-1
355,2,330.57,1.34,220.53,475.39,0.7049,-1,-1,-1
355,103,155.82,132.79,78.79,168.16,0.8619,-1,-1,-1
355,119,87.06,135.37,83.68,162.17,0.8368,-1,-1,-1
355,121,539.26,36.72,103.06,400.90,0.8924,-1,-1,-1
355,125,0.35,76.00,65.27,294.02,0.8493,-1,-1,-1
355,126,537.26,49.86,45.42,100.31,0.5609,-1,-1,-1
356,60,328.78,-1.66,230.48,472.08,0.6621,-1,-1,-1
356,2,328.84,-1.70,230.46,472.05,0.6621,-1,-1,-1
356,103,153.98,128.86,86.64,166.42,0.8628,-1,-1,-1
356,119,105.56,127.89,68.87,162.68,0.7902,-1,-1,-1
356,121,552.20,18.51,90.92,418.18,0.8952,-1,-1,-1
356,125,-1.09,48.40,77.35,315.81,0.8704,-1,-1,-1
356,126,540.16,35.44,51.00,123.73,0.2728,-1,-1,-1
357,60,326.99,-1.46,233.86,478.12,0.7511,-1,-1,-1
357,2,327.04,-1.50,233.84,478.10,0.7511,-1,-1,-1
357,103,157.19,127.05,83.07,166.48,0.8381,-1,-1,-1
357,119,120.36,125.44,59.90,161.74,0.7951,-1,-1,-1
357,121,569.44,11.59,73.76,455.87,0.7955,-1,-1,-1
357,125,-2.81,37.03,98.18,319.07,0.9116,-1,-1,-1
358,60,328.52,1.89,234.51,478.61,0.7974,-1,-1,-1
358,2,328.57,1.85,234.49,478.59,0.7974,-1,-1,-1
358,103,169.44,130.19,68.50,165.09,0.7143,-1,-1,-1
358,119,126.68,130.70,59.67,161.60,0.8413,-1,-1,-1
358,121,582.27,45.51,58.57,415.22,0.7906,-1,-1,-1
358,125,-0.83,39.40,107.25,316.11,0.9061,-1,-1,-1
358,113,534.80,20.58,79.88,374.98,0.8244,-1,-1,-1
359,60,328.79,21.28,230.10,464.47,0.8331,-1,-1,-1
359,2,328.84,21.25,230.08,464.45,0.8331,-1,-1,-1
359,103,183.45,153.96,51.90,163.75,0.7842,-1,-1,-1
359,119,122.12,158.21,70.31,157.95,0.8435,-1,-1,-1
359,121,591.73,82.25,46.48,387.80,0.7897,-1,-1,-1
359,125,0.07,70.58,104.39,311.20,0.9116,-1,-1,-1
359,113,531.69,44.63,80.95,383.94,0.8600,-1,-1,-1
360,60,332.60,28.87,228.47,453.83,0.8131,-1,-1,-1
360,2,332.64,28.84,228.46,453.82,0.8131,-1,-1,-1
360,103,193.37,161.19,43.76,164.45,0.8011,-1,-1,-1
360,119,121.91,163.30,74.10,161.89,0.8403,-1,-1,-1
360,125,0.97,80.05,100.48,311.97,0.9074,-1,-1,-1
360,113,534.93,45.97,92.43,399.90,0.8534,-1,-1,-1
361,60,332.74,19.39,228.15,455.58,0.8067,-1,-1,-1
361,2,332.78,19.36,228.13,455.56,0.8067,-1,-1,-1
361,103,190.73,156.73,46.58,164.80,0.8306,-1,-1,-1
361,119,117.94,159.96,73.02,161.24,0.8033,-1,-1,-1
361,125,-2.87,73.22,96.92,317.38,0.9181,-1,-1,-1
361,113,528.57,25.45,107.82,419.10,0.8875,-1,-1,-1
362,60,333.39,11.57,224.60,462.40,0.8219,-1,-1,-1
362,2,333.42,11.55,224.58,462.38,0.8219,-1,-1,-1
362,103,184.35,152.91,52.27,163.26,0.8650,-1,-1,-1
362,119,128.55,153.83,57.55,157.42,0.7194,-1,-1,-1
362,125,-3.49,64.21,95.35,323.35,0.8995,-1,-1,-1
362,113,525.25,5.08,113.36,439.22,0.8871,-1,-1,-1
363,60,339.38,12.74,222.54,461.90,0.8706,-1,-1,-1
363,2,339.41,12.72,222.53,461.89,0.8706,-1,-1,-1
363,103,183.37,156.77,59.01,162.43,0.8109,-1,-1,-1
363,119,138.43,155.61,50.53,155.86,0.7851,-1,-1,-1
363,125,-0.81,66.36,100.51,327.08,0.8985,-1,-1,-1
363,113,530.65,0.46,111.65,451.45,0.8737,-1,-1,-1
363,129,99.85,174.81,45.33,135.31,0.7428,-1,-1,-1
364,60,349.31,17.93,213.25,458.33,0.8308,-1,-1,-1
364,2,349.34,17.91,213.24,458.32,0.8308,-1,-1,-1
364,103,184.88,164.02,59.91,162.91,0.8289,-1,-1,-1
364,119,146.05,163.03,48.17,156.37,0.8068,-1,-1,-1
364,125,-0.62,74.55,106.91,329.34,0.8798,-1,-1,-1
364,113,540.63,1.46,102.98,470.85,0.8256,-1,-1,-1
364,129,95.90,180.58,46.77,137.62,0.7116,-1,-1,-1
365,60,351.27,21.71,205.24,457.49,0.8641,-1,-1,-1
365,2,351.29,21.70,205.23,457.49,0.8641,-1,-1,-1
365,103,190.21,169.09,52.73,160.76,0.8368,-1,-1,-1
365,119,144.38,168.40,51.54,156.72,0.8375,-1,-1,-1
365,125,-1.38,81.87,107.19,327.18,0.8847,-1,-1,-1
365,113,544.98,24.57,95.74,455.73,0.8246,-1,-1,-1
365,129,83.93,179.58,49.66,144.18,0.3854,-1,-1,-1
366,60,351.94,14.61,199.02,465.80,0.8090,-1,-1,-1
366,2,351.96,14.60,199.01,465.79,0.8090,-1,-1,-1
366,103,191.55,155.71,48.98,161.78,0.8535,-1,-1,-1
366,119,132.92,159.23,73.59,155.09,0.8549,-1,-1,-1
366,125,-3.95,67.87,104.35,329.25,0.8833,-1,-1,-1
366,113,565.62,22.52,74.53,459.44,0.8544,-1,-1,-1
366,129,68.05,166.55,38.98,145.99,0.1963,-1,-1,-1
367,60,359.71,10.41,199.74,468.67,0.7831,-1,-1,-1
367,2,359.72,10.40,199.74,468.66,0.7831,-1,-1,-1
367,103,201.51,147.60,49.04,160.18,0.8118,-1,-1,-1
367,119,135.99,151.69,76.34,153.28,0.8683,-1,-1,-1
367,125,0.07,60.28,111.83,326.72,0.6887,-1,-1,-1
367,113,592.02,28.31,50.42,454.49,0.4231,-1,-1,-1
367,129,66.15,156.24,36.14,147.00,0.1716,-1,-1,-1
367,126,602.02,35.46,38.10,258.41,0.6350,-1,-1,-1
368,60,370.05,13.62,203.69,462.19,0.7972,-1,-1,-1
368,2,370.07,13.61,203.68,462.19,0.7972,-1,-1,-1
368,103,213.66,149.17,53.62,158.69,0.8367,-1,-1,-1
368,119,145.07,154.50,75.16,151.11,0.8737,-1,-1,-1
368,125,4.10,64.17,120.69,324.64,0.9084,-1,-1,-1
369,60,380.76,16.30,207.34,460.12,0.7992,-1,-1,-1
369,2,380.77,16.29,207.33,460.11,0.7992,-1,-1,-1
369,103,223.94,155.60,62.62,158.12,0.8792,-1,-1,-1
369,119,159.75,160.32,71.78,150.76,0.8360,-1,-1,-1
369,125,5.54,75.25,133.14,313.47,0.9081,-1,-1,-1
370,60,377.58,25.48,169.85,445.52,0.3531,-1,-1,-1
370,2,402.35,13.35,193.12,463.41,0.7041,-1,-1,-1
370,103,222.85,160.52,67.25,156.54,0.8730,-1,-1,-1
370,119,171.02,162.54,63.96,148.78,0.8049,-1,-1,-1
370,125,1.27,78.39,138.93,307.13,0.9045,-1,-1,-1
370,130,0.03,208.37,30.34,155.55,0.4450,-1,-1,-1
371,60,378.21,12.44,214.46,463.62,0.7239,-1,-1,-1
371,2,386.95,7.77,219.91,469.76,0.7239,-1,-1,-1
371,103,223.42,159.67,67.09,156.73,0.8603,-1,-1,-1
371,119,184.11,158.28,54.75,151.48,0.8103,-1,-1,-1
371,125,-0.14,75.14,139.25,307.98,0.8934,-1,-1,-1
371,130,-0.18,215.46,39.91,155.49,0.2539,-1,-1,-1
372,60,389.55,3.67,231.57,471.28,0.7739,-1,-1,-1
372,2,393.08,1.78,233.67,473.42,0.7739,-1,-1,-1
372,103,231.44,159.25,64.45,155.37,0.8309,-1,-1,-1
372,119,194.92,158.27,52.17,151.30,0.8387,-1,-1,-1
372,125,5.93,73.84,137.79,308.00,0.8884,-1,-1,-1
372,130,1.33,176.83,43.00,198.35,0.4373,-1,-1,-1
373,60,392.90,0.37,246.23,475.69,0.7730,-1,-1,-1
373,2,394.13,-0.37,246.72,476.31,0.7730,-1,-1,-1
373,103,247.22,158.17,59.57,156.29,0.8102,-1,-1,-1
373,119,206.49,159.10,54.46,150.67,0.7865,-1,-1,-1
373,125,17.47,78.59,136.95,307.51,0.8768,-1,-1,-1
373,130,2.27,131.87,42.39,247.58,0.5748,-1,-1,-1
374,60,398.10,-0.31,247.53,479.16,0.8052,-1,-1,-1
374,2,398.44,-0.57,247.30,479.24,0.8052,-1,-1,-1
374,103,264.28,158.91,50.31,156.66,0.8150,-1,-1,-1
374,119,214.21,163.45,58.61,148.26,0.8291,-1,-1,-1
374,125,25.15,83.54,137.07,309.96,0.9135,-1,-1,-1
374,130,1.55,109.62,47.73,273.48,0.8111,-1,-1,-1
374,132,187.56,221.22,20.36,49.17,0.6453,-1,-1,-1
375,60,413.03,-1.14,232.98,482.11,0.8331,-1,-1,-1
375,2,413.07,-1.20,232.46,481.99,0.8331,-1,-1,-1
375,103,273.33,157.79,46.14,157.46,0.8192,-1,-1,-1
375,119,217.13,163.74,59.88,147.75,0.8252,-1,-1,-1
375,125,28.64,80.10,132.54,317.56,0.9087,-1,-1,-1
375,130,-0.32,96.96,50.97,287.88,0.8408,-1,-1,-1
375,132,188.54,221.28,18.46,48.20,0.4484,-1,-1,-1
376,60,425.57,-0.75,220.03,483.36,0.8702,-1,-1,-1
376,2,425.50,-0.74,219.47,483.18,0.8702,-1,-1,-1
376,103,278.87,159.18,45.14,155.72,0.8114,-1,-1,-1
376,119,222.34,162.90,56.90,149.47,0.8276,-1,-1,-1
376,125,32.53,79.35,132.23,316.22,0.8995,-1,-1,-1
376,130,-1.55,91.37,58.14,293.59,0.8471,-1,-1,-1
376,132,187.81,219.63,18.56,48.51,0.4895,-1,-1,-1
377,60,448.34,11.37,195.30,471.07,0.8271,-1,-1,-1
377,2,448.28,11.42,194.74,470.86,0.8271,-1,-1,-1
377,103,281.25,160.50,46.36,154.73,0.8217,-1,-1,-1
377,119,229.24,160.42,50.64,147.37,0.8411,-1,-1,-1
377,125,34.76,74.09,136.02,316.95,0.9036,-1,-1,-1
377,130,-1.78,87.11,63.57,299.88,0.8691,-1,-1,-1
377,132,186.19,217.66,19.72,49.48,0.5288,-1,-1,-1
377,133,446.94,193.08,40.01,89.84,0.6946,-1,-1,-1
378,60,473.98,21.95,168.62,458.92,0.7827,-1,-1,-1
378,2,473.95,22.00,168.11,458.72,0.7827,-1,-1,-1
378,103,283.37,160.26,47.47,155.69,0.7886,-1,-1,-1
378,119,234.42,159.60,46.42,147.75,0.8088,-1,-1,-1
378,125,40.94,72.48,133.84,310.43,0.9042,-1,-1,-1
378,130,-2.05,86.61,66.94,302.33,0.8417,-1,-1,-1
378,132,186.26,217.05,19.16,49.14,0.4006,-1,-1,-1
378,133,449.29,193.59,39.94,91.55,0.7469,-1,-1,-1
379,60,499.18,35.01,142.33,444.92,0.8235,-1,-1,-1
379,2,499.19,35.07,141.89,444.75,0.8235,-1,-1,-1
379,103,287.45,156.70,47.39,154.90,0.8250,-1,-1,-1
379,119,237.79,158.28,44.58,147.72,0.7581,-1,-1,-1
379,125,42.78,70.43,132.03,311.26,0.9090,-1,-1,-1
379,130,-2.85,86.85,61.67,292.41,0.8316,-1,-1,-1
379,132,184.43,214.49,18.70,49.52,0.1953,-1,-1,-1
379,133,447.68,191.48,41.39,89.42,0.7358,-1,-1,-1
380,60,527.09,50.91,112.73,429.34,0.7982,-1,-1,-1
380,2,527.12,50.96,112.40,429.19,0.7982,-1,-1,-1
380,103,291.41,159.02,45.49,153.67,0.8534,-1,-1,-1
380,119,238.75,161.37,50.58,147.63,0.7777,-1,-1,-1
380,125,41.47,71.82,130.42,316.07,0.9091,-1,-1,-1
380,130,-2.43,91.67,58.12,289.07,0.8308,-1,-1,-1
380,132,177.95,217.14,20.33,50.40,0.1792,-1,-1,-1
380,133,444.96,193.41,41.15,91.12,0.7601,-1,-1,-1
381,60,549.84,73.31,89.17,406.41,0.8514,-1,-1,-1
381,2,549.86,73.36,88.96,406.28,0.8514,-1,-1,-1
381,103,293.04,161.78,45.69,154.35,0.8393,-1,-1,-1
381,119,236.39,167.77,56.40,145.45,0.8033,-1,-1,-1
381,125,38.27,75.18,128.34,321.70,0.9010,-1,-1,-1
381,130,-2.67,102.02,53.13,281.91,0.8099,-1,-1,-1
381,132,172.55,219.04,20.94,52.60,0.3524,-1,-1,-1
381,133,442.54,195.91,41.95,91.59,0.6528,-1,-1,-1
381,134,509.00,165.34,64.84,167.21,0.7992,-1,-1,-1
382,60,572.47,107.16,66.58,369.64,0.8172,-1,-1,-1
382,2,572.49,107.22,66.44,369.54,0.8172,-1,-1,-1
382,103,292.06,159.39,50.23,156.05,0.8302,-1,-1,-1
382,119,232.56,168.76,58.30,144.09,0.7872,-1,-1,-1
382,125,33.46,74.93,125.60,328.13,0.8928,-1,-1,-1
382,130,-3.18,114.14,45.16,236.22,0.7745,-1,-1,-1
382,132,167.27,218.53,19.98,51.50,0.2447,-1,-1,-1
382,133,444.82,194.47,39.27,90.63,0.5538,-1,-1,-1
382,134,508.31,163.72,74.62,171.88,0.8205,-1,-1,-1
383,60,591.88,201.08,47.33,277.00,0.6736,-1,-1,-1
383,2,591.89,201.15,47.27,276.90,0.6736,-1,-1,-1
383,103,289.76,161.24,55.81,158.52,0.8608,-1,-1,-1
383,119,228.63,171.73,59.05,144.31,0.8325,-1,-1,-1
383,125,23.78,76.13,125.68,334.87,0.9024,-1,-1,-1
383,130,-2.93,129.85,40.07,210.23,0.7271,-1,-1,-1
383,132,160.54,232.76,19.90,40.27,0.2159,-1,-1,-1
383,133,441.88,199.33,37.11,87.40,0.5164,-1,-1,-1
383,134,504.17,163.85,86.51,178.81,0.8430,-1,-1,-1
384,103,283.99,159.96,56.40,157.91,0.8820,-1,-1,-1
384,119,227.47,166.86,58.98,144.39,0.8165,-1,-1,-1
384,125,8.13,72.65,126.82,335.49,0.8993,-1,-1,-1
384,130,-3.23,162.76,28.93,161.41,0.5620,-1,-1,-1
384,132,150.07,221.33,20.05,49.09,0.2843,-1,-1,-1
384,133,433.44,195.87,41.52,87.78,0.5954,-1,-1,-1
384,134,505.61,154.30,86.43,185.76,0.8693,-1,-1,-1
385,103,283.79,159.62,55.96,157.47,0.8696,-1,-1,-1
385,119,233.39,163.49,54.09,145.16,0.8233,-1,-1,-1
385,125,1.82,68.16,126.70,334.26,0.9165,-1,-1,-1
385,132,146.50,229.58,18.65,39.29,0.2529,-1,-1,-1
385,133,431.95,194.39,42.24,86.66,0.7242,-1,-1,-1
385,134,510.69,148.99,82.76,192.28,0.8483,-1,-1,-1
386,103,283.27,157.66,54.43,157.51,0.8676,-1,-1,-1
386,119,236.15,160.48,51.33,147.98,0.8104,-1,-1,-1
386,125,-1.79,63.95,122.78,336.58,0.9177,-1,-1,-1
386,132,138.93,234.21,17.67,34.82,0.2125,-1,-1,-1
386,133,427.23,192.11,43.03,86.55,0.6964,-1,-1,-1
386,134,519.56,144.36,66.00,203.63,0.8515,-1,-1,-1
387,103,285.31,153.94,49.29,158.51,0.8399,-1,-1,-1
387,119,234.27,159.10,53.04,148.55,0.8193,-1,-1,-1
387,125,-3.16,58.47,119.03,346.09,0.9154,-1,-1,-1
387,133,421.02,190.77,42.20,86.81,0.6860,-1,-1,-1
387,134,522.13,138.32,67.88,217.97,0.8725,-1,-1,-1
388,103,287.57,154.72,45.57,159.39,0.8042,-1,-1,-1
388,119,234.54,162.33,51.98,147.19,0.8594,-1,-1,-1
388,125,-1.99,57.15,113.25,354.61,0.9080,-1,-1,-1
388,133,417.54,190.76,40.64,88.68,0.5981,-1,-1,-1
388,134,522.60,135.95,69.37,228.78,0.8618,-1,-1,-1
389,103,284.75,162.03,45.37,159.31,0.7682,-1,-1,-1
389,119,229.71,170.24,52.49,144.89,0.8681,-1,-1,-1
389,125,-2.46,60.37,108.16,357.38,0.9008,-1,-1,-1
389,133,422.16,196.67,29.67,87.63,0.4452,-1,-1,-1
389,134,522.84,136.77,72.40,241.49,0.8784,-1,-1,-1
390,103,277.47,161.71,49.59,156.01,0.8282,-1,-1,-1
390,119,223.25,167.36,53.55,147.69,0.8404,-1,-1,-1
390,125,-2.93,57.72,98.58,347.76,0.8814,-1,-1,-1
390,133,406.75,194.34,36.43,86.11,0.6970,-1,-1,-1
390,134,519.93,127.36,75.11,252.63,0.8743,-1,-1,-1
390,132,101.39,221.32,21.44,51.65,0.3754,-1,-1,-1
391,103,269.00,161.87,49.13,154.25,0.7900,-1,-1,-1
391,119,215.96,164.67,51.01,144.60,0.8555,-1,-1,-1
391,125,-3.16,81.43,83.64,323.23,0.8843,-1,-1,-1
391,133,396.01,192.09,36.06,84.56,0.6724,-1,-1,-1
391,134,508.92,116.58,91.78,265.36,0.8818,-1,-1,-1
391,132,87.69,217.28,23.47,55.53,0.2097,-1,-1,-1
392,103,264.51,158.60,49.90,156.57,0.7479,-1,-1,-1
392,119,213.35,161.95,48.20,145.04,0.8308,-1,-1,-1
392,125,-1.42,92.15,68.25,314.86,0.8573,-1,-1,-1
392,133,388.65,192.06,36.41,80.21,0.7530,-1,-1,-1
392,134,501.86,109.19,110.95,275.51,0.8903,-1,-1,-1
392,132,76.27,218.52,23.90,54.38,0.3589,-1,-1,-1
392,139,350.19,217.23,13.32,32.90,0.3846,-1,-1,-1
393,103,260.09,162.99,51.91,154.32,0.8069,-1,-1,-1
393,119,210.25,164.57,46.67,148.20,0.8187,-1,-1,-1
393,125,-0.62,101.86,54.09,311.10,0.7828,-1,-1,-1
393,133,382.82,196.28,36.94,81.60,0.7256,-1,-1,-1
393,134,494.43,107.06,136.90,296.87,0.9025,-1,-1,-1
393,139,342.52,219.91,13.01,33.77,0.4788,-1,-1,-1
394,103,261.75,162.34,51.28,154.02,0.7966,-1,-1,-1
394,119,212.63,165.00,45.87,149.37,0.8239,-1,-1,-1
394,125,1.31,104.59,61.98,311.48,0.6979,-1,-1,-1
394,133,382.94,196.24,37.29,82.45,0.7380,-1,-1,-1
394,134,494.84,103.25,145.80,311.21,0.9112,-1,-1,-1
394,139,342.32,220.83,12.57,33.59,0.3722,-1,-1,-1
395,103,256.21,158.83,51.15,154.63,0.8398,-1,-1,-1
395,119,208.18,161.56,49.99,149.91,0.8530,-1,-1,-1
395,125,-0.28,103.72,42.12,253.27,0.6573,-1,-1,-1
395,133,377.51,193.16,37.08,83.44,0.7644,-1,-1,-1
395,134,489.36,94.23,152.95,332.01,0.9142,-1,-1,-1
395,139,335.68,218.52,11.92,33.08,0.2936,-1,-1,-1
395,132,54.91,214.85,23.99,59.08,0.5390,-1,-1,-1
396,103,253.91,161.21,49.13,155.30,0.8373,-1,-1,-1
396,119,204.24,165.68,54.59,149.97,0.8394,-1,-1,-1
396,125,-0.19,110.03,26.86,228.63,0.6883,-1,-1,-1
396,133,373.33,196.86,36.05,82.73,0.7302,-1,-1,-1
396,134,488.43,88.89,155.54,356.15,0.9193,-1,-1,-1
396,139,328.82,221.15,11.75,32.88,0.2307,-1,-1,-1
396,132,45.41,221.46,23.53,54.10,0.2523,-1,-1,-1
397,103,253.79,164.55,48.04,155.15,0.8373,-1,-1,-1
397,119,200.49,168.88,54.63,148.43,0.8517,-1,-1,-1
397,133,370.59,199.97,32.97,81.13,0.4871,-1,-1,-1
397,134,491.93,79.80,152.68,381.74,0.9147,-1,-1,-1
397,139,325.38,219.72,13.37,36.86,0.2996,-1,-1,-1
398,103,254.33,168.10,47.58,154.75,0.8324,-1,-1,-1
398,119,199.83,172.26,53.42,147.47,0.8325,-1,-1,-1
398,133,369.77,201.85,32.88,80.45,0.5843,-1,-1,-1
398,134,505.96,65.33,141.21,406.51,0.8971,-1,-1,-1
398,139,323.72,219.56,13.44,38.19,0.4336,-1,-1,-1
399,103,253.68,166.13,49.11,155.24,0.8189,-1,-1,-1
399,119,200.29,170.07,52.67,147.39,0.8104,-1,-1,-1
399,133,368.67,197.38,34.90,82.68,0.5748,-1,-1,-1
399,134,518.55,44.63,128.81,434.16,0.8849,-1,-1,-1
399,139,322.02,219.21,14.47,36.39,0.3617,-1,-1,-1
399,132,27.12,222.44,24.57,57.46,0.4439,-1,-1,-1
400,103,251.45,164.56,48.84,153.69,0.8584,-1,-1,-1
400,119,203.57,165.70,47.11,147.95,0.8163,-1,-1,-1
400,133,365.04,195.51,33.36,83.84,0.7028,-1,-1,-1
400,134,535.11,27.85,110.15,456.23,0.8502,-1,-1,-1
400,139,317.16,217.95,13.92,36.06,0.3485,-1,-1,-1
400,132,18.96,219.63,23.43,57.28,0.2817,-1,-1,-1
401,103,248.55,164.74,48.51,151.58,0.8306,-1,-1,-1
401,119,199.99,164.53,50.02,147.89,0.8370,-1,-1,-1
401,133,359.64,198.21,32.62,82.24,0.4776,-1,-1,-1
401,134,557.34,24.17,85.42,462.91,0.8554,-1,-1,-1
401,139,309.77,221.45,14.05,34.14,0.2433,-1,-1,-1
401,132,6.37,218.11,25.25,58.18,0.2441,-1,-1,-1
402,103,246.22,160.97,46.79,150.37,0.8265,-1,-1,-1
402,119,197.08,160.98,50.50,148.78,0.8397,-1,-1,-1
402,133,353.96,198.68,34.38,78.29,0.2657,-1,-1,-1
402,134,580.33,55.38,62.95,429.93,0.8286,-1,-1,-1
402,139,305.63,216.80,13.39,35.78,0.2199,-1,-1,-1
403,103,245.55,165.66,49.19,148.45,0.8471,-1,-1,-1
403,119,198.18,164.58,50.07,147.54,0.8565,-1,-1,-1
403,133,352.21,195.67,34.37,82.27,0.4305,-1,-1,-1
403,134,597.56,86.40,43.84,395.51,0.4066,-1,-1,-1
403,139,304.85,219.49,12.87,34.13,0.2909,-1,-1,-1
404,103,244.68,166.01,50.76,148.56,0.8152,-1,-1,-1
404,119,198.39,166.20,48.77,145.59,0.8520,-1,-1,-1
404,133,350.36,193.92,34.44,81.85,0.5321,-1,-1,-1
405,103,244.19,165.09,51.05,147.84,0.8255,-1,-1,-1
405,119,196.42,166.72,50.28,143.46,0.8551,-1,-1,-1
405,133,348.00,193.22,32.43,80.02,0.5735,-1,-1,-1
405,139,300.19,216.11,13.83,34.08,0.3752,-1,-1,-1
406,103,244.26,164.89,49.48,145.04,0.8270,-1,-1,-1
406,119,195.61,166.20,51.47,140.54,0.8376,-1,-1,-1
406,133,346.72,192.09,32.47,81.14,0.6692,-1,-1,-1
406,139,298.79,213.39,14.42,36.60,0.2717,-1,-1,-1
407,103,247.35,161.25,47.30,143.91,0.8035,-1,-1,-1
407,119,195.60,161.10,50.68,141.93,0.8292,-1,-1,-1
407,133,346.12,191.48,31.56,79.54,0.6988,-1,-1,-1
408,103,249.78,159.38,46.01,143.62,0.8270,-1,-1,-1
408,119,197.76,156.82,47.38,145.05,0.8224,-1,-1,-1
408,133,345.44,191.03,31.98,78.39,0.7891,-1,-1,-1
409,103,249.70,157.00,46.13,144.14,0.8137,-1,-1,-1
409,119,197.05,155.40,46.29,144.58,0.8380,-1,-1,-1
409,133,344.94,187.75,32.85,79.08,0.7918,-1,-1,-1
410,103,246.52,157.38,46.68,144.91,0.8264,-1,-1,-1
410,119,192.02,157.72,47.82,142.99,0.8356,-1,-1,-1
410,133,339.28,185.61,34.08,80.02,0.5613,-1,-1,-1
411,103,242.81,157.82,45.18,144.89,0.8172,-1,-1,-1
411,119,185.18,158.40,50.32,140.29,0.8485,-1,-1,-1
411,133,334.20,187.91,33.91,76.45,0.3803,-1,-1,-1
412,103,238.42,161.36,45.45,142.79,0.8009,-1,-1,-1
412,119,182.55,162.06,46.32,139.88,0.8242,-1,-1,-1
412,133,328.00,189.07,33.39,76.86,0.6979,-1,-1,-1
413,103,236.46,159.76,46.57,142.24,0.7735,-1,-1,-1
413,119,182.55,161.47,44.43,139.49,0.8220,-1,-1,-1
413,133,325.08,187.53,33.67,76.58,0.5349,-1,-1,-1
414,103,233.53,162.46,46.60,139.98,0.7848,-1,-1,-1
414,119,178.97,162.00,47.09,139.52,0.8273,-1,-1,-1
414,133,318.52,188.57,35.78,76.49,0.6138,-1,-1,-1
415,103,227.95,160.91,45.67,139.97,0.8078,-1,-1,-1
415,119,173.33,160.69,47.77,139.67,0.8282,-1,-1,-1
415,133,311.62,190.75,33.91,74.60,0.4624,-1,-1,-1
415,143,549.05,145.07,89.55,274.51,0.8507,-1,-1,-1
416,103,222.43,164.70,45.93,138.99,0.7812,-1,-1,-1
416,119,169.75,162.62,49.63,138.81,0.8229,-1,-1,-1
416,133,304.73,194.79,29.86,72.81,0.3410,-1,-1,-1
416,143,543.78,107.22,94.63,318.92,0.8902,-1,-1,-1
417,103,219.64,169.02,43.65,137.58,0.7351,-1,-1,-1
417,119,168.88,164.19,49.12,139.60,0.8352,-1,-1,-1
417,133,300.96,194.54,30.72,75.70,0.6706,-1,-1,-1
417,143,543.76,56.68,95.62,377.03,0.8590,-1,-1,-1
418,103,213.24,166.42,49.32,135.97,0.8222,-1,-1,-1
418,119,167.02,162.22,49.04,137.72,0.8473,-1,-1,-1
418,133,297.36,191.99,31.15,73.53,0.6019,-1,-1,-1
418,143,543.20,25.05,97.81,407.63,0.8707,-1,-1,-1
419,103,210.66,168.84,49.54,134.45,0.8021,-1,-1,-1
419,119,165.40,165.72,49.53,135.30,0.8385,-1,-1,-1
419,133,294.59,192.09,31.48,74.38,0.7494,-1,-1,-1
419,143,529.88,16.18,109.43,419.83,0.8962,-1,-1,-1
420,103,207.44,168.02,45.89,132.61,0.7918,-1,-1,-1
420,119,160.58,165.32,48.97,134.55,0.8040,-1,-1,-1
420,133,287.57,192.06,31.84,71.39,0.7500,-1,-1,-1
420,143,502.25,12.45,133.58,429.86,0.9185,-1,-1,-1
421,103,202.43,167.72,43.55,129.66,0.7574,-1,-1,-1
421,119,153.97,166.49,47.68,130.77,0.8402,-1,-1,-1
421,133,280.01,191.70,32.06,72.85,0.8138,-1,-1,-1
421,143,479.23,15.72,155.96,432.33,0.9189,-1,-1,-1
422,103,199.45,164.60,42.52,130.80,0.7857,-1,-1,-1
422,119,151.80,164.27,46.48,130.31,0.8325,-1,-1,-1
422,133,276.80,190.26,30.96,73.72,0.7364,-1,-1,-1
422,143,466.28,20.74,168.87,429.08,0.9191,-1,-1,-1
423,103,195.62,160.78,41.98,130.98,0.7961,-1,-1,-1
423,119,147.33,160.86,46.15,132.21,0.8229,-1,-1,-1
423,133,271.40,189.77,30.67,72.20,0.6319,-1,-1,-1
423,143,455.73,26.12,174.95,426.91,0.9169,-1,-1,-1
424,103,193.05,161.19,40.39,130.75,0.7994,-1,-1,-1
424,119,142.89,160.08,45.07,133.48,0.8041,-1,-1,-1
424,133,266.19,188.30,29.87,73.56,0.7524,-1,-1,-1
424,143,442.95,34.30,179.77,420.14,0.8874,-1,-1,-1
425,103,185.81,159.77,40.31,131.51,0.7889,-1,-1,-1
425,119,135.43,160.08,45.58,131.86,0.8080,-1,-1,-1
425,133,258.46,186.26,29.81,73.12,0.7063,-1,-1,-1
425,143,428.01,38.65,183.34,412.18,0.8982,-1,-1,-1
426,103,183.27,159.06,39.24,130.05,0.7942,-1,-1,-1
426,119,131.34,158.50,47.72,131.46,0.7797,-1,-1,-1
426,133,254.77,183.75,28.80,73.00,0.6914,-1,-1,-1
426,143,418.59,41.18,187.07,405.98,0.8713,-1,-1,-1
427,103,177.10,156.80,42.35,129.98,0.7679,-1,-1,-1
427,119,124.57,157.57,49.07,130.10,0.7878,-1,-1,-1
427,133,248.37,179.48,27.98,74.96,0.7291,-1,-1,-1
427,143,408.17,40.90,169.85,401.59,0.8805,-1,-1,-1
428,103,173.93,152.85,41.92,129.60,0.7951,-1,-1,-1
428,119,119.82,156.68,50.62,128.62,0.8163,-1,-1,-1
428,133,241.59,178.40,28.64,73.70,0.6687,-1,-1,-1
428,143,403.23,39.51,145.03,387.53,0.9018,-1,-1,-1
428,144,563.06,15.89,74.43,439.99,0.8489,-1,-1,-1
429,103,170.35,152.22,42.38,129.15,0.7994,-1,-1,-1
429,119,116.08,155.99,49.34,127.49,0.7954,-1,-1,-1
429,133,234.96,178.67,28.19,74.09,0.7572,-1,-1,-1
429,143,397.38,41.55,124.34,368.25,0.9054,-1,-1,-1
430,103,166.33,153.23,41.84,128.05,0.7855,-1,-1,-1
430,119,112.12,155.16,50.05,126.84,0.8178,-1,-1,-1
430,133,229.30,181.07,27.40,72.32,0.5696,-1,-1,-1
430,143,372.85,46.51,127.17,357.51,0.8954,-1,-1,-1
430,145,415.00,1.07,222.56,477.94,0.8965,-1,-1,-1
431,103,164.06,153.17,43.17,125.21,0.7832,-1,-1,-1
431,119,109.63,152.55,50.77,125.69,0.7934,-1,-1,-1
431,133,223.59,178.93,29.27,71.70,0.7435,-1,-1,-1
431,143,348.82,49.63,135.51,347.07,0.8956,-1,-1,-1
431,145,391.35,0.99,242.12,475.96,0.8793,-1,-1,-1
432,103,161.71,154.92,42.29,122.17,0.6760,-1,-1,-1
432,119,108.21,152.04,51.64,124.59,0.8176,-1,-1,-1
432,133,220.87,175.00,30.01,74.55,0.7563,-1,-1,-1
432,143,336.17,51.32,130.36,323.51,0.8706,-1,-1,-1
432,145,402.76,-0.18,234.27,475.18,0.8881,-1,-1,-1
432,146,0.19,131.24,58.56,197.74,0.6872,-1,-1,-1
433,103,158.26,154.78,42.14,121.77,0.7053,-1,-1,-1
433,119,107.25,153.85,51.03,122.68,0.8293,-1,-1,-1
433,133,217.75,175.71,30.26,73.19,0.8186,-1,-1,-1
433,143,330.84,55.43,112.89,312.96,0.8565,-1,-1,-1
433,145,406.13,1.18,229.41,474.59,0.8542,-1,-1,-1
433,146,1.57,109.53,67.49,239.66,0.6652,-1,-1,-1
434,103,154.80,155.87,41.60,119.10,0.7952,-1,-1,-1
434,119,102.74,157.61,50.48,118.42,0.8361,-1,-1,-1
434,133,210.85,174.65,30.79,73.43,0.7606,-1,-1,-1
434,143,321.44,60.68,95.81,303.57,0.7950,-1,-1,-1
434,145,383.47,3.18,198.00,466.37,0.7955,-1,-1,-1
434,146,2.34,77.44,75.39,280.23,0.6242,-1,-1,-1
435,103,151.05,152.09,40.87,119.13,0.7762,-1,-1,-1
435,119,97.20,153.59,51.22,120.87,0.8350,-1,-1,-1
435,133,207.23,174.22,30.55,72.50,0.6597,-1,-1,-1
435,143,312.01,83.50,74.91,283.62,0.7107,-1,-1,-1
435,145,353.75,-0.66,174.81,474.92,0.8552,-1,-1,-1
435,146,-0.73,57.28,78.25,304.00,0.5675,-1,-1,-1
436,103,149.14,148.35,39.61,118.83,0.7938,-1,-1,-1
436,119,93.22,150.65,47.35,120.19,0.8044,-1,-1,-1
436,133,203.68,172.90,28.29,71.94,0.6914,-1,-1,-1
436,145,310.58,3.88,178.08,473.93,0.8962,-1,-1,-1
436,146,1.62,50.01,76.61,296.59,0.1882,-1,-1,-1
437,103,144.94,149.26,41.07,119.79,0.7414,-1,-1,-1
437,119,86.68,149.57,46.72,121.49,0.8180,-1,-1,-1
437,145,262.86,1.26,208.72,480.34,0.9259,-1,-1,-1
437,146,-3.07,53.65,76.91,287.20,0.3918,-1,-1,-1
438,103,82.17,154.33,47.13,122.69,0.8289,-1,-1,-1
438,145,195.77,-3.46,263.07,499.18,0.9043,-1,-1,-1
438,151,144.43,155.71,40.72,112.63,0.7582,-1,-1,-1
438,152,556.30,67.83,77.66,340.56,0.8624,-1,-1,-1
439,103,77.10,150.29,47.16,123.32,0.8399,-1,-1,-1
439,145,178.65,-1.91,275.22,493.37,0.8629,-1,-1,-1
439,151,138.90,151.42,38.98,117.61,0.8132,-1,-1,-1
439,152,535.22,75.09,98.73,330.66,0.8993,-1,-1,-1
439,154,-3.08,75.24,71.59,291.49,0.3913,-1,-1,-1
439,155,384.16,135.33,49.01,174.33,0.6424,-1,-1,-1
440,145,110.37,-3.65,316.32,493.05,0.8433,-1,-1,-1
440,152,522.93,77.29,112.24,331.16,0.9119,-1,-1,-1
440,154,-4.15,56.43,70.14,339.21,0.6908,-1,-1,-1
440,155,371.20,135.51,53.69,178.51,0.7038,-1,-1,-1
441,145,31.95,-4.96,302.14,495.82,0.8620,-1,-1,-1
441,152,524.14,80.05,113.71,333.45,0.8889,-1,-1,-1
441,155,367.84,136.96,53.12,180.36,0.7121,-1,-1,-1
441,156,281.75,64.04,106.43,311.77,0.7948,-1,-1,-1
442,145,3.71,-5.15,267.60,491.46,0.7042,-1,-1,-1
442,152,530.32,79.51,103.26,323.33,0.8631,-1,-1,-1
442,155,366.64,136.89,51.12,179.40,0.7609,-1,-1,-1
442,156,263.62,65.43,119.52,326.49,0.8811,-1,-1,-1
443,145,-8.97,-4.70,227.63,488.50,0.7459,-1,-1,-1
443,152,523.88,77.31,102.33,314.52,0.7488,-1,-1,-1
443,155,364.13,133.63,48.36,179.69,0.7380,-1,-1,-1
443,156,253.19,62.26,123.32,335.28,0.8875,-1,-1,-1
443,158,608.65,83.62,30.78,230.93,0.4612,-1,-1,-1
444,152,504.43,83.32,108.59,303.97,0.6016,-1,-1,-1
444,155,359.59,135.50,47.46,180.14,0.7316,-1,-1,-1
444,156,247.89,63.31,121.31,328.66,0.8924,-1,-1,-1
444,160,557.05,86.30,81.72,303.58,0.7341,-1,-1,-1
445,152,520.88,81.11,93.17,316.08,0.5216,-1,-1,-1
445,155,357.24,137.80,50.11,180.43,0.7980,-1,-1,-1
445,156,245.15,61.85,119.83,323.97,0.8937,-1,-1,-1
445,160,580.93,84.70,59.32,276.35,0.6836,-1,-1,-1
445,162,141.49,156.35,39.16,117.11,0.7744,-1,-1,-1
446,152,479.37,84.69,140.52,309.47,0.8933,-1,-1,-1
446,155,348.05,139.67,59.24,176.73,0.7750,-1,-1,-1
446,156,245.42,60.79,113.57,319.04,0.8979,-1,-1,-1
446,160,583.21,76.73,56.04,287.04,0.8483,-1,-1,-1
446,162,145.71,156.68,40.45,114.75,0.7492,-1,-1,-1
446,163,95.27,153.17,43.21,118.55,0.8077,-1,-1,-1
446,164,192.31,177.40,29.24,71.67,0.6198,-1,-1,-1
447,152,470.26,87.72,153.53,309.94,0.8475,-1,-1,-1
447,155,343.50,143.46,63.32,176.59,0.7891,-1,-1,-1
447,156,240.76,61.92,111.38,323.13,0.8948,-1,-1,-1
447,160,577.90,81.65,60.74,285.77,0.8191,-1,-1,-1
447,162,147.82,159.57,41.81,113.65,0.7081,-1,-1,-1
447,163,96.74,154.10,46.11,118.69,0.7882,-1,-1,-1
447,164,193.52,179.93,29.94,70.49,0.5499,-1,-1,-1
447,165,0.94,0.39,101.58,308.72,0.7399,-1,-1,-1
448,152,468.40,85.70,140.88,308.48,0.8569,-1,-1,-1
448,155,342.88,141.98,62.95,177.78,0.7880,-1,-1,-1
448,156,237.49,61.28,108.45,326.51,0.8920,-1,-1,-1
448,160,575.01,82.47,63.06,288.47,0.8027,-1,-1,-1
448,162,148.69,157.79,41.73,113.36,0.7693,-1,-1,-1
448,163,98.52,152.13,47.39,117.60,0.8174,-1,-1,-1
448,164,193.06,180.58,32.23,68.98,0.5858,-1,-1,-1
448,165,1.21,-0.63,104.24,436.32,0.8845,-1,-1,-1
449,152,477.54,85.55,115.76,304.19,0.8424,-1,-1,-1
449,155,344.14,143.29,63.26,177.64,0.7879,-1,-1,-1
449,156,239.91,65.44,104.28,328.74,0.8941,-1,-1,-1
449,160,559.56,88.04,80.86,291.16,0.5435,-1,-1,-1
449,162,151.20,159.21,39.22,112.88,0.7934,-1,-1,-1
449,163,103.00,156.96,47.05,114.37,0.8283,-1,-1,-1
449,164,196.61,183.13,32.96,69.30,0.6076,-1,-1,-1
449,165,0.63,0.55,110.34,482.40,0.8933,-1,-1,-1
450,152,492.42,82.69,106.11,309.33,0.8298,-1,-1,-1
450,155,353.51,140.38,60.07,176.46,0.8353,-1,-1,-1
450,156,243.67,66.54,103.01,327.36,0.8901,-1,-1,-1
450,160,553.92,87.79,89.04,276.59,0.5575,-1,-1,-1
450,162,159.85,158.55,38.02,112.48,0.8060,-1,-1,-1
450,163,113.17,158.49,46.11,113.63,0.7856,-1,-1,-1
450,164,205.08,182.80,32.69,69.90,0.6943,-1,-1,-1
450,165,1.69,0.31,119.60,497.34,0.8710,-1,-1,-1
451,152,489.92,84.92,111.40,313.51,0.8499,-1,-1,-1
451,155,358.66,140.55,59.57,177.33,0.8256,-1,-1,-1
451,156,237.53,67.13,112.31,328.55,0.8778,-1,-1,-1
451,160,554.83,89.54,88.05,276.81,0.6900,-1,-1,-1
451,162,165.43,160.83,38.85,111.81,0.7898,-1,-1,-1
451,163,120.20,160.55,44.42,113.15,0.8024,-1,-1,-1
451,164,209.36,184.17,31.64,69.64,0.5818,-1,-1,-1
451,165,0.80,3.46,128.26,497.66,0.9075,-1,-1,-1
452,152,482.31,87.00,127.45,317.32,0.8439,-1,-1,-1
452,155,360.98,139.54,61.31,179.70,0.7613,-1,-1,-1
452,156,229.74,63.96,121.09,325.47,0.8976,-1,-1,-1
452,160,572.08,86.80,71.47,275.57,0.6923,-1,-1,-1
452,162,174.10,160.78,37.20,112.33,0.8049,-1,-1,-1
452,163,130.19,159.37,42.93,112.81,0.8057,-1,-1,-1
452,165,1.11,4.08,135.66,494.46,0.9111,-1,-1,-1
453,152,484.84,84.13,133.26,321.73,0.8522,-1,-1,-1
453,155,363.26,138.06,68.94,179.90,0.7732,-1,-1,-1
453,156,232.00,57.26,124.91,326.03,0.8821,-1,-1,-1
453,160,580.08,79.53,63.32,290.50,0.7390,-1,-1,-1
453,162,182.79,160.26,35.57,111.13,0.7900,-1,-1,-1
453,163,139.16,157.59,42.10,111.87,0.8193,-1,-1,-1
453,165,1.38,3.19,147.48,491.12,0.9064,-1,-1,-1
454,152,497.08,85.51,124.91,326.76,0.8654,-1,-1,-1
454,155,370.98,143.46,71.52,180.57,0.8145,-1,-1,-1
454,156,239.12,59.99,127.06,329.59,0.9030,-1,-1,-1
454,160,587.98,81.82,55.05,298.75,0.7580,-1,-1,-1
454,162,192.37,164.25,35.29,111.52,0.8000,-1,-1,-1
454,163,150.52,160.31,39.10,113.31,0.7884,-1,-1,-1
454,165,1.89,5.64,157.89,487.54,0.9141,-1,-1,-1
455,152,503.10,78.86,112.20,320.72,0.8730,-1,-1,-1
455,155,377.50,140.14,71.22,182.47,0.8281,-1,-1,-1
455,156,250.53,57.74,122.77,336.94,0.8962,-1,-1,-1
455,160,577.17,80.84,64.71,305.75,0.7521,-1,-1,-1
455,162,198.73,161.75,37.87,110.74,0.7637,-1,-1,-1
455,163,159.75,158.99,37.75,111.10,0.8077,-1,-1,-1
455,165,1.66,0.79,168.29,488.65,0.8871,-1,-1,-1
456,152,504.13,79.74,106.70,319.94,0.8724,-1,-1,-1
456,155,381.65,140.91,69.77,185.10,0.7731,-1,-1,-1
456,156,257.60,61.14,120.29,340.99,0.8838,-1,-1,-1
456,160,583.11,83.32,58.20,292.01,0.7748,-1,-1,-1
456,162,205.32,162.39,38.02,110.93,0.7777,-1,-1,-1
456,163,168.44,161.92,34.04,108.44,0.6908,-1,-1,-1
456,165,1.00,1.69,177.90,485.66,0.8859,-1,-1,-1
457,152,489.67,84.92,124.45,324.32,0.8824,-1,-1,-1
457,155,389.14,142.56,66.44,184.27,0.7405,-1,-1,-1
457,156,265.77,65.79,121.22,347.16,0.8821,-1,-1,-1
457,160,597.64,87.15,44.45,291.07,0.7489,-1,-1,-1
457,162,214.35,165.01,37.35,110.65,0.7627,-1,-1,-1
457,163,178.93,166.92,33.99,106.52,0.7366,-1,-1,-1
457,165,3.06,6.68,189.62,478.51,0.8834,-1,-1,-1
458,152,480.26,83.94,141.22,328.65,0.8930,-1,-1,-1
458,155,393.72,138.29,62.46,184.85,0.8172,-1,-1,-1
458,156,271.97,62.66,120.86,349.74,0.8836,-1,-1,-1
458,160,605.83,80.94,34.95,299.06,0.7272,-1,-1,-1
458,162,223.35,161.92,34.88,110.36,0.7653,-1,-1,-1
458,163,187.81,164.05,31.98,104.98,0.5360,-1,-1,-1
458,165,11.81,3.31,191.93,478.71,0.8728,-1,-1,-1
459,152,484.10,90.00,149.75,331.93,0.8957,-1,-1,-1
459,155,400.75,144.04,61.18,186.22,0.7878,-1,-1,-1
459,156,275.56,68.34,123.90,353.72,0.8803,-1,-1,-1
459,160,604.26,85.37,36.05,291.99,0.6145,-1,-1,-1
459,162,232.79,168.91,32.60,109.27,0.7595,-1,-1,-1
459,165,31.09,7.44,191.73,477.15,0.8385,-1,-1,-1
459,164,272.41,194.43,20.80,66.06,0.3525,-1,-1,-1
460,152,489.10,87.66,148.52,338.20,0.8785,-1,-1,-1
460,155,401.66,143.30,61.56,188.28,0.7968,-1,-1,-1
460,156,274.31,65.51,128.76,355.78,0.8956,-1,-1,-1
460,160,605.22,80.25,34.31,300.80,0.6392,-1,-1,-1
460,162,235.27,167.64,31.90,109.34,0.7274,-1,-1,-1
460,165,36.06,3.57,195.41,481.05,0.8569,-1,-1,-1
461,152,503.78,81.50,121.63,327.59,0.8676,-1,-1,-1
461,155,405.88,141.28,59.93,190.68,0.8032,-1,-1,-1
461,156,277.15,58.11,131.37,349.49,0.9053,-1,-1,-1
461,160,602.62,76.52,37.82,304.52,0.6704,-1,-1,-1
461,162,241.42,165.18,31.60,109.67,0.7182,-1,-1,-1
461,165,45.88,0.54,196.10,483.06,0.8821,-1,-1,-1
462,152,510.28,81.65,108.97,329.54,0.8476,-1,-1,-1
462,155,404.87,143.93,62.00,192.51,0.8332,-1,-1,-1
462,156,278.62,57.70,128.96,347.15,0.8935,-1,-1,-1
462,160,592.84,79.47,46.54,300.93,0.7029,-1,-1,-1
462,162,242.33,166.54,35.14,111.12,0.7215,-1,-1,-1
462,165,49.97,1.20,194.63,481.16,0.8681,-1,-1,-1
463,152,504.32,88.64,119.53,333.10,0.8842,-1,-1,-1
463,155,407.26,147.97,56.54,194.62,0.8210,-1,-1,-1
463,156,279.55,61.45,123.93,349.66,0.8943,-1,-1,-1
463,160,585.64,87.28,51.98,296.99,0.6669,-1,-1,-1
463,162,243.40,168.46,34.65,111.57,0.7092,-1,-1,-1
463,165,51.84,5.18,196.44,479.54,0.8517,-1,-1,-1
464,152,487.98,88.84,136.17,336.85,0.8727,-1,-1,-1
464,155,406.28,145.98,55.15,193.94,0.7830,-1,-1,-1
464,156,280.12,58.62,115.87,355.76,0.8841,-1,-1,-1
464,160,585.53,87.89,50.76,297.09,0.7478,-1,-1,-1
464,162,241.96,168.51,33.50,109.46,0.7382,-1,-1,-1
464,165,49.12,0.92,197.19,482.34,0.8768,-1,-1,-1
465,152,478.17,89.50,142.73,337.25,0.8835,-1,-1,-1
465,155,406.19,142.91,55.38,191.64,0.7478,-1,-1,-1
465,156,281.39,56.28,108.68,360.77,0.8802,-1,-1,-1
465,160,587.48,86.14,49.09,304.80,0.7926,-1,-1,-1
465,162,240.28,169.02,34.39,106.76,0.7135,-1,-1,-1
465,165,46.93,-0.31,197.97,482.98,0.8874,-1,-1,-1
466,152,477.58,89.59,136.17,339.15,0.8833,-1,-1,-1
466,155,406.03,141.75,55.72,191.55,0.7612,-1,-1,-1
466,156,279.81,56.96,105.89,362.29,0.8848,-1,-1,-1
466,160,591.89,85.16,45.71,309.00,0.8247,-1,-1,-1
466,162,241.49,166.44,34.41,110.10,0.6954,-1,-1,-1
466,165,46.25,-0.20,198.36,482.92,0.8539,-1,-1,-1
467,152,479.52,87.28,117.83,331.76,0.8819,-1,-1,-1
467,155,400.38,141.71,63.44,192.45,0.7694,-1,-1,-1
467,156,274.29,58.21,109.44,364.23,0.8932,-1,-1,-1
467,160,588.35,84.20,49.99,314.10,0.8733,-1,-1,-1
467,162,243.32,167.45,35.01,108.97,0.6915,-1,-1,-1
467,165,46.60,-0.72,199.41,482.80,0.8861,-1,-1,-1
468,152,470.30,82.14,108.16,325.83,0.8662,-1,-1,-1
468,155,400.40,139.92,62.16,192.77,0.7424,-1,-1,-1
468,156,268.22,51.88,111.38,370.37,0.8778,-1,-1,-1
468,160,574.55,84.29,62.09,315.32,0.8729,-1,-1,-1
468,162,238.41,165.58,35.19,107.10,0.5254,-1,-1,-1
468,165,43.31,-3.53,198.64,483.51,0.8912,-1,-1,-1
469,152,447.67,82.07,121.06,327.49,0.8494,-1,-1,-1
469,155,400.15,139.31,60.97,193.29,0.7109,-1,-1,-1
469,156,258.41,45.76,120.64,365.34,0.8723,-1,-1,-1
469,160,562.14,85.43,74.29,316.52,0.8594,-1,-1,-1
469,165,40.65,-2.67,202.24,477.87,0.8561,-1,-1,-1
470,152,434.88,85.05,130.17,329.69,0.8919,-1,-1,-1
470,155,401.34,140.07,62.36,189.47,0.7672,-1,-1,-1
470,156,254.86,43.51,130.44,364.63,0.8750,-1,-1,-1
470,160,554.80,84.18,84.44,305.92,0.8733,-1,-1,-1
470,165,41.07,-0.20,209.39,480.19,0.8562,-1,-1,-1
471,152,433.46,86.47,133.42,329.56,0.8881,-1,-1,-1
471,155,402.31,137.70,63.31,190.82,0.5920,-1,-1,-1
471,156,254.91,41.11,138.14,365.16,0.8792,-1,-1,-1
471,160,550.87,79.66,90.28,306.58,0.7523,-1,-1,-1
471,165,44.48,0.66,213.51,480.67,0.8749,-1,-1,-1
472,152,435.55,83.61,128.61,330.98,0.8809,-1,-1,-1
472,155,401.17,133.71,64.98,192.70,0.6258,-1,-1,-1
472,156,256.92,36.54,139.53,368.77,0.8852,-1,-1,-1
472,160,554.73,74.89,85.19,315.11,0.8591,-1,-1,-1
472,165,50.25,-0.04,213.20,480.20,0.8802,-1,-1,-1
473,152,438.24,78.66,116.09,326.21,0.8927,-1,-1,-1
473,155,401.79,130.08,61.05,193.73,0.6296,-1,-1,-1
473,156,261.43,33.08,130.83,378.80,0.8721,-1,-1,-1
473,160,563.59,71.33,73.58,320.63,0.8809,-1,-1,-1
473,165,55.93,-0.81,215.21,476.00,0.8506,-1,-1,-1
474,152,443.80,76.43,107.07,321.85,0.8470,-1,-1,-1
474,155,405.83,130.42,56.75,194.82,0.7490,-1,-1,-1
474,156,270.52,32.92,122.59,383.84,0.8807,-1,-1,-1
474,160,549.04,72.42,88.79,319.29,0.8477,-1,-1,-1
474,165,65.36,-0.34,216.87,477.41,0.8411,-1,-1,-1
475,152,449.62,74.51,108.87,327.03,0.8482,-1,-1,-1
475,155,412.40,130.01,55.83,197.16,0.3909,-1,-1,-1
475,156,276.89,35.08,121.13,387.70,0.8838,-1,-1,-1
475,160,535.07,72.98,105.79,304.38,0.9071,-1,-1,-1
475,165,72.19,0.72,219.73,476.03,0.8606,-1,-1,-1
476,152,451.42,78.23,114.53,329.65,0.8854,-1,-1,-1
476,155,415.87,134.36,51.89,153.55,0.2159,-1,-1,-1
476,156,281.16,40.08,121.01,389.34,0.8852,-1,-1,-1
476,160,531.16,74.75,110.22,301.50,0.9005,-1,-1,-1
476,165,75.63,2.60,220.81,475.94,0.8772,-1,-1,-1
477,152,448.49,81.06,119.72,333.30,0.7883,-1,-1,-1
477,155,414.63,136.26,51.91,135.90,0.2622,-1,-1,-1
477,156,280.58,40.28,123.63,392.51,0.8945,-1,-1,-1
477,160,530.97,73.14,110.25,305.62,0.9026,-1,-1,-1
477,165,76.74,2.76,222.02,468.49,0.7765,-1,-1,-1
478,152,444.72,79.11,120.36,338.46,0.8136,-1,-1,-1
478,155,412.32,134.48,52.18,131.32,0.2658,-1,-1,-1
478,156,280.12,36.03,123.48,391.98,0.8981,-1,-1,-1
478,160,533.03,71.60,107.25,309.86,0.8894,-1,-1,-1
478,165,71.80,0.98,225.97,467.95,0.7867,-1,-1,-1
479,152,441.69,85.76,118.20,333.74,0.8517,-1,-1,-1
479,155,408.75,139.08,53.23,129.21,0.1769,-1,-1,-1
479,156,277.25,40.16,124.55,379.82,0.8945,-1,-1,-1
479,160,536.55,75.57,103.69,319.16,0.9091,-1,-1,-1
479,165,68.36,3.67,231.17,476.24,0.8127,-1,-1,-1
480,152,440.02,86.49,117.18,325.08,0.8708,-1,-1,-1
480,155,399.30,139.04,61.08,172.23,0.4793,-1,-1,-1
480,156,274.90,39.65,124.36,383.60,0.8866,-1,-1,-1
480,160,543.47,76.20,95.27,326.55,0.8300,-1,-1,-1
480,165,69.80,1.76,228.16,478.36,0.8428,-1,-1,-1
481,152,434.51,82.54,110.04,320.82,0.8625,-1,-1,-1
481,155,394.68,136.09,67.41,204.81,0.1585,-1,-1,-1
481,156,272.62,33.44,117.94,388.88,0.8836,-1,-1,-1
481,160,536.26,73.13,97.16,333.07,0.8480,-1,-1,-1
481,165,66.40,-1.80,227.91,476.69,0.8036,-1,-1,-1
482,152,417.76,83.38,113.15,322.01,0.8689,-1,-1,-1
482,156,266.54,33.29,112.01,393.79,0.8883,-1,-1,-1
482,160,519.58,75.75,111.54,337.10,0.8402,-1,-1,-1
482,165,58.03,-1.05,231.80,470.39,0.7511,-1,-1,-1
483,152,401.11,91.87,118.72,324.88,0.8719,-1,-1,-1
483,156,261.07,41.78,106.48,394.83,0.8769,-1,-1,-1
483,160,509.84,84.40,115.00,335.87,0.8815,-1,-1,-1
483,165,49.65,4.02,237.83,472.17,0.7811,-1,-1,-1
484,152,386.46,94.16,125.36,328.86,0.8438,-1,-1,-1
484,156,254.92,46.52,103.36,393.78,0.8590,-1,-1,-1
484,160,507.72,86.06,112.80,336.60,0.8762,-1,-1,-1
484,165,39.62,6.67,243.27,473.48,0.6537,-1,-1,-1
485,152,389.09,92.76,120.66,332.56,0.8089,-1,-1,-1
485,156,250.31,48.37,102.42,397.48,0.8413,-1,-1,-1
485,160,508.13,85.43,103.13,330.06,0.8384,-1,-1,-1
485,165,32.10,3.42,250.24,478.76,0.7355,-1,-1,-1
486,152,393.75,89.38,107.29,327.33,0.8709,-1,-1,-1
486,156,245.35,42.74,102.52,394.42,0.8828,-1,-1,-1
486,160,503.85,82.98,92.59,323.69,0.8733,-1,-1,-1
486,165,26.05,-0.03,254.53,481.25,0.7839,-1,-1,-1
487,152,391.27,90.73,100.29,324.38,0.8712,-1,-1,-1
487,156,240.65,40.67,101.81,392.27,0.8847,-1,-1,-1
487,160,491.44,86.05,91.82,326.51,0.8850,-1,-1,-1
487,165,21.93,0.69,257.55,480.95,0.8442,-1,-1,-1
488,152,389.88,92.69,99.51,325.02,0.8520,-1,-1,-1
488,156,242.94,38.13,97.21,385.52,0.8605,-1,-1,-1
488,160,467.28,89.79,110.28,329.00,0.8519,-1,-1,-1
488,165,26.55,-0.47,256.40,479.71,0.8164,-1,-1,-1
489,152,389.41,93.24,100.21,329.17,0.7843,-1,-1,-1
489,156,244.17,34.81,91.43,380.10,0.8672,-1,-1,-1
489,160,454.86,88.57,124.61,333.23,0.8952,-1,-1,-1
489,165,20.20,-2.13,263.08,480.64,0.6871,-1,-1,-1
490,152,384.21,95.72,103.13,328.63,0.8306,-1,-1,-1
490,156,248.44,34.10,79.62,356.19,0.6458,-1,-1,-1
490,160,453.13,90.39,129.19,332.42,0.8814,-1,-1,-1
490,165,9.80,-2.97,269.83,480.85,0.6197,-1,-1,-1
491,152,378.19,98.44,109.78,333.87,0.8504,-1,-1,-1
491,156,250.35,39.18,75.65,333.02,0.8144,-1,-1,-1
491,160,455.65,93.50,124.12,327.84,0.8676,-1,-1,-1
491,165,2.06,-0.52,280.28,479.97,0.8248,-1,-1,-1
492,152,376.61,95.53,108.52,330.47,0.8687,-1,-1,-1
492,156,249.75,39.14,75.39,306.17,0.8187,-1,-1,-1
492,160,460.87,89.89,110.51,322.12,0.8140,-1,-1,-1
492,165,-1.19,-0.63,281.52,478.82,0.7391,-1,-1,-1
493,152,375.87,94.56,105.10,323.44,0.8681,-1,-1,-1
493,156,245.92,41.57,80.03,289.40,0.8093,-1,-1,-1
493,160,465.61,89.08,106.54,326.31,0.8350,-1,-1,-1
493,165,-2.90,2.05,283.46,477.84,0.7244,-1,-1,-1
494,152,373.52,95.71,103.41,324.56,0.8321,-1,-1,-1
494,156,241.48,42.39,86.41,322.88,0.8514,-1,-1,-1
494,160,466.63,90.66,99.99,332.36,0.7724,-1,-1,-1
494,165,-3.70,1.81,284.96,480.59,0.7532,-1,-1,-1
495,152,366.47,91.02,108.14,329.42,0.8764,-1,-1,-1
495,156,234.40,31.46,95.75,343.98,0.8552,-1,-1,-1
495,160,463.64,88.02,96.68,338.08,0.8356,-1,-1,-1
495,165,-1.86,-4.03,276.56,482.88,0.3710,-1,-1,-1
496,152,365.93,92.67,109.31,333.01,0.8892,-1,-1,-1
496,156,232.28,28.99,102.43,351.46,0.8535,-1,-1,-1
496,160,463.97,89.77,97.01,339.14,0.8447,-1,-1,-1
496,165,-0.34,-2.22,275.90,481.95,0.4373,-1,-1,-1
496,155,344.04,137.63,57.42,211.84,0.5615,-1,-1,-1
497,152,369.66,93.23,104.46,337.32,0.8469,-1,-1,-1
497,156,231.00,27.44,105.62,349.84,0.8473,-1,-1,-1
497,160,464.50,89.75,100.98,340.82,0.8033,-1,-1,-1
497,165,0.52,-1.54,274.14,479.78,0.4711,-1,-1,-1
497,155,345.32,137.40,54.80,207.71,0.6548,-1,-1,-1
498,152,377.45,92.83,95.65,339.03,0.8278,-1,-1,-1
498,156,230.39,25.72,104.42,354.12,0.8122,-1,-1,-1
498,160,467.58,88.73,95.84,338.94,0.7976,-1,-1,-1
498,165,0.26,-1.59,275.29,480.77,0.6798,-1,-1,-1
498,155,340.60,138.85,59.82,204.22,0.6500,-1,-1,-1
499,152,379.50,89.26,96.10,335.47,0.8408,-1,-1,-1
499,156,230.65,24.50,102.45,329.92,0.8391,-1,-1,-1
499,160,470.00,84.19,98.21,330.60,0.7744,-1,-1,-1
499,165,-1.12,0.26,282.12,479.96,0.6286,-1,-1,-1
499,155,340.38,140.45,61.66,200.38,0.5445,-1,-1,-1
500,152,381.85,89.82,100.40,328.09,0.8534,-1,-1,-1
500,156,233.74,28.42,96.49,323.46,0.8270,-1,-1,-1
500,160,472.24,84.02,91.95,330.00,0.7345,-1,-1,-1
500,165,-1.12,2.43,285.96,478.04,0.5895,-1,-1,-1
500,155,343.21,138.78,59.57,205.42,0.6925,-1,-1,-1
501,152,385.49,88.91,104.49,328.52,0.7831,-1,-1,-1
501,156,239.79,29.96,88.44,320.43,0.7993,-1,-1,-1
501,160,465.85,81.92,100.60,334.66,0.7663,-1,-1,-1
501,165,0.17,2.53,292.12,474.44,0.7232,-1,-1,-1
501,155,350.00,137.46,54.70,207.98,0.6528,-1,-1,-1
502,152,389.84,90.20,107.17,333.59,0.7962,-1,-1,-1
502,156,245.54,30.99,79.39,316.76,0.6735,-1,-1,-1
502,160,460.61,84.86,122.18,340.32,0.6835,-1,-1,-1
502,165,7.05,2.32,292.75,476.06,0.7815,-1,-1,-1
502,155,350.95,136.63,62.31,212.20,0.6760,-1,-1,-1
503,152,393.43,86.72,107.63,335.08,0.8464,-1,-1,-1
503,156,249.49,21.28,74.66,243.50,0.2782,-1,-1,-1
503,160,465.11,81.15,124.32,338.65,0.8678,-1,-1,-1
503,165,16.80,-1.18,294.36,474.71,0.5543,-1,-1,-1
503,155,353.56,130.22,54.97,212.64,0.2199,-1,-1,-1
504,152,394.49,84.21,107.93,336.80,0.8560,-1,-1,-1
504,160,472.17,77.16,121.79,341.52,0.8774,-1,-1,-1
504,165,9.09,-1.72,306.47,476.40,0.6561,-1,-1,-1
504,155,346.05,126.16,63.20,217.38,0.4468,-1,-1,-1
505,152,394.96,85.73,103.85,334.74,0.8393,-1,-1,-1
505,160,478.13,77.94,117.71,336.64,0.8635,-1,-1,-1
505,165,11.39,2.33,316.80,476.17,0.5061,-1,-1,-1
505,155,340.89,129.12,70.51,221.51,0.5845,-1,-1,-1
506,152,390.60,81.65,101.61,325.24,0.8595,-1,-1,-1
506,160,481.71,74.12,115.97,333.42,0.8743,-1,-1,-1
506,165,11.69,2.75,322.27,473.30,0.5653,-1,-1,-1
506,155,346.08,128.41,62.35,219.17,0.6641,-1,-1,-1
507,152,387.57,83.89,100.39,322.26,0.8243,-1,-1,-1
507,160,482.87,76.70,115.54,336.98,0.8488,-1,-1,-1
507,165,29.41,3.83,310.83,475.73,0.6286,-1,-1,-1
507,155,339.43,131.48,65.90,218.18,0.6451,-1,-1,-1
508,152,380.91,83.18,107.46,326.15,0.8268,-1,-1,-1
508,160,485.34,77.29,113.76,339.57,0.8543,-1,-1,-1
508,165,52.72,2.60,293.89,472.99,0.6250,-1,-1,-1
508,155,340.83,129.59,64.80,214.90,0.7141,-1,-1,-1
509,152,371.62,80.04,116.11,328.90,0.8553,-1,-1,-1
509,160,487.26,75.15,106.91,342.48,0.8492,-1,-1,-1
509,165,70.22,-0.22,279.93,471.79,0.6205,-1,-1,-1
509,155,343.95,123.90,61.34,213.59,0.6588,-1,-1,-1
509,171,1.52,93.90,86.68,219.36,0.5992,-1,-1,-1
510,152,371.40,84.26,114.57,332.24,0.8441,-1,-1,-1
510,160,489.82,80.31,106.08,339.06,0.8117,-1,-1,-1
510,165,88.95,0.67,270.14,471.85,0.3890,-1,-1,-1
510,155,350.56,127.05,55.32,210.57,0.5704,-1,-1,-1
510,171,4.00,81.28,100.37,247.06,0.7466,-1,-1,-1
511,152,380.60,83.41,105.47,333.70,0.8348,-1,-1,-1
511,160,494.45,78.53,100.54,339.82,0.7718,-1,-1,-1
511,165,107.25,1.15,224.34,472.05,0.3711,-1,-1,-1
511,155,362.87,125.87,47.59,212.07,0.3317,-1,-1,-1
511,171,6.82,66.04,119.53,275.71,0.6792,-1,-1,-1
512,152,387.36,86.93,103.49,335.91,0.8622,-1,-1,-1
512,160,501.37,81.75,98.12,332.86,0.7594,-1,-1,-1
512,165,122.34,4.57,257.34,474.85,0.5870,-1,-1,-1
512,171,18.78,67.35,127.47,289.43,0.7095,-1,-1,-1
513,152,401.75,92.03,98.14,322.81,0.8337,-1,-1,-1
513,160,507.67,83.49,95.22,329.00,0.8385,-1,-1,-1
513,165,148.29,7.49,270.77,468.49,0.6844,-1,-1,-1
513,171,54.71,74.42,117.49,316.59,0.8416,-1,-1,-1
513,174,15.67,130.35,79.53,224.08,0.8405,-1,-1,-1
514,152,411.44,89.10,86.31,316.57,0.8662,-1,-1,-1
514,160,505.06,79.77,95.49,332.58,0.8378,-1,-1,-1
514,165,158.52,3.64,275.48,468.46,0.5517,-1,-1,-1
514,171,76.12,69.69,104.91,330.46,0.8856,-1,-1,-1
514,174,8.31,119.32,82.10,234.01,0.8450,-1,-1,-1
515,152,427.38,94.12,71.54,227.59,0.8157,-1,-1,-1
515,160,493.39,83.16,108.85,334.22,0.8417,-1,-1,-1
515,165,185.13,4.93,272.08,464.84,0.7153,-1,-1,-1
515,171,95.26,74.15,109.63,331.37,0.8878,-1,-1,-1
516,152,452.34,95.77,50.90,176.31,0.1866,-1,-1,-1
516,160,491.80,85.02,121.84,335.03,0.8219,-1,-1,-1
516,165,222.11,2.59,262.96,462.34,0.7072,-1,-1,-1
516,171,109.48,73.96,114.69,328.86,0.8785,-1,-1,-1
517,160,500.34,86.41,124.41,335.70,0.8859,-1,-1,-1
517,165,248.03,1.32,266.50,460.80,0.7442,-1,-1,-1
517,177,196.65,77.84,75.27,298.35,0.5607,-1,-1,-1
517,174,97.13,88.63,108.81,312.96,0.8725,-1,-1,-1
518,160,515.55,89.82,115.54,338.32,0.8425,-1,-1,-1
518,165,266.11,-1.01,275.98,470.75,0.7534,-1,-1,-1
518,177,196.54,39.72,102.45,347.28,0.8533,-1,-1,-1
518,174,104.57,82.71,114.95,325.26,0.8743,-1,-1,-1
519,165,280.55,-4.71,291.98,484.59,0.7190,-1,-1,-1
519,177,188.84,22.75,117.39,395.31,0.8749,-1,-1,-1
519,174,111.28,74.20,106.09,325.87,0.8668,-1,-1,-1
520,165,292.50,-1.81,304.73,486.42,0.8223,-1,-1,-1
520,177,182.91,17.70,135.11,440.47,0.8774,-1,-1,-1
520,174,122.43,73.70,95.18,325.66,0.8340,-1,-1,-1
521,165,321.88,0.14,314.58,485.06,0.8640,-1,-1,-1
521,177,182.72,14.12,151.89,455.04,0.8792,-1,-1,-1
521,174,119.06,78.15,104.80,323.36,0.8424,-1,-1,-1
522,165,342.36,0.82,301.87,479.53,0.7792,-1,-1,-1
522,177,182.62,14.46,159.19,456.68,0.8876,-1,-1,-1
522,174,113.90,83.77,109.76,321.26,0.8236,-1,-1,-1
523,165,358.11,-2.68,290.56,482.94,0.8149,-1,-1,-1
523,177,183.52,9.64,160.36,465.03,0.8998,-1,-1,-1
523,174,106.94,84.51,113.50,321.80,0.7713,-1,-1,-1
524,165,373.35,-7.97,280.08,489.23,0.8006,-1,-1,-1
524,177,184.28,0.98,161.08,479.81,0.8948,-1,-1,-1
524,174,101.30,76.95,117.84,323.11,0.8325,-1,-1,-1
525,165,392.07,-5.05,262.37,489.47,0.8934,-1,-1,-1
525,177,194.80,7.08,159.47,481.29,0.8895,-1,-1,-1
525,174,108.14,79.68,117.32,312.40,0.8325,-1,-1,-1
526,165,406.80,-3.29,243.92,488.78,0.8942,-1,-1,-1
526,177,202.23,8.89,159.73,480.92,0.8738,-1,-1,-1
526,174,125.63,76.02,105.45,300.89,0.8529,-1,-1,-1
527,165,417.04,-0.72,225.83,486.48,0.8698,-1,-1,-1
527,177,200.92,8.93,161.30,479.11,0.8661,-1,-1,-1
527,174,138.85,72.62,91.75,299.67,0.8489,-1,-1,-1
528,165,437.93,4.09,204.78,490.33,0.9061,-1,-1,-1
528,177,199.40,18.08,169.03,475.57,0.8605,-1,-1,-1
528,174,156.53,83.19,78.77,301.74,0.8614,-1,-1,-1
529,165,448.47,4.18,192.84,480.10,0.8936,-1,-1,-1
529,177,198.75,25.97,175.12,462.17,0.8829,-1,-1,-1
529,174,160.46,96.07,79.57,293.92,0.8438,-1,-1,-1
529,181,126.61,165.55,47.38,145.79,0.7924,-1,-1,-1
529,182,385.42,105.85,85.03,317.43,0.8117,-1,-1,-1
530,165,464.96,0.38,176.98,477.92,0.9025,-1,-1,-1
530,177,203.11,26.70,177.52,447.45,0.8749,-1,-1,-1
530,174,158.25,100.56,86.52,289.07,0.8630,-1,-1,-1
530,181,120.42,162.43,48.60,151.44,0.7848,-1,-1,-1
530,182,386.05,108.27,92.97,319.44,0.7385,-1,-1,-1
531,165,474.68,0.53,164.28,475.96,0.8965,-1,-1,-1
531,177,210.91,28.16,170.75,447.28,0.8791,-1,-1,-1
531,174,156.39,103.47,91.11,286.85,0.8511,-1,-1,-1
531,181,112.93,160.03,53.78,156.92,0.8114,-1,-1,-1
531,182,385.79,111.93,96.60,322.26,0.8240,-1,-1,-1
532,165,484.48,0.23,152.69,475.25,0.8852,-1,-1,-1
532,177,218.73,26.17,156.45,450.83,0.8936,-1,-1,-1
532,174,161.75,100.99,86.55,277.82,0.8406,-1,-1,-1
532,181,96.80,157.09,62.17,163.87,0.7518,-1,-1,-1
532,182,379.45,106.37,98.18,322.40,0.8402,-1,-1,-1
533,165,483.84,-1.41,152.48,476.37,0.8890,-1,-1,-1
533,177,215.57,21.29,149.48,456.17,0.8799,-1,-1,-1
533,174,166.78,94.28,77.81,276.84,0.7978,-1,-1,-1
533,181,76.49,152.48,71.52,169.35,0.7949,-1,-1,-1
533,182,371.15,98.56,98.66,314.45,0.8438,-1,-1,-1
533,183,464.89,92.02,50.06,265.08,0.5636,-1,-1,-1
534,165,485.61,1.19,149.04,476.56,0.8880,-1,-1,-1
534,177,202.46,21.13,144.58,458.16,0.8854,-1,-1,-1
534,174,151.02,89.66,84.34,280.29,0.7946,-1,-1,-1
534,181,54.87,146.13,69.42,180.16,0.7984,-1,-1,-1
534,182,358.27,95.48,96.51,315.00,0.7876,-1,-1,-1
534,183,454.10,89.46,59.70,292.96,0.7802,-1,-1,-1
535,165,491.74,3.38,144.02,473.47,0.8779,-1,-1,-1
535,177,191.58,22.88,147.85,457.21,0.8782,-1,-1,-1
535,174,140.77,90.21,89.55,288.76,0.5142,-1,-1,-1
535,181,41.27,139.75,69.58,190.27,0.7869,-1,-1,-1
535,182,342.25,96.19,103.65,317.01,0.7805,-1,-1,-1
535,183,448.56,89.51,68.17,318.94,0.8451,-1,-1,-1
536,165,499.58,1.66,139.12,474.74,0.8810,-1,-1,-1
536,177,191.83,18.93,147.16,457.04,0.8794,-1,-1,-1
536,174,138.28,114.66,83.93,201.80,0.5161,-1,-1,-1
536,181,30.21,132.69,74.59,199.87,0.7968,-1,-1,-1
536,182,328.06,96.14,115.36,321.19,0.8517,-1,-1,-1
536,183,445.96,88.25,77.11,321.73,0.8429,-1,-1,-1
537,165,506.05,4.67,132.90,470.89,0.8824,-1,-1,-1
537,177,191.76,6.42,148.20,457.09,0.8817,-1,-1,-1
537,174,135.63,118.80,79.86,173.65,0.4640,-1,-1,-1
537,181,13.46,118.74,81.46,210.17,0.8026,-1,-1,-1
537,182,319.72,91.60,120.23,328.07,0.8493,-1,-1,-1
537,183,442.82,83.64,84.48,322.24,0.8732,-1,-1,-1
538,165,511.90,4.18,126.73,473.15,0.8789,-1,-1,-1
538,177,193.62,3.20,151.77,453.64,0.8947,-1,-1,-1
538,174,134.02,125.57,76.04,161.63,0.5854,-1,-1,-1
538,181,5.88,115.77,83.63,221.38,0.8456,-1,-1,-1
538,182,323.64,91.13,112.86,332.35,0.8007,-1,-1,-1
538,183,440.05,85.12,90.79,334.69,0.8513,-1,-1,-1
538,185,124.78,145.58,37.84,140.66,0.6651,-1,-1,-1
539,165,530.70,1.67,110.70,474.07,0.8620,-1,-1,-1
539,177,197.58,-0.69,158.66,463.83,0.8856,-1,-1,-1
539,174,148.88,122.37,63.55,161.48,0.6061,-1,-1,-1
539,181,-0.24,109.51,86.58,235.51,0.8775,-1,-1,-1
539,182,333.35,86.48,103.74,331.08,0.8634,-1,-1,-1
539,183,447.37,82.14,94.23,330.52,0.8490,-1,-1,-1
539,185,122.45,139.74,44.95,145.51,0.7932,-1,-1,-1
539,186,409.75,125.49,49.30,225.57,0.7755,-1,-1,-1
540,165,542.38,4.94,100.28,467.90,0.8122,-1,-1,-1
540,177,201.47,-0.15,162.81,473.00,0.8777,-1,-1,-1
540,181,-3.71,112.32,89.83,246.28,0.8681,-1,-1,-1
540,182,340.28,87.54,98.88,326.80,0.8686,-1,-1,-1
540,183,451.01,78.60,101.76,339.09,0.8351,-1,-1,-1
540,185,121.20,138.95,52.68,151.39,0.7812,-1,-1,-1
540,186,413.25,127.34,51.39,223.70,0.7292,-1,-1,-1
541,165,562.40,18.72,81.52,423.62,0.7544,-1,-1,-1
541,177,212.99,-0.32,162.77,473.86,0.8654,-1,-1,-1
541,181,-2.87,108.89,85.21,262.31,0.8601,-1,-1,-1
541,182,350.53,84.09,95.60,334.61,0.8384,-1,-1,-1
541,183,457.97,74.24,112.95,346.76,0.7461,-1,-1,-1
541,185,119.45,139.45,61.90,155.80,0.8574,-1,-1,-1
541,186,423.21,125.99,49.87,232.90,0.6711,-1,-1,-1
541,187,187.48,123.79,57.80,247.17,0.7327,-1,-1,-1
542,165,588.80,39.17,53.54,390.96,0.4941,-1,-1,-1
542,177,226.09,0.97,158.04,474.49,0.8767,-1,-1,-1
542,181,-2.70,100.63,77.69,280.00,0.8438,-1,-1,-1
542,182,360.13,83.81,91.29,339.54,0.7930,-1,-1,-1
542,183,453.35,72.07,123.06,355.64,0.6215,-1,-1,-1
542,185,111.58,139.59,71.93,161.44,0.8664,-1,-1,-1
542,186,431.67,126.62,44.82,247.68,0.2615,-1,-1,-1
542,187,204.82,122.74,47.27,251.27,0.4877,-1,-1,-1
542,174,186.97,126.95,49.26,172.28,0.3919,-1,-1,-1
543,165,603.50,72.44,36.60,351.17,0.1796,-1,-1,-1
543,177,233.92,6.93,158.93,471.41,0.8474,-1,-1,-1
543,181,-2.65,94.41,74.06,293.47,0.8645,-1,-1,-1
543,182,366.82,89.72,86.88,342.40,0.6886,-1,-1,-1
543,183,444.93,76.06,126.70,362.84,0.8114,-1,-1,-1
543,185,104.39,143.51,77.74,162.89,0.8755,-1,-1,-1
543,186,432.21,126.68,49.31,273.44,0.3388,-1,-1,-1
543,187,213.54,124.01,43.88,256.43,0.5257,-1,-1,-1
543,174,187.16,145.09,40.55,155.83,0.5616,-1,-1,-1
544,177,243.68,3.26,157.46,474.68,0.8633,-1,-1,-1
544,181,-0.48,84.11,60.02,303.73,0.8031,-1,-1,-1
544,182,383.31,87.95,75.33,324.78,0.5156,-1,-1,-1
544,183,447.54,75.49,131.25,368.09,0.8223,-1,-1,-1
544,185,100.99,136.41,80.26,168.23,0.8782,-1,-1,-1
544,186,432.84,122.42,46.83,252.39,0.1844,-1,-1,-1
544,187,220.00,128.97,44.02,248.09,0.6382,-1,-1,-1
544,174,186.06,145.20,47.05,152.57,0.7646,-1,-1,-1
545,177,246.04,1.30,164.29,476.12,0.8553,-1,-1,-1
545,181,-0.04,99.48,60.71,289.09,0.7935,-1,-1,-1
545,182,395.27,88.02,68.42,337.80,0.5132,-1,-1,-1
545,183,453.60,74.31,132.07,371.64,0.8016,-1,-1,-1
545,185,101.48,134.05,81.34,170.89,0.8726,-1,-1,-1
545,186,439.89,117.58,39.44,247.13,0.3106,-1,-1,-1
545,187,227.20,140.23,43.10,235.26,0.3899,-1,-1,-1
545,174,187.72,147.48,50.07,151.45,0.7137,-1,-1,-1
546,177,254.03,0.36,172.66,477.32,0.8985,-1,-1,-1
546,181,0.39,112.31,55.89,282.93,0.7622,-1,-1,-1
546,182,384.63,84.47,88.96,347.79,0.5795,-1,-1,-1
546,183,468.72,71.37,127.67,374.27,0.7836,-1,-1,-1
546,185,105.21,131.15,81.73,175.90,0.8602,-1,-1,-1
546,186,454.82,121.75,40.67,244.79,0.2450,-1,-1,-1
546,174,194.19,149.06,51.51,152.82,0.7579,-1,-1,-1
547,177,251.89,-1.31,187.24,479.41,0.8883,-1,-1,-1
547,181,-0.92,119.38,38.37,276.02,0.5029,-1,-1,-1
547,182,391.98,80.82,89.64,344.00,0.6853,-1,-1,-1
547,183,483.56,65.85,124.83,370.23,0.7380,-1,-1,-1
547,185,109.24,122.52,74.26,183.68,0.7894,-1,-1,-1
547,174,194.40,143.13,54.57,158.70,0.8171,-1,-1,-1
548,177,251.97,-0.83,194.81,474.48,0.8814,-1,-1,-1
548,182,401.00,81.46,85.11,348.24,0.5365,-1,-1,-1
548,183,500.14,64.15,121.66,376.71,0.7096,-1,-1,-1
548,185,114.59,120.33,67.61,188.61,0.8157,-1,-1,-1
548,174,196.25,139.88,59.89,164.45,0.8394,-1,-1,-1
548,186,475.26,115.72,44.25,253.02,0.6141,-1,-1,-1
549,177,252.76,-0.45,197.06,471.77,0.8594,-1,-1,-1
549,182,421.36,85.92,69.54,336.74,0.4070,-1,-1,-1
549,183,511.29,62.09,124.84,386.26,0.7685,-1,-1,-1
549,185,115.34,117.97,66.97,192.98,0.8225,-1,-1,-1
549,174,195.07,136.33,63.30,169.55,0.8261,-1,-1,-1
549,186,479.86,119.63,48.38,248.34,0.6846,-1,-1,-1
550,177,257.86,-5.15,194.73,480.40,0.7731,-1,-1,-1
550,182,411.53,67.77,78.91,360.99,0.3738,-1,-1,-1
550,183,525.75,48.13,117.44,401.00,0.8854,-1,-1,-1
550,185,107.38,103.23,70.82,202.14,0.7353,-1,-1,-1
550,174,194.85,119.25,63.86,177.27,0.8328,-1,-1,-1
550,186,486.01,110.09,54.70,250.58,0.7895,-1,-1,-1
551,177,262.48,-1.24,186.29,478.98,0.7981,-1,-1,-1
551,182,408.56,69.48,80.80,365.29,0.5840,-1,-1,-1
551,183,531.59,44.43,111.31,407.44,0.9019,-1,-1,-1
551,185,95.21,98.79,77.60,208.65,0.8372,-1,-1,-1
551,174,192.90,114.47,63.92,181.64,0.8254,-1,-1,-1
551,186,487.29,108.53,61.35,251.22,0.7482,-1,-1,-1
551,187,256.25,123.55,54.98,211.95,0.3576,-1,-1,-1
552,177,261.08,3.29,206.86,465.31,0.7676,-1,-1,-1
552,182,414.64,70.96,68.76,285.38,0.6492,-1,-1,-1
552,183,537.15,50.48,104.92,410.25,0.8940,-1,-1,-1
552,185,79.68,104.05,83.73,216.73,0.8669,-1,-1,-1
552,174,182.42,117.94,72.57,190.84,0.8695,-1,-1,-1
552,186,490.35,116.36,61.06,250.33,0.8078,-1,-1,-1
552,187,256.79,129.49,52.89,206.95,0.3710,-1,-1,-1
553,177,256.45,6.72,209.47,470.36,0.8598,-1,-1,-1
553,182,412.52,69.43,67.76,255.17,0.6963,-1,-1,-1
553,183,544.27,52.27,96.97,412.51,0.8766,-1,-1,-1
553,185,71.45,100.20,83.42,225.86,0.8717,-1,-1,-1
553,174,173.01,117.50,78.62,195.87,0.8716,-1,-1,-1
553,186,494.55,118.23,61.01,250.17,0.8039,-1,-1,-1
554,177,249.46,2.70,199.26,478.00,0.8953,-1,-1,-1
554,182,423.37,103.28,54.10,220.48,0.3899,-1,-1,-1
554,183,550.43,51.83,90.53,408.65,0.8936,-1,-1,-1
554,185,63.28,96.38,81.46,235.21,0.8522,-1,-1,-1
554,174,167.07,116.49,81.29,203.93,0.8604,-1,-1,-1
554,186,499.91,119.00,62.03,249.64,0.7678,-1,-1,-1
555,177,256.80,-0.76,191.65,479.96,0.9125,-1,-1,-1
555,182,411.75,111.62,62.33,236.85,0.6300,-1,-1,-1
555,183,559.35,45.73,82.85,403.98,0.8912,-1,-1,-1
555,185,60.06,89.13,74.76,242.81,0.8391,-1,-1,-1
555,174,166.93,109.75,78.81,213.41,0.8783,-1,-1,-1
555,186,506.89,112.65,65.71,248.71,0.7635,-1,-1,-1
556,177,253.40,2.09,193.56,478.78,0.9082,-1,-1,-1
556,182,411.82,117.16,64.79,244.50,0.6948,-1,-1,-1
556,183,564.44,47.52,76.54,402.55,0.8629,-1,-1,-1
556,185,49.05,89.75,77.63,248.56,0.8331,-1,-1,-1
556,174,164.53,111.30,77.31,220.13,0.8762,-1,-1,-1
556,186,509.02,115.46,69.86,248.94,0.7722,-1,-1,-1
557,177,258.38,6.42,190.60,477.88,0.9203,-1,-1,-1
557,182,417.10,124.67,73.49,269.73,0.7216,-1,-1,-1
557,183,555.70,61.36,84.63,393.36,0.8320,-1,-1,-1
557,185,26.62,93.00,87.91,258.07,0.8682,-1,-1,-1
557,174,157.50,113.85,78.12,230.87,0.8789,-1,-1,-1
557,186,515.38,128.64,66.69,245.87,0.8214,-1,-1,-1
558,177,260.73,3.83,189.13,474.93,0.9082,-1,-1,-1
558,182,418.04,119.96,84.94,283.32,0.8158,-1,-1,-1
558,183,550.13,60.85,89.75,382.01,0.8451,-1,-1,-1
558,185,6.26,85.25,98.14,266.87,0.8952,-1,-1,-1
558,174,152.63,107.83,79.83,237.05,0.8721,-1,-1,-1
558,186,519.56,129.38,63.44,235.83,0.8128,-1,-1,-1
559,177,268.84,-0.35,189.95,474.94,0.9217,-1,-1,-1
559,182,427.40,106.24,102.92,308.91,0.8191,-1,-1,-1
559,183,557.51,49.96,88.15,374.74,0.8579,-1,-1,-1
559,185,-2.25,79.14,100.58,274.21,0.9037,-1,-1,-1
559,174,150.10,97.18,86.83,245.75,0.8667,-1,-1,-1
559,186,532.26,117.86,64.77,246.36,0.7421,-1,-1,-1
560,177,270.46,0.11,188.29,476.78,0.9136,-1,-1,-1
560,182,438.36,95.63,106.99,331.23,0.8006,-1,-1,-1
560,183,569.24,45.51,74.04,376.49,0.8585,-1,-1,-1
560,185,-6.16,77.69,96.79,281.26,0.9214,-1,-1,-1
560,174,144.18,91.69,91.78,258.91,0.8781,-1,-1,-1
560,186,537.43,113.95,61.79,243.72,0.7395,-1,-1,-1
561,177,256.28,-1.39,196.30,480.96,0.8990,-1,-1,-1
561,182,443.25,76.11,111.65,358.96,0.6572,-1,-1,-1
561,183,571.82,38.80,69.02,387.04,0.8866,-1,-1,-1
561,185,-11.06,67.69,84.01,290.33,0.8848,-1,-1,-1
561,174,126.24,79.56,96.85,278.10,0.8097,-1,-1,-1
561,186,544.08,109.54,49.18,247.14,0.5997,-1,-1,-1
562,177,245.17,-1.92,201.66,480.89,0.8985,-1,-1,-1
562,182,450.87,59.75,114.14,377.53,0.7988,-1,-1,-1
562,183,568.71,34.38,70.37,395.97,0.9048,-1,-1,-1
562,185,-9.04,77.01,65.65,277.49,0.8560,-1,-1,-1
562,174,111.38,70.53,99.64,289.77,0.8753,-1,-1,-1
563,177,237.00,0.96,214.54,481.27,0.9243,-1,-1,-1
563,182,467.88,47.56,126.64,418.18,0.6245,-1,-1,-1
563,183,577.97,38.07,64.22,406.18,0.8313,-1,-1,-1
563,185,-6.10,96.61,40.34,263.40,0.5158,-1,-1,-1
563,174,97.59,64.69,106.82,313.49,0.8177,-1,-1,-1
563,189,410.56,79.96,71.74,271.43,0.6222,-1,-1,-1
564,177,233.04,1.67,217.90,479.97,0.9036,-1,-1,-1
564,182,501.11,39.21,119.32,435.08,0.5517,-1,-1,-1
564,183,582.95,39.77,58.31,411.11,0.6636,-1,-1,-1
564,174,86.47,57.92,115.09,330.37,0.8687,-1,-1,-1
564,189,413.26,78.67,73.55,280.16,0.7098,-1,-1,-1
565,177,232.27,-0.19,219.09,481.37,0.9221,-1,-1,-1
565,182,492.59,26.43,149.06,456.80,0.8272,-1,-1,-1
565,174,73.35,48.01,119.27,352.15,0.8584,-1,-1,-1
565,189,415.06,73.52,82.44,298.38,0.7920,-1,-1,-1
566,177,231.50,0.27,214.60,480.47,0.9175,-1,-1,-1
566,182,501.88,58.74,144.91,427.96,0.5172,-1,-1,-1
566,174,59.88,38.28,125.37,368.80,0.8917,-1,-1,-1
566,189,420.43,65.30,83.05,316.37,0.8403,-1,-1,-1
567,177,230.66,0.39,208.87,476.00,0.9194,-1,-1,-1
567,182,523.43,68.25,125.33,416.20,0.8255,-1,-1,-1
567,174,42.80,25.28,133.38,390.63,0.9007,-1,-1,-1
567,189,424.15,54.20,89.59,335.36,0.8584,-1,-1,-1
568,177,228.15,0.80,205.81,471.56,0.9187,-1,-1,-1
568,182,537.05,60.86,111.07,421.31,0.6951,-1,-1,-1
568,174,23.94,15.28,143.64,409.98,0.9122,-1,-1,-1
568,189,424.74,44.01,103.12,355.90,0.8648,-1,-1,-1
569,177,221.74,-0.30,206.11,473.67,0.9236,-1,-1,-1
569,182,562.85,52.50,86.12,428.51,0.4805,-1,-1,-1
569,174,3.14,1.40,152.20,441.66,0.9100,-1,-1,-1
569,189,421.56,26.17,123.87,380.75,0.8649,-1,-1,-1
570,177,213.65,1.13,208.14,472.22,0.9178,-1,-1,-1
570,182,564.97,46.94,78.99,390.90,0.6262,-1,-1,-1
570,174,-2.90,-1.54,147.27,440.59,0.9159,-1,-1,-1
570,189,424.05,13.24,132.20,399.97,0.8622,-1,-1,-1
571,177,196.64,0.26,222.34,476.71,0.9079,-1,-1,-1
571,182,568.56,51.84,73.87,375.34,0.8798,-1,-1,-1
571,174,-6.46,-5.67,131.54,453.21,0.8978,-1,-1,-1
571,189,431.36,1.71,140.74,428.37,0.8686,-1,-1,-1
572,177,185.00,-0.85,230.99,477.64,0.9157,-1,-1,-1
572,182,573.27,59.00,67.79,330.46,0.7341,-1,-1,-1
572,174,-6.24,-7.92,114.84,463.98,0.8826,-1,-1,-1
572,189,438.71,-3.52,149.02,451.24,0.8796,-1,-1,-1
573,177,178.78,1.84,239.38,477.11,0.9162,-1,-1,-1
573,182,589.18,69.84,51.36,318.77,0.4259,-1,-1,-1
573,174,-4.25,7.42,100.06,464.17,0.8323,-1,-1,-1
573,189,443.23,-2.01,169.96,476.01,0.8487,-1,-1,-1
574,177,178.69,0.42,248.95,479.41,0.9135,-1,-1,-1
574,189,455.92,-4.39,180.33,490.44,0.9044,-1,-1,-1
575,177,185.14,1.30,248.95,475.14,0.9049,-1,-1,-1
575,189,463.87,-4.17,181.56,489.17,0.9145,-1,-1,-1
576,177,191.81,-0.80,251.81,480.66,0.9184,-1,-1,-1
576,189,478.19,-7.19,176.65,494.05,0.9071,-1,-1,-1
577,177,201.36,0.01,248.55,478.85,0.9225,-1,-1,-1
577,189,492.40,-5.23,160.47,488.84,0.8957,-1,-1,-1
578,177,211.56,-0.81,244.87,481.10,0.9245,-1,-1,-1
578,189,516.43,-4.61,135.87,490.70,0.7291,-1,-1,-1
579,177,221.29,-3.11,239.65,482.84,0.9072,-1,-1,-1
580,177,231.63,2.04,234.18,474.45,0.9166,-1,-1,-1
580,193,502.95,96.06,128.04,318.60,0.8443,-1,-1,-1
581,177,252.26,5.87,229.51,469.34,0.9243,-1,-1,-1
581,193,507.52,80.19,93.97,324.35,0.7142,-1,-1,-1
581,194,218.77,151.31,46.56,131.56,0.7864,-1,-1,-1
582,177,258.21,5.65,231.25,466.24,0.9218,-1,-1,-1
582,193,498.63,71.83,84.88,325.17,0.6026,-1,-1,-1
582,194,213.60,150.80,52.31,135.17,0.8260,-1,-1,-1
583,177,265.35,6.50,241.28,467.47,0.9171,-1,-1,-1
583,193,499.47,79.24,75.89,322.87,0.6863,-1,-1,-1
583,194,209.72,159.00,57.40,137.81,0.7320,-1,-1,-1
584,177,270.11,3.80,256.52,468.48,0.9155,-1,-1,-1
584,194,206.11,158.77,58.63,142.62,0.7192,-1,-1,-1
584,196,513.78,102.25,117.31,313.94,0.5038,-1,-1,-1
585,177,273.09,1.57,271.58,467.50,0.9072,-1,-1,-1
585,194,201.88,151.10,58.13,149.46,0.7361,-1,-1,-1
585,197,548.48,118.21,59.56,235.14,0.4531,-1,-1,-1
585,198,1.32,-0.94,108.09,464.45,0.6190,-1,-1,-1
586,177,277.58,3.71,275.81,467.26,0.9011,-1,-1,-1
586,194,198.64,148.31,60.02,158.91,0.8082,-1,-1,-1
586,197,539.82,121.56,67.08,253.71,0.7515,-1,-1,-1
586,198,2.32,0.93,114.45,472.62,0.5812,-1,-1,-1
586,193,458.95,91.21,123.79,318.84,0.3595,-1,-1,-1
587,177,276.30,2.78,267.27,464.30,0.9127,-1,-1,-1
587,194,188.22,144.51,62.13,160.99,0.8180,-1,-1,-1
587,197,523.77,117.59,70.23,256.42,0.6560,-1,-1,-1
587,198,-0.02,0.77,113.21,475.33,0.6821,-1,-1,-1
587,193,448.12,123.49,116.60,274.79,0.5198,-1,-1,-1
588,177,273.14,3.97,257.40,470.73,0.9158,-1,-1,-1
588,194,178.31,147.16,61.68,164.40,0.8345,-1,-1,-1
588,197,513.10,123.33,72.02,253.96,0.7257,-1,-1,-1
588,198,-1.55,1.70,106.46,477.83,0.6465,-1,-1,-1
588,193,444.54,164.42,94.19,229.22,0.5844,-1,-1,-1
589,177,248.62,4.13,252.96,473.01,0.9051,-1,-1,-1
589,194,153.44,145.88,64.00,170.77,0.7229,-1,-1,-1
589,197,474.89,128.68,88.37,247.54,0.6394,-1,-1,-1
589,198,-4.22,1.53,97.58,476.84,0.6293,-1,-1,-1
590,177,234.37,1.55,255.63,473.66,0.8834,-1,-1,-1
590,194,139.17,141.26,68.54,177.26,0.8216,-1,-1,-1
590,197,457.36,125.83,96.44,246.67,0.7959,-1,-1,-1
590,198,-2.75,1.23,98.32,472.48,0.3432,-1,-1,-1
591,177,207.63,-0.15,264.78,476.53,0.8733,-1,-1,-1
591,194,120.60,139.45,68.85,183.27,0.8122,-1,-1,-1
591,197,442.26,122.73,95.85,245.91,0.6489,-1,-1,-1
591,198,-5.02,-0.38,110.51,473.95,0.6629,-1,-1,-1
592,177,188.45,1.41,263.02,477.74,0.8745,-1,-1,-1
592,194,102.31,142.98,72.33,193.94,0.8585,-1,-1,-1
592,197,410.21,126.26,105.56,257.48,0.7559,-1,-1,-1
592,198,-4.92,0.98,85.32,408.78,0.7696,-1,-1,-1
593,177,187.56,-1.73,254.93,479.14,0.8939,-1,-1,-1
593,194,83.51,132.24,75.42,206.02,0.8117,-1,-1,-1
593,197,380.93,122.41,101.97,256.82,0.3695,-1,-1,-1
593,198,-1.99,6.27,100.40,448.00,0.4038,-1,-1,-1
594,177,188.48,-1.97,249.21,478.80,0.8991,-1,-1,-1
594,194,71.31,124.04,77.68,214.43,0.8333,-1,-1,-1
594,197,370.74,125.15,82.95,252.19,0.2940,-1,-1,-1
594,198,-0.25,19.49,97.45,449.76,0.5638,-1,-1,-1
595,177,189.02,1.02,243.52,480.79,0.9078,-1,-1,-1
595,194,46.81,121.09,88.22,228.02,0.7864,-1,-1,-1
595,197,363.63,132.78,72.71,253.79,0.2734,-1,-1,-1
595,198,-0.62,33.64,76.10,444.38,0.2226,-1,-1,-1
596,177,189.79,0.77,236.84,480.17,0.9078,-1,-1,-1
596,194,34.47,113.15,91.44,237.64,0.8217,-1,-1,-1
596,197,364.11,128.32,78.86,259.52,0.5818,-1,-1,-1
596,198,0.84,39.09,51.94,355.91,0.4029,-1,-1,-1
596,201,405.01,127.84,54.94,243.44,0.3981,-1,-1,-1
597,177,194.11,0.04,225.95,480.18,0.9004,-1,-1,-1
597,194,24.52,106.28,90.29,247.03,0.7980,-1,-1,-1
597,197,357.85,135.33,83.45,250.20,0.3712,-1,-1,-1
597,198,0.58,53.42,38.40,310.47,0.5669,-1,-1,-1
597,201,366.80,137.19,80.01,243.40,0.3712,-1,-1,-1
598,177,198.88,1.22,219.66,478.83,0.9108,-1,-1,-1
598,194,14.56,105.81,88.61,253.62,0.7668,-1,-1,-1
598,197,366.40,139.29,70.15,242.78,0.2545,-1,-1,-1
598,198,1.12,107.15,34.12,248.32,0.4540,-1,-1,-1
598,203,158.23,154.91,53.38,149.37,0.7754,-1,-1,-1
599,177,199.47,-0.04,222.32,477.54,0.9032,-1,-1,-1
599,194,1.79,100.47,91.67,274.74,0.8245,-1,-1,-1
599,197,369.53,138.95,59.35,234.57,0.4019,-1,-1,-1
599,203,151.36,152.47,58.08,151.36,0.8051,-1,-1,-1
599,204,606.53,200.17,33.26,141.46,0.6152,-1,-1,-1
599,201,365.85,139.66,61.78,232.27,0.4019,-1,-1,-1
600,177,200.82,1.14,230.05,476.61,0.9121,-1,-1,-1
600,194,-2.96,96.21,78.78,279.62,0.8680,-1,-1,-1
600,197,365.73,142.95,67.82,224.81,0.1929,-1,-1,-1
600,203,146.02,153.54,60.52,158.45,0.8116,-1,-1,-1
600,204,600.02,160.69,40.36,190.08,0.6039,-1,-1,-1
601,177,199.39,1.13,236.80,476.73,0.9209,-1,-1,-1
601,194,-2.47,119.89,63.23,255.93,0.4183,-1,-1,-1
601,197,362.75,139.61,73.35,225.43,0.1996,-1,-1,-1
601,203,141.92,153.27,62.43,162.95,0.8204,-1,-1,-1
601,204,596.09,134.94,44.93,219.24,0.5683,-1,-1,-1
601,198,0.84,134.29,53.24,236.07,0.4183,-1,-1,-1
602,177,195.29,-0.94,244.05,478.27,0.9112,-1,-1,-1
602,194,-1.76,123.27,50.29,322.59,0.2428,-1,-1,-1
602,203,139.85,150.16,60.58,167.30,0.8201,-1,-1,-1
602,204,592.41,112.90,49.20,243.78,0.5306,-1,-1,-1
603,177,193.33,0.45,241.30,479.63,0.9084,-1,-1,-1
603,194,-2.19,164.35,36.68,300.58,0.3071,-1,-1,-1
603,203,132.68,152.20,62.92,173.00,0.8622,-1,-1,-1
603,204,589.00,104.12,51.92,259.91,0.5837,-1,-1,-1
604,177,192.81,-0.28,236.10,479.68,0.9057,-1,-1,-1
604,203,129.35,148.70,67.71,178.59,0.8127,-1,-1,-1
604,204,583.51,97.30,57.34,339.30,0.4698,-1,-1,-1
604,197,366.78,172.54,66.40,197.47,0.3795,-1,-1,-1
605,177,196.23,-0.14,224.16,480.58,0.9085,-1,-1,-1
605,203,127.06,145.51,68.91,183.84,0.8074,-1,-1,-1
605,204,585.01,91.19,56.38,304.17,0.5190,-1,-1,-1
605,197,371.08,182.96,56.83,188.53,0.3238,-1,-1,-1
605,198,1.53,211.00,63.68,205.47,0.4953,-1,-1,-1
606,177,200.75,-0.60,214.93,478.61,0.9110,-1,-1,-1
606,203,125.60,140.71,70.62,185.96,0.8113,-1,-1,-1
606,204,589.54,89.20,52.64,362.00,0.4641,-1,-1,-1
606,198,2.74,217.33,67.53,249.00,0.4066,-1,-1,-1
607,177,198.18,-1.03,212.42,481.33,0.9039,-1,-1,-1
607,203,116.41,133.96,76.45,195.10,0.8302,-1,-1,-1
607,198,0.21,206.41,69.13,235.03,0.4382,-1,-1,-1
608,177,195.69,-0.63,213.44,482.37,0.9086,-1,-1,-1
608,203,101.31,131.48,87.81,203.16,0.8437,-1,-1,-1
609,177,200.23,-3.59,217.57,482.18,0.9003,-1,-1,-1
609,203,95.38,122.43,93.21,212.45,0.8684,-1,-1,-1
610,177,207.04,-1.51,220.52,481.32,0.7993,-1,-1,-1
610,203,92.76,121.51,89.63,221.02,0.8499,-1,-1,-1
611,177,220.40,0.87,214.76,480.58,0.8659,-1,-1,-1
611,203,90.56,123.80,85.85,228.00,0.8527,-1,-1,-1
612,177,229.15,-0.60,219.64,480.07,0.8847,-1,-1,-1
612,203,81.52,116.52,86.82,238.23,0.8632,-1,-1,-1
612,208,192.94,139.97,69.58,244.66,0.4076,-1,-1,-1
612,209,162.34,166.95,37.65,122.72,0.7495,-1,-1,-1
613,177,229.92,-1.41,226.13,479.02,0.8775,-1,-1,-1
613,203,61.57,107.91,96.56,244.58,0.8604,-1,-1,-1
613,208,186.12,135.90,81.58,235.29,0.5147,-1,-1,-1
613,209,154.07,161.90,42.94,124.66,0.7298,-1,-1,-1
613,210,-0.53,17.50,74.54,305.26,0.7613,-1,-1,-1
614,177,242.09,0.81,227.03,478.64,0.8816,-1,-1,-1
614,203,49.32,101.76,95.06,262.50,0.8848,-1,-1,-1
614,208,176.11,112.90,89.71,255.35,0.8665,-1,-1,-1
614,209,141.85,159.67,47.93,130.19,0.7537,-1,-1,-1
614,210,-1.18,26.71,74.49,308.82,0.7064,-1,-1,-1
615,177,256.89,1.95,222.23,477.11,0.8894,-1,-1,-1
615,203,47.19,97.45,91.01,272.88,0.8384,-1,-1,-1
615,208,178.87,106.20,88.03,264.01,0.8633,-1,-1,-1
615,209,136.70,158.22,50.39,132.95,0.7917,-1,-1,-1
615,210,0.51,23.55,72.42,370.65,0.7938,-1,-1,-1
616,177,271.25,-0.32,224.48,480.22,0.8924,-1,-1,-1
616,203,47.24,90.42,82.53,273.20,0.7537,-1,-1,-1
616,208,183.84,103.45,83.96,271.22,0.8400,-1,-1,-1
616,209,129.89,152.50,54.23,138.70,0.8220,-1,-1,-1
616,210,-0.14,11.31,78.05,432.25,0.6317,-1,-1,-1
617,177,278.86,-2.30,226.48,479.58,0.8881,-1,-1,-1
617,203,43.72,77.87,78.11,230.61,0.6213,-1,-1,-1
617,208,184.17,97.64,82.25,273.24,0.8541,-1,-1,-1
617,209,125.67,144.18,56.87,143.03,0.7973,-1,-1,-1
617,210,0.01,1.58,85.27,462.28,0.4682,-1,-1,-1
617,211,251.26,109.72,55.79,192.17,0.6300,-1,-1,-1
618,177,278.73,-2.98,227.28,481.79,0.8937,-1,-1,-1
618,203,34.64,57.90,67.90,188.05,0.3166,-1,-1,-1
618,208,178.87,92.59,77.24,276.29,0.8549,-1,-1,-1
618,209,110.03,136.70,64.22,149.82,0.7921,-1,-1,-1
618,210,-1.28,-5.85,88.65,487.86,0.8149,-1,-1,-1
618,201,265.08,95.69,50.40,255.93,0.7249,-1,-1,-1
619,177,276.73,-0.07,226.02,479.58,0.9010,-1,-1,-1
619,208,172.04,92.85,74.23,271.47,0.8632,-1,-1,-1
619,209,101.86,134.12,57.36,152.57,0.8066,-1,-1,-1
619,210,0.72,-4.88,92.14,489.56,0.8445,-1,-1,-1
619,201,258.70,92.49,55.67,259.08,0.7926,-1,-1,-1
620,177,276.25,1.42,226.00,479.58,0.8565,-1,-1,-1
620,208,168.53,93.13,72.55,266.58,0.8336,-1,-1,-1
620,209,92.80,134.72,60.91,157.51,0.8081,-1,-1,-1
620,210,0.39,-1.45,100.11,489.53,0.8455,-1,-1,-1
620,201,255.26,91.01,61.33,264.36,0.8104,-1,-1,-1
620,213,233.54,124.71,41.82,175.86,0.6489,-1,-1,-1
621,177,288.77,4.44,212.96,475.30,0.8909,-1,-1,-1
621,208,169.58,103.38,73.29,265.28,0.7976,-1,-1,-1
621,209,90.29,142.46,64.63,161.24,0.7955,-1,-1,-1
621,210,0.02,5.68,107.49,489.00,0.8804,-1,-1,-1
621,201,255.21,101.03,67.23,262.97,0.8151,-1,-1,-1
621,213,237.43,134.23,40.46,176.07,0.7010,-1,-1,-1
622,177,305.46,4.97,198.45,475.48,0.9047,-1,-1,-1
622,208,173.34,112.41,73.30,265.65,0.8545,-1,-1,-1
622,209,90.28,146.77,64.84,162.42,0.8021,-1,-1,-1
622,210,0.16,6.08,119.20,490.03,0.8905,-1,-1,-1
622,201,259.78,111.08,65.96,265.42,0.8253,-1,-1,-1
622,213,242.55,144.00,35.67,169.81,0.6811,-1,-1,-1
623,177,309.89,3.29,190.36,476.98,0.9139,-1,-1,-1
623,208,171.00,117.75,73.70,267.06,0.8562,-1,-1,-1
623,209,88.98,145.76,59.38,151.40,0.7316,-1,-1,-1
623,210,-1.79,5.91,125.54,487.25,0.8239,-1,-1,-1
623,201,259.50,117.66,64.25,265.40,0.8259,-1,-1,-1
623,213,240.90,151.25,32.17,165.83,0.7129,-1,-1,-1
624,177,309.37,1.65,185.65,477.44,0.9197,-1,-1,-1
624,208,167.86,121.11,76.05,266.82,0.8213,-1,-1,-1
624,209,85.50,128.13,53.45,148.09,0.4267,-1,-1,-1
624,210,-0.76,2.26,122.45,487.83,0.6564,-1,-1,-1
624,201,257.07,119.44,67.44,264.49,0.8273,-1,-1,-1
624,213,239.92,155.26,29.37,164.94,0.5107,-1,-1,-1
625,177,309.58,-1.26,186.33,479.15,0.9171,-1,-1,-1
625,208,165.14,116.67,81.69,268.45,0.7985,-1,-1,-1
625,210,-0.56,47.71,102.32,437.79,0.6965,-1,-1,-1
625,201,249.11,115.65,76.16,257.24,0.8592,-1,-1,-1
626,177,311.67,-2.51,192.89,480.33,0.9133,-1,-1,-1
626,208,160.01,112.38,93.66,268.43,0.8228,-1,-1,-1
626,210,0.58,65.56,96.52,417.44,0.6167,-1,-1,-1
626,201,250.19,110.07,75.96,254.83,0.8529,-1,-1,-1
627,177,313.56,-4.08,205.27,482.39,0.9044,-1,-1,-1
627,208,169.31,104.37,85.07,264.37,0.7839,-1,-1,-1
627,210,-0.90,19.07,129.65,462.85,0.6251,-1,-1,-1
627,201,252.84,103.66,72.08,258.30,0.8542,-1,-1,-1
628,177,320.31,-3.60,221.39,482.21,0.9194,-1,-1,-1
628,208,175.34,97.98,83.34,263.64,0.8363,-1,-1,-1
628,210,0.41,4.00,146.34,478.96,0.6092,-1,-1,-1
628,201,256.48,100.68,74.12,260.27,0.8704,-1,-1,-1
629,177,330.86,1.46,244.67,479.14,0.8932,-1,-1,-1
629,208,186.15,106.57,82.45,263.25,0.8099,-1,-1,-1
629,210,2.96,4.91,162.71,482.91,0.6210,-1,-1,-1
629,201,265.61,111.03,76.51,258.48,0.8297,-1,-1,-1
630,177,342.85,0.19,269.56,483.08,0.8930,-1,-1,-1
630,208,190.17,113.30,91.12,264.66,0.7738,-1,-1,-1
630,210,-1.28,4.06,184.03,487.21,0.8124,-1,-1,-1
630,201,274.09,114.99,79.16,259.26,0.8099,-1,-1,-1
630,214,161.32,134.41,54.11,183.84,0.7467,-1,-1,-1
631,177,354.23,1.53,272.22,474.58,0.8939,-1,-1,-1
631,208,210.77,116.45,77.37,260.85,0.8263,-1,-1,-1
631,210,3.66,2.21,194.34,480.58,0.8903,-1,-1,-1
631,201,284.04,115.46,77.93,253.61,0.8256,-1,-1,-1
631,214,167.54,131.17,57.66,191.22,0.7460,-1,-1,-1
632,177,366.38,2.75,263.73,474.83,0.9166,-1,-1,-1
632,208,222.53,118.76,66.01,259.47,0.8479,-1,-1,-1
632,210,6.36,0.57,195.79,480.22,0.8934,-1,-1,-1
632,201,289.83,117.35,75.19,245.14,0.8495,-1,-1,-1
632,214,174.57,131.33,52.86,145.91,0.4527,-1,-1,-1
633,177,383.30,1.58,256.92,477.37,0.9046,-1,-1,-1
633,208,231.29,117.54,62.27,254.38,0.8410,-1,-1,-1
633,210,20.04,-1.24,192.33,481.57,0.8634,-1,-1,-1
633,201,298.04,115.53,73.45,245.24,0.8505,-1,-1,-1
633,214,178.15,129.81,51.20,229.29,0.5313,-1,-1,-1
634,177,401.07,-1.26,245.72,478.77,0.9106,-1,-1,-1
634,208,237.17,112.45,63.82,253.85,0.8294,-1,-1,-1
634,210,30.96,-3.52,180.38,484.84,0.7757,-1,-1,-1
634,201,306.94,112.73,72.23,247.71,0.8355,-1,-1,-1
634,215,0.42,69.39,54.37,304.51,0.7632,-1,-1,-1
635,177,415.90,-1.55,235.27,478.92,0.9113,-1,-1,-1
635,208,242.84,114.01,65.55,250.45,0.8128,-1,-1,-1
635,210,34.79,0.27,199.23,483.66,0.8729,-1,-1,-1
635,201,314.38,115.55,74.72,247.66,0.8468,-1,-1,-1
635,213,292.72,142.39,36.06,168.85,0.4250,-1,-1,-1
636,177,419.16,-0.72,226.88,478.10,0.9128,-1,-1,-1
636,208,237.72,116.04,68.55,247.48,0.7757,-1,-1,-1
636,210,35.13,1.08,209.32,480.64,0.8501,-1,-1,-1
636,201,314.16,115.96,72.99,244.81,0.8229,-1,-1,-1
636,213,290.08,141.13,39.04,167.80,0.4241,-1,-1,-1
637,177,421.67,0.55,221.33,476.26,0.9243,-1,-1,-1
637,208,243.10,118.13,62.73,240.73,0.7584,-1,-1,-1
637,210,45.84,0.77,204.20,478.76,0.8326,-1,-1,-1
637,201,314.63,115.76,70.47,239.75,0.8094,-1,-1,-1
637,213,291.50,140.25,37.94,166.41,0.5514,-1,-1,-1
638,177,420.40,1.84,219.47,474.01,0.9152,-1,-1,-1
638,208,247.82,118.17,59.14,229.95,0.8277,-1,-1,-1
638,210,59.21,0.89,196.50,476.57,0.8364,-1,-1,-1
638,201,313.38,114.57,69.71,232.33,0.8096,-1,-1,-1
638,213,293.40,128.87,37.69,173.20,0.1879,-1,-1,-1
639,177,409.66,2.70,227.38,473.09,0.8978,-1,-1,-1
639,208,248.51,115.95,56.51,228.41,0.8172,-1,-1,-1
639,210,65.94,1.46,186.46,475.45,0.7916,-1,-1,-1
639,201,309.81,113.23,71.10,232.86,0.8497,-1,-1,-1
639,213,291.42,134.55,37.17,162.72,0.3381,-1,-1,-1
640,177,405.04,3.57,229.45,475.27,0.8852,-1,-1,-1
640,208,243.17,114.64,58.00,231.42,0.8113,-1,-1,-1
640,210,34.36,1.69,211.25,476.58,0.8316,-1,-1,-1
640,201,302.56,114.26,74.59,234.55,0.8379,-1,-1,-1
640,213,285.70,131.80,33.09,164.70,0.1720,-1,-1,-1
641,177,408.92,4.48,224.27,473.82,0.9248,-1,-1,-1
641,208,237.52,119.35,59.31,233.27,0.7443,-1,-1,-1
641,210,26.10,3.14,216.65,475.61,0.8211,-1,-1,-1
641,201,295.94,119.11,74.18,233.76,0.8269,-1,-1,-1
642,177,406.29,3.38,228.60,475.63,0.9188,-1,-1,-1
642,208,236.51,122.99,59.53,236.19,0.7456,-1,-1,-1
642,210,21.60,2.63,220.49,475.38,0.8589,-1,-1,-1
642,201,292.97,121.72,75.31,233.16,0.8351,-1,-1,-1
642,216,7.59,50.26,96.94,336.35,0.5938,-1,-1,-1
642,215,-0.18,75.44,32.79,340.88,0.4760,-1,-1,-1
643,177,403.08,0.39,231.82,476.49,0.9265,-1,-1,-1
643,208,234.35,121.95,60.39,236.06,0.7145,-1,-1,-1
643,210,27.89,1.77,211.58,475.76,0.7258,-1,-1,-1
643,201,292.27,119.78,74.72,232.39,0.8122,-1,-1,-1
643,216,0.69,33.05,83.96,368.94,0.7639,-1,-1,-1
643,213,270.34,141.22,37.31,160.02,0.4605,-1,-1,-1
644,177,397.79,1.65,236.58,474.11,0.9290,-1,-1,-1
644,208,221.60,126.50,68.03,234.09,0.6474,-1,-1,-1
644,210,19.97,7.49,214.38,471.19,0.9028,-1,-1,-1
644,201,290.68,123.71,73.48,226.98,0.8343,-1,-1,-1
644,213,271.24,149.02,32.57,155.17,0.4346,-1,-1,-1
645,177,393.83,-0.10,242.30,474.70,0.9310,-1,-1,-1
645,208,219.97,125.68,61.75,229.15,0.7903,-1,-1,-1
645,210,33.08,2.50,194.53,475.52,0.8686,-1,-1,-1
645,201,287.23,120.66,70.88,228.93,0.8562,-1,-1,-1
645,213,268.75,145.78,31.13,158.41,0.5114,-1,-1,-1
646,177,389.56,0.31,247.07,474.42,0.9145,-1,-1,-1
646,208,219.17,125.11,56.45,214.40,0.7904,-1,-1,-1
646,210,53.67,0.50,169.81,478.35,0.8939,-1,-1,-1
646,201,283.58,121.89,67.18,229.47,0.7914,-1,-1,-1
646,213,264.40,145.27,28.27,127.89,0.5340,-1,-1,-1
647,177,388.32,1.40,249.38,476.32,0.9191,-1,-1,-1
647,208,218.47,126.13,52.59,197.95,0.8153,-1,-1,-1
647,210,63.83,-0.30,158.21,480.39,0.8976,-1,-1,-1
647,201,280.62,125.23,65.68,230.06,0.7967,-1,-1,-1
647,213,256.97,149.11,31.55,147.57,0.6761,-1,-1,-1
648,177,389.64,1.92,249.17,475.41,0.9144,-1,-1,-1
648,208,218.39,129.88,50.63,193.81,0.7353,-1,-1,-1
648,210,68.09,0.52,154.29,479.74,0.9028,-1,-1,-1
648,201,280.08,129.21,64.94,228.28,0.7823,-1,-1,-1
648,213,255.29,151.46,32.75,150.49,0.6552,-1,-1,-1
649,177,389.98,3.06,249.33,475.70,0.9203,-1,-1,-1
649,208,217.98,137.49,50.90,199.70,0.7172,-1,-1,-1
649,210,66.79,3.80,155.16,477.20,0.8980,-1,-1,-1
649,201,279.06,133.53,65.27,226.47,0.7799,-1,-1,-1
649,213,254.96,155.76,32.58,149.36,0.6807,-1,-1,-1
650,177,390.59,1.14,247.65,477.28,0.9206,-1,-1,-1
650,208,216.00,138.06,52.05,201.75,0.8070,-1,-1,-1
650,210,62.69,4.27,156.80,475.03,0.8956,-1,-1,-1
650,201,275.52,131.44,67.50,222.67,0.7991,-1,-1,-1
650,213,253.25,153.20,28.62,155.56,0.1957,-1,-1,-1
651,177,387.80,-1.88,249.40,479.23,0.8969,-1,-1,-1
651,208,207.65,127.35,54.17,213.20,0.7679,-1,-1,-1
651,210,44.34,-0.87,167.20,478.12,0.8885,-1,-1,-1
651,201,262.20,123.18,73.21,220.01,0.8029,-1,-1,-1
651,213,246.05,146.11,28.94,153.80,0.1720,-1,-1,-1
652,177,390.69,0.90,247.09,476.35,0.9023,-1,-1,-1
652,208,205.22,129.26,56.47,217.25,0.8175,-1,-1,-1
652,210,41.24,1.72,169.59,476.35,0.8966,-1,-1,-1
652,201,258.74,127.04,74.13,220.01,0.8354,-1,-1,-1
653,177,394.10,2.76,245.05,478.03,0.8966,-1,-1,-1
653,208,204.51,135.63,57.22,219.68,0.8145,-1,-1,-1
653,210,40.44,6.06,172.34,475.19,0.8762,-1,-1,-1
653,201,258.69,134.62,72.59,221.64,0.8489,-1,-1,-1
654,177,394.23,-2.20,245.76,478.70,0.9116,-1,-1,-1
654,208,202.07,131.09,57.81,220.51,0.7886,-1,-1,-1
654,210,34.88,-0.57,178.46,478.41,0.8887,-1,-1,-1
654,201,258.73,129.41,71.04,222.32,0.8315,-1,-1,-1
655,177,394.34,-1.22,245.90,479.32,0.9175,-1,-1,-1
655,208,196.71,133.80,65.08,220.58,0.8414,-1,-1,-1
655,210,25.24,0.01,191.84,479.92,0.8750,-1,-1,-1
655,201,262.35,131.13,70.14,222.55,0.8482,-1,-1,-1
656,177,391.25,-0.44,247.07,479.64,0.8977,-1,-1,-1
656,208,201.26,134.39,59.61,220.23,0.7752,-1,-1,-1
656,210,15.52,0.57,203.82,479.44,0.8913,-1,-1,-1
656,201,265.38,130.57,67.62,220.34,0.8448,-1,-1,-1
657,177,380.53,-1.56,258.31,478.08,0.8913,-1,-1,-1
657,208,209.99,125.90,54.19,214.12,0.7780,-1,-1,-1
657,210,16.68,1.45,206.46,474.02,0.9124,-1,-1,-1
657,201,271.13,121.87,68.32,215.43,0.8607,-1,-1,-1
658,177,380.88,1.60,254.64,474.06,0.8927,-1,-1,-1
658,208,216.89,126.18,52.10,208.01,0.8042,-1,-1,-1
658,210,27.23,8.51,199.58,466.03,0.8965,-1,-1,-1
658,201,275.38,120.72,68.12,212.31,0.8461,-1,-1,-1
659,177,382.65,2.32,244.91,471.53,0.9049,-1,-1,-1
659,208,219.57,128.06,55.40,198.11,0.7765,-1,-1,-1
659,210,51.57,12.46,178.57,463.02,0.9092,-1,-1,-1
659,201,279.85,120.93,68.60,211.58,0.8334,-1,-1,-1
660,177,383.99,2.42,238.94,474.84,0.8985,-1,-1,-1
660,208,210.59,134.41,58.88,192.83,0.7545,-1,-1,-1
660,210,68.63,13.25,154.28,462.40,0.8865,-1,-1,-1
660,201,274.55,128.33,68.90,211.58,0.8413,-1,-1,-1
661,177,387.78,-0.78,242.84,475.60,0.9184,-1,-1,-1
661,208,208.69,136.70,62.18,191.03,0.6222,-1,-1,-1
661,210,79.68,8.32,146.56,469.79,0.8859,-1,-1,-1
661,201,274.30,130.11,70.68,208.95,0.8185,-1,-1,-1
662,177,387.62,-0.86,249.41,479.27,0.8988,-1,-1,-1
662,208,213.53,138.77,58.15,170.51,0.4958,-1,-1,-1
662,210,85.72,4.77,140.23,475.99,0.8764,-1,-1,-1
662,201,273.51,131.26,68.60,211.91,0.8510,-1,-1,-1
663,177,390.15,-0.29,249.42,477.55,0.8743,-1,-1,-1
663,208,221.02,138.24,53.66,160.85,0.5902,-1,-1,-1
663,210,89.69,4.54,143.04,476.57,0.8680,-1,-1,-1
663,201,274.38,131.24,67.60,207.74,0.8586,-1,-1,-1
663,219,36.64,130.32,67.47,211.17,0.7919,-1,-1,-1
664,177,392.67,0.47,247.35,476.82,0.9131,-1,-1,-1
664,208,223.92,136.73,52.07,156.98,0.6913,-1,-1,-1
664,210,91.86,7.46,139.03,452.26,0.8857,-1,-1,-1
664,201,274.94,131.46,67.54,205.18,0.8644,-1,-1,-1
664,219,11.69,126.04,91.18,217.75,0.7869,-1,-1,-1
665,177,401.74,-0.05,240.30,482.36,0.9056,-1,-1,-1
665,208,226.52,133.72,51.56,160.35,0.8041,-1,-1,-1
665,210,95.32,11.71,136.47,462.52,0.8705,-1,-1,-1
665,201,277.57,130.25,68.57,204.90,0.8241,-1,-1,-1
665,219,3.72,114.86,90.85,231.25,0.8364,-1,-1,-1
666,177,412.72,-0.22,228.06,480.47,0.8781,-1,-1,-1
666,208,228.01,131.31,51.43,161.93,0.8193,-1,-1,-1
666,210,98.58,11.85,135.22,464.07,0.8391,-1,-1,-1
666,201,278.95,127.14,67.08,206.14,0.8209,-1,-1,-1
666,219,0.41,105.52,87.58,239.71,0.8896,-1,-1,-1
666,220,81.10,154.12,34.71,183.20,0.4281,-1,-1,-1
667,177,428.63,-0.28,213.47,481.50,0.8947,-1,-1,-1
667,208,233.44,132.28,47.27,160.23,0.7241,-1,-1,-1
667,210,100.89,11.16,133.27,468.26,0.8721,-1,-1,-1
667,201,280.48,127.36,67.06,207.20,0.8010,-1,-1,-1
667,219,-2.68,97.31,85.80,250.21,0.8918,-1,-1,-1
667,220,77.51,108.13,44.56,229.84,0.6754,-1,-1,-1
668,177,446.53,0.62,195.92,481.54,0.9091,-1,-1,-1
668,208,237.06,135.61,48.56,164.14,0.7602,-1,-1,-1
668,210,110.15,11.39,132.53,469.31,0.8669,-1,-1,-1
668,201,284.79,130.26,66.65,205.55,0.8484,-1,-1,-1
668,219,-2.15,94.54,80.01,259.75,0.8746,-1,-1,-1
668,220,73.07,93.40,50.44,256.73,0.7957,-1,-1,-1
669,177,456.84,-1.00,183.82,479.64,0.9209,-1,-1,-1
669,208,235.78,130.92,53.05,158.66,0.5285,-1,-1,-1
669,210,100.42,5.16,146.27,457.78,0.8750,-1,-1,-1
669,201,287.91,124.93,65.45,199.24,0.8841,-1,-1,-1
669,219,-1.75,87.39,69.51,265.64,0.8560,-1,-1,-1
669,220,64.20,82.96,58.69,272.05,0.7843,-1,-1,-1
669,221,383.45,100.51,96.05,269.42,0.7864,-1,-1,-1
670,177,463.16,0.41,177.62,479.57,0.9158,-1,-1,-1
670,208,236.09,129.62,55.54,179.97,0.7521,-1,-1,-1
670,210,93.09,6.41,158.58,458.53,0.8684,-1,-1,-1
670,201,290.54,124.14,65.14,198.26,0.8689,-1,-1,-1
670,219,-1.51,88.85,57.64,269.11,0.8521,-1,-1,-1
670,220,53.36,78.44,69.25,289.27,0.6817,-1,-1,-1
670,221,399.09,102.57,89.05,265.15,0.8375,-1,-1,-1
671,177,466.04,3.46,174.08,477.94,0.9126,-1,-1,-1
671,208,241.24,137.03,50.16,188.02,0.7359,-1,-1,-1
671,210,79.98,18.07,174.46,455.21,0.8384,-1,-1,-1
671,201,290.40,131.63,66.26,198.21,0.8549,-1,-1,-1
671,219,-2.01,111.19,47.93,257.96,0.8169,-1,-1,-1
671,220,40.47,81.06,80.84,308.39,0.7928,-1,-1,-1
671,221,395.13,113.02,93.18,266.42,0.7815,-1,-1,-1
672,177,468.08,5.89,170.79,478.64,0.8930,-1,-1,-1
672,208,247.31,148.82,43.23,186.84,0.7239,-1,-1,-1
672,210,92.01,36.85,162.15,444.20,0.7667,-1,-1,-1
672,201,290.52,142.86,64.53,200.07,0.8583,-1,-1,-1
672,219,-2.05,126.32,29.26,261.62,0.6564,-1,-1,-1
672,220,24.18,82.67,94.14,329.81,0.8464,-1,-1,-1
672,221,398.78,126.72,86.89,270.22,0.8368,-1,-1,-1
673,177,465.62,-3.03,175.81,480.60,0.8639,-1,-1,-1
673,208,253.20,139.59,42.36,182.67,0.7724,-1,-1,-1
673,210,105.54,29.52,150.24,447.55,0.8710,-1,-1,-1
673,201,294.77,133.24,63.98,198.92,0.8404,-1,-1,-1
673,220,6.65,58.89,112.07,352.67,0.8679,-1,-1,-1
673,221,404.31,112.74,88.53,274.62,0.8543,-1,-1,-1
674,177,462.06,-1.96,176.09,478.54,0.8838,-1,-1,-1
674,208,249.36,134.91,44.73,182.81,0.7834,-1,-1,-1
674,210,91.32,24.88,156.29,452.02,0.7765,-1,-1,-1
674,201,291.98,127.77,60.52,197.40,0.8566,-1,-1,-1
674,220,-3.09,39.88,116.39,373.98,0.8913,-1,-1,-1
674,221,400.59,104.35,83.71,271.78,0.8356,-1,-1,-1
675,177,475.97,3.24,157.79,476.20,0.9052,-1,-1,-1
675,208,235.71,140.20,54.49,181.67,0.6282,-1,-1,-1
675,210,94.77,25.51,142.61,453.31,0.8820,-1,-1,-1
675,201,287.51,135.37,57.32,189.27,0.8597,-1,-1,-1
675,220,-4.41,30.35,100.37,393.29,0.8869,-1,-1,-1
675,221,393.85,110.04,80.18,266.10,0.8354,-1,-1,-1
676,177,475.39,4.98,159.14,475.08,0.8279,-1,-1,-1
676,208,237.01,142.67,48.49,185.83,0.8134,-1,-1,-1
676,210,96.15,26.19,139.51,446.76,0.8958,-1,-1,-1
676,201,283.24,139.57,56.52,187.90,0.8510,-1,-1,-1
676,220,-4.09,20.44,81.95,411.43,0.8588,-1,-1,-1
676,221,385.04,116.18,85.35,263.70,0.7587,-1,-1,-1
677,177,478.05,1.96,160.46,476.69,0.8987,-1,-1,-1
677,208,241.11,140.66,46.61,186.64,0.8188,-1,-1,-1
677,210,96.62,21.41,144.56,447.43,0.8886,-1,-1,-1
677,201,285.08,138.73,57.74,188.43,0.8241,-1,-1,-1
677,220,-2.83,19.57,62.42,417.59,0.7165,-1,-1,-1
677,221,387.85,115.61,86.08,267.58,0.7805,-1,-1,-1
678,177,474.02,-0.09,165.07,476.13,0.9060,-1,-1,-1
678,208,239.35,139.72,45.12,183.59,0.8256,-1,-1,-1
678,210,100.81,18.75,139.43,453.08,0.8651,-1,-1,-1
678,201,281.20,136.97,59.90,189.93,0.8527,-1,-1,-1
678,221,385.74,113.23,87.56,272.17,0.8410,-1,-1,-1
679,177,471.01,1.45,169.32,477.98,0.8952,-1,-1,-1
679,208,238.66,147.05,45.01,192.65,0.7142,-1,-1,-1
679,210,104.89,27.69,133.20,451.29,0.8280,-1,-1,-1
679,201,280.78,142.12,59.97,191.11,0.8565,-1,-1,-1
679,221,382.98,118.25,92.15,274.63,0.7720,-1,-1,-1
679,222,82.06,164.01,43.45,157.38,0.5563,-1,-1,-1
680,177,469.07,2.55,170.25,478.20,0.9085,-1,-1,-1
680,208,237.18,152.47,46.17,197.26,0.7467,-1,-1,-1
680,210,105.05,36.81,132.09,428.33,0.8177,-1,-1,-1
680,201,279.89,145.24,59.53,191.87,0.8632,-1,-1,-1
680,221,380.20,121.41,93.62,277.46,0.7584,-1,-1,-1
680,222,75.70,159.23,49.92,167.80,0.5967,-1,-1,-1
681,177,468.53,0.66,170.06,478.98,0.9140,-1,-1,-1
681,208,235.04,150.11,45.09,184.77,0.7857,-1,-1,-1
681,210,103.65,39.68,132.26,424.93,0.7966,-1,-1,-1
681,201,276.32,142.87,60.56,188.41,0.8541,-1,-1,-1
681,221,376.18,118.17,92.50,280.01,0.8328,-1,-1,-1
681,222,63.47,138.08,56.65,190.15,0.7463,-1,-1,-1
682,177,473.45,0.26,164.85,479.50,0.9115,-1,-1,-1
682,208,231.30,146.85,45.77,182.70,0.7967,-1,-1,-1
682,210,100.39,34.92,136.45,438.62,0.8531,-1,-1,-1
682,201,275.49,140.28,58.99,188.37,0.8667,-1,-1,-1
682,221,372.51,114.77,90.78,276.38,0.8198,-1,-1,-1
682,222,50.18,126.61,67.16,210.71,0.7842,-1,-1,-1
683,177,480.42,1.05,158.68,478.16,0.9110,-1,-1,-1
683,208,234.21,146.61,42.05,182.04,0.7650,-1,-1,-1
683,210,98.66,35.83,140.83,441.74,0.8583,-1,-1,-1
683,201,275.66,140.87,58.08,186.16,0.8635,-1,-1,-1
683,221,356.59,114.25,99.07,274.95,0.6908,-1,-1,-1
683,222,44.64,122.36,68.84,225.88,0.7948,-1,-1,-1
684,177,488.68,-0.82,151.47,479.50,0.9155,-1,-1,-1
684,208,229.43,143.10,45.38,184.20,0.6547,-1,-1,-1
684,210,95.68,27.66,142.34,438.92,0.8657,-1,-1,-1
684,201,272.52,137.41,60.34,188.24,0.8640,-1,-1,-1
684,221,353.10,108.67,99.43,280.61,0.7305,-1,-1,-1
684,222,34.25,111.20,77.88,241.74,0.7714,-1,-1,-1
685,177,494.92,-0.15,146.11,479.55,0.9132,-1,-1,-1
685,208,217.21,142.01,58.25,197.26,0.7062,-1,-1,-1
685,210,86.83,25.15,152.37,442.25,0.8815,-1,-1,-1
685,201,273.06,136.58,61.15,189.32,0.8616,-1,-1,-1
685,221,350.41,109.92,102.71,281.36,0.7595,-1,-1,-1
685,222,19.44,105.13,89.82,253.55,0.5748,-1,-1,-1
686,177,496.28,-0.92,145.00,479.60,0.8968,-1,-1,-1
686,208,217.32,142.06,56.77,195.93,0.4229,-1,-1,-1
686,210,78.31,25.25,159.67,450.51,0.8909,-1,-1,-1
686,201,270.91,135.24,60.61,189.56,0.8212,-1,-1,-1
686,221,353.81,109.63,97.59,284.19,0.7943,-1,-1,-1
686,222,11.21,93.59,90.93,267.34,0.7964,-1,-1,-1
687,177,497.20,-0.56,143.88,480.18,0.9104,-1,-1,-1
687,208,226.99,143.03,47.14,160.72,0.5414,-1,-1,-1
687,210,76.61,29.65,160.92,449.72,0.8834,-1,-1,-1
687,201,271.06,135.46,59.69,186.09,0.8404,-1,-1,-1
687,221,357.70,108.36,92.71,288.70,0.8427,-1,-1,-1
687,222,-0.08,83.34,93.31,281.52,0.8851,-1,-1,-1
688,177,493.41,-0.98,147.21,480.56,0.9203,-1,-1,-1
688,208,227.05,139.60,40.91,145.01,0.5504,-1,-1,-1
688,210,65.21,31.13,167.06,449.43,0.8681,-1,-1,-1
688,201,266.53,131.54,59.77,185.59,0.7832,-1,-1,-1
688,221,356.25,103.99,94.19,289.47,0.8473,-1,-1,-1
688,222,-5.92,73.36,87.93,292.75,0.8248,-1,-1,-1
689,177,482.76,0.10,158.24,480.53,0.8965,-1,-1,-1
689,208,224.20,141.54,42.84,166.27,0.7151,-1,-1,-1
689,210,78.63,33.79,150.83,448.49,0.8262,-1,-1,-1
689,201,264.52,132.71,59.91,185.63,0.8241,-1,-1,-1
689,221,356.97,105.01,91.13,285.19,0.8437,-1,-1,-1
689,222,-5.93,68.28,78.29,298.90,0.7674,-1,-1,-1
689,225,306.32,151.76,43.91,138.41,0.6047,-1,-1,-1
690,177,456.03,0.13,184.55,480.15,0.8623,-1,-1,-1
690,208,220.50,141.14,45.07,174.83,0.6364,-1,-1,-1
690,210,80.64,33.18,147.22,448.28,0.8663,-1,-1,-1
690,201,262.57,133.50,58.16,185.88,0.8410,-1,-1,-1
690,221,357.04,103.42,86.88,280.67,0.8486,-1,-1,-1
690,222,-4.45,72.91,69.61,300.97,0.6837,-1,-1,-1
690,225,307.18,151.93,47.41,139.45,0.7234,-1,-1,-1
691,177,450.61,0.83,188.06,477.72,0.8517,-1,-1,-1
691,208,217.75,143.75,46.03,199.30,0.4540,-1,-1,-1
691,210,97.02,32.49,132.87,442.92,0.8914,-1,-1,-1
691,201,260.56,136.70,58.78,185.92,0.8256,-1,-1,-1
691,221,353.09,102.85,87.08,282.20,0.8244,-1,-1,-1
691,222,-3.07,82.20,57.91,227.06,0.5576,-1,-1,-1
691,225,308.15,153.32,47.54,139.59,0.8004,-1,-1,-1
692,177,477.90,3.34,159.14,472.18,0.8479,-1,-1,-1
692,208,223.73,147.08,38.74,151.04,0.4845,-1,-1,-1
692,210,107.23,32.81,125.96,434.30,0.8958,-1,-1,-1
692,201,259.78,140.81,58.79,183.44,0.8394,-1,-1,-1
692,221,351.90,104.18,86.51,283.79,0.8502,-1,-1,-1
692,222,-0.89,86.27,44.67,207.92,0.5479,-1,-1,-1
692,225,310.06,152.78,49.24,142.00,0.7730,-1,-1,-1
692,226,52.93,135.75,60.48,181.41,0.7586,-1,-1,-1
693,177,493.06,2.94,143.47,469.01,0.8814,-1,-1,-1
693,208,229.01,143.12,36.04,125.84,0.3494,-1,-1,-1
693,210,115.69,28.20,125.52,437.53,0.8834,-1,-1,-1
693,201,262.12,134.45,59.36,182.89,0.8407,-1,-1,-1
693,221,351.39,101.73,93.16,284.47,0.7831,-1,-1,-1
693,222,1.68,102.30,40.71,201.28,0.3536,-1,-1,-1
693,225,315.35,146.48,49.11,144.38,0.6527,-1,-1,-1
693,226,45.72,130.06,67.63,188.89,0.7319,-1,-1,-1
694,177,445.00,-1.11,193.29,472.46,0.8623,-1,-1,-1
694,208,226.81,138.04,37.29,133.10,0.3521,-1,-1,-1
694,210,119.13,25.80,120.52,442.58,0.8489,-1,-1,-1
694,201,260.92,129.67,61.39,180.89,0.8173,-1,-1,-1
694,221,349.16,96.37,93.91,288.45,0.7774,-1,-1,-1
694,225,317.20,137.83,47.12,130.66,0.4944,-1,-1,-1
694,226,25.07,124.78,79.18,195.71,0.7819,-1,-1,-1
695,177,434.09,-0.35,205.48,476.24,0.8935,-1,-1,-1
695,210,122.73,26.91,128.95,449.20,0.8025,-1,-1,-1
695,201,260.31,127.74,60.65,178.53,0.8311,-1,-1,-1
695,221,340.78,94.38,97.71,291.52,0.7088,-1,-1,-1
695,225,317.95,133.86,49.88,116.31,0.4509,-1,-1,-1
695,226,11.41,120.94,82.07,208.23,0.8250,-1,-1,-1
695,227,94.52,141.49,40.71,149.16,0.7334,-1,-1,-1
696,177,440.77,3.50,199.45,476.55,0.8511,-1,-1,-1
696,210,121.25,38.61,138.22,442.51,0.7958,-1,-1,-1
696,201,261.02,133.57,62.35,178.86,0.7891,-1,-1,-1
696,221,341.39,99.20,94.67,289.57,0.7924,-1,-1,-1
696,226,5.28,119.53,81.20,221.36,0.8270,-1,-1,-1
696,227,94.15,145.32,42.62,152.97,0.7723,-1,-1,-1
697,177,462.31,2.39,178.08,477.53,0.9058,-1,-1,-1
697,210,125.47,39.79,138.78,440.74,0.8707,-1,-1,-1
697,201,264.58,133.16,60.87,181.10,0.8406,-1,-1,-1
697,221,343.88,97.63,89.91,283.64,0.8335,-1,-1,-1
697,226,2.10,115.37,77.58,228.33,0.8294,-1,-1,-1
697,227,93.58,142.68,42.76,157.68,0.7263,-1,-1,-1
698,177,461.64,0.78,177.35,477.73,0.9108,-1,-1,-1
698,210,136.82,35.09,130.16,435.15,0.8733,-1,-1,-1
698,201,264.91,133.34,59.13,179.80,0.8059,-1,-1,-1
698,221,333.32,93.09,95.69,283.86,0.8187,-1,-1,-1
698,226,-2.65,106.87,77.28,237.48,0.8074,-1,-1,-1
698,227,87.16,138.53,44.29,160.44,0.5224,-1,-1,-1
699,177,459.36,3.43,179.24,478.25,0.9091,-1,-1,-1
699,210,144.31,39.15,125.13,418.73,0.8985,-1,-1,-1
699,201,267.49,140.35,54.95,179.15,0.8272,-1,-1,-1
699,221,333.75,98.25,92.44,285.70,0.8345,-1,-1,-1
699,226,-2.85,107.88,74.12,243.88,0.8453,-1,-1,-1
699,227,84.05,143.44,41.62,152.42,0.5290,-1,-1,-1
699,228,104.02,172.77,51.15,181.06,0.7133,-1,-1,-1
700,177,457.58,5.37,181.76,478.44,0.9097,-1,-1,-1
700,210,137.67,46.02,137.03,411.89,0.8784,-1,-1,-1
700,201,272.92,147.84,50.33,175.59,0.8006,-1,-1,-1
700,221,333.79,106.43,90.61,289.53,0.8484,-1,-1,-1
700,226,-2.40,110.29,66.94,258.55,0.7408,-1,-1,-1
700,227,83.78,149.17,41.19,108.56,0.2949,-1,-1,-1
700,228,93.80,175.25,57.45,193.75,0.6921,-1,-1,-1
701,177,457.53,-0.55,179.70,479.43,0.9211,-1,-1,-1
701,210,131.89,34.95,144.60,418.94,0.8668,-1,-1,-1
701,201,271.72,137.75,46.64,162.88,0.7944,-1,-1,-1
701,221,327.63,99.76,89.62,292.77,0.8336,-1,-1,-1
701,226,-4.10,122.39,48.52,231.99,0.3789,-1,-1,-1
701,227,75.35,136.73,31.18,86.89,0.1728,-1,-1,-1
701,228,77.86,158.58,61.65,209.41,0.6796,-1,-1,-1
701,229,30.38,151.69,41.05,146.72,0.6822,-1,-1,-1
702,177,450.57,-0.39,187.35,478.54,0.9250,-1,-1,-1
702,210,126.54,37.85,150.99,423.31,0.8602,-1,-1,-1
702,201,268.15,137.14,46.82,156.96,0.7785,-1,-1,-1
702,221,312.42,99.49,104.69,295.25,0.7966,-1,-1,-1
702,227,62.11,130.99,32.26,77.96,0.3805,-1,-1,-1
702,228,62.95,156.04,64.33,219.97,0.7356,-1,-1,-1
702,229,15.39,147.31,51.49,157.17,0.7361,-1,-1,-1
702,230,113.00,125.55,48.98,211.78,0.5789,-1,-1,-1
703,177,442.74,2.19,196.50,476.38,0.9266,-1,-1,-1
703,210,122.43,46.31,157.21,426.59,0.8437,-1,-1,-1
703,201,268.06,140.01,46.08,147.27,0.7071,-1,-1,-1
703,221,313.91,102.06,97.23,294.09,0.8208,-1,-1,-1
703,227,55.60,130.33,34.31,68.82,0.2817,-1,-1,-1
703,228,47.91,156.34,73.68,234.74,0.8088,-1,-1,-1
703,229,5.59,148.56,57.70,157.98,0.7033,-1,-1,-1
703,230,110.61,125.28,47.54,220.94,0.5766,-1,-1,-1
704,177,435.98,0.61,205.39,477.72,0.9201,-1,-1,-1
704,210,119.71,50.90,159.14,425.74,0.8545,-1,-1,-1
704,201,265.40,142.30,46.29,150.24,0.6489,-1,-1,-1
704,221,313.48,101.26,90.67,289.76,0.8292,-1,-1,-1
704,227,42.30,126.59,35.16,53.50,0.2445,-1,-1,-1
704,228,29.71,154.58,80.69,251.44,0.7251,-1,-1,-1
704,229,-1.84,150.89,57.78,161.95,0.7208,-1,-1,-1
704,230,97.37,122.26,57.55,227.37,0.7108,-1,-1,-1
704,232,383.29,115.83,63.32,207.79,0.7892,-1,-1,-1
705,177,427.92,-1.28,212.81,479.35,0.9228,-1,-1,-1
705,210,125.02,47.81,149.28,428.24,0.8726,-1,-1,-1
705,201,261.60,140.46,46.63,157.22,0.6724,-1,-1,-1
705,221,310.49,96.50,88.94,284.21,0.8502,-1,-1,-1
705,227,31.54,119.60,34.45,33.02,0.2536,-1,-1,-1
705,228,6.93,147.73,91.35,270.86,0.8042,-1,-1,-1
705,229,-3.82,165.84,47.71,146.95,0.3344,-1,-1,-1
705,230,84.17,114.94,64.98,236.95,0.7979,-1,-1,-1
705,232,381.73,110.36,63.06,216.34,0.6807,-1,-1,-1
706,177,417.83,-0.05,221.42,479.61,0.9200,-1,-1,-1
706,210,135.32,42.47,134.56,427.85,0.8629,-1,-1,-1
706,201,258.55,139.89,44.60,134.09,0.7361,-1,-1,-1
706,221,302.43,95.15,88.51,287.73,0.8324,-1,-1,-1
706,228,-3.06,141.38,85.29,287.96,0.8798,-1,-1,-1
706,230,66.12,107.15,77.51,250.23,0.8448,-1,-1,-1
706,232,379.22,103.41,57.74,230.03,0.5083,-1,-1,-1
707,177,401.75,2.48,235.88,478.30,0.8951,-1,-1,-1
707,210,136.26,41.99,130.26,414.59,0.8941,-1,-1,-1
707,201,255.65,142.41,43.18,117.20,0.6436,-1,-1,-1
707,221,297.71,98.47,86.76,289.71,0.8565,-1,-1,-1
707,228,-5.46,137.68,71.28,302.93,0.8315,-1,-1,-1
707,230,44.35,103.77,92.16,265.27,0.7726,-1,-1,-1
707,232,374.54,103.18,61.06,237.96,0.6344,-1,-1,-1
708,177,367.59,3.77,267.18,475.86,0.8693,-1,-1,-1
708,210,132.60,39.23,128.45,412.36,0.8754,-1,-1,-1
708,201,251.46,142.77,43.30,113.41,0.6235,-1,-1,-1
708,221,288.67,101.42,88.76,291.23,0.8378,-1,-1,-1
708,228,-5.47,131.18,52.49,315.26,0.7599,-1,-1,-1
708,230,18.96,99.98,106.23,274.82,0.7046,-1,-1,-1
709,177,366.03,5.69,259.61,470.74,0.8649,-1,-1,-1
709,210,130.10,40.30,129.87,409.31,0.8689,-1,-1,-1
709,201,247.92,142.28,44.54,117.80,0.7152,-1,-1,-1
709,221,282.16,103.60,89.46,289.90,0.8033,-1,-1,-1
709,230,5.26,96.00,109.00,323.12,0.7109,-1,-1,-1
710,177,336.81,6.45,272.92,465.06,0.8939,-1,-1,-1
710,210,126.55,44.47,132.61,413.42,0.8648,-1,-1,-1
710,201,244.37,142.78,45.69,114.60,0.7431,-1,-1,-1
710,221,273.38,103.06,95.39,289.47,0.7581,-1,-1,-1
710,230,-1.08,90.62,110.00,352.91,0.6758,-1,-1,-1
711,177,313.21,1.95,285.58,471.13,0.8860,-1,-1,-1
711,210,120.92,41.53,134.81,407.94,0.8207,-1,-1,-1
711,201,242.59,139.54,42.87,114.60,0.6849,-1,-1,-1
711,221,269.73,95.77,95.97,296.32,0.7810,-1,-1,-1
711,230,-7.59,72.22,107.80,338.02,0.8855,-1,-1,-1
712,177,299.19,-1.36,292.41,478.66,0.8948,-1,-1,-1
712,210,118.12,39.17,133.26,426.65,0.8869,-1,-1,-1
712,201,241.54,140.08,41.21,113.55,0.6085,-1,-1,-1
712,221,266.58,89.25,95.41,297.37,0.8236,-1,-1,-1
712,230,-10.32,50.60,86.20,363.71,0.7077,-1,-1,-1
713,177,320.79,-3.68,277.37,484.10,0.9166,-1,-1,-1
713,210,115.43,34.03,135.35,435.95,0.9004,-1,-1,-1
713,201,243.37,139.22,37.71,111.17,0.6945,-1,-1,-1
713,221,265.92,85.08,93.90,298.84,0.8166,-1,-1,-1
713,230,-9.09,32.49,69.76,411.79,0.7371,-1,-1,-1
714,177,328.57,-3.70,299.36,486.56,0.9015,-1,-1,-1
714,210,111.43,32.35,142.09,432.76,0.8968,-1,-1,-1
714,201,247.89,140.50,36.79,105.60,0.7459,-1,-1,-1
714,221,268.26,86.03,95.57,301.66,0.8158,-1,-1,-1
715,177,330.19,-1.81,309.36,481.24,0.9130,-1,-1,-1
715,210,109.22,30.80,148.56,414.56,0.9022,-1,-1,-1
715,201,252.07,139.20,36.61,104.95,0.6351,-1,-1,-1
715,221,272.79,87.75,94.76,301.61,0.8309,-1,-1,-1
715,234,28.72,87.78,73.25,233.30,0.7634,-1,-1,-1
716,177,336.33,1.45,305.73,478.04,0.8857,-1,-1,-1
716,210,107.88,34.09,154.69,407.03,0.8984,-1,-1,-1
716,201,257.93,142.34,35.79,102.53,0.6748,-1,-1,-1
716,221,276.59,91.94,95.34,306.95,0.8401,-1,-1,-1
716,234,28.54,87.01,78.72,249.46,0.8297,-1,-1,-1
716,236,1.65,69.87,70.41,269.13,0.3829,-1,-1,-1
717,177,347.18,2.54,292.31,476.96,0.8714,-1,-1,-1
717,210,105.72,39.93,158.47,400.06,0.8878,-1,-1,-1
717,201,262.09,143.31,37.67,100.65,0.7287,-1,-1,-1
717,221,280.14,94.70,96.52,304.97,0.8474,-1,-1,-1
717,234,14.76,82.27,94.04,262.76,0.8884,-1,-1,-1
717,236,9.01,77.70,92.36,264.85,0.8884,-1,-1,-1
718,177,365.15,2.99,274.40,476.28,0.8972,-1,-1,-1
718,210,103.91,48.29,163.80,406.25,0.8917,-1,-1,-1
718,201,267.30,148.31,37.63,103.98,0.7652,-1,-1,-1
718,221,287.98,97.34,95.72,306.52,0.8125,-1,-1,-1
718,234,6.28,79.47,101.73,286.44,0.8838,-1,-1,-1
718,236,7.58,80.02,102.25,285.32,0.8838,-1,-1,-1
719,177,377.41,1.43,263.86,476.92,0.9051,-1,-1,-1
719,210,102.60,54.09,162.82,410.06,0.8880,-1,-1,-1
719,201,272.41,150.36,36.74,106.47,0.7071,-1,-1,-1
719,221,294.56,96.82,92.66,306.70,0.5796,-1,-1,-1
719,234,-1.07,76.68,112.09,298.34,0.9004,-1,-1,-1
719,236,2.19,78.77,113.44,295.79,0.9004,-1,-1,-1
720,177,386.05,-0.48,256.83,478.56,0.9164,-1,-1,-1
720,210,103.53,54.20,162.76,408.50,0.8886,-1,-1,-1
720,201,277.15,149.33,36.35,113.36,0.6706,-1,-1,-1
720,221,300.54,95.26,91.00,302.12,0.8466,-1,-1,-1
720,234,-2.32,72.14,115.80,312.87,0.8962,-1,-1,-1
720,236,1.44,74.49,117.22,310.27,0.8962,-1,-1,-1
720,237,255.58,158.51,24.00,97.43,0.4298,-1,-1,-1
721,177,394.46,-3.42,250.88,482.79,0.9261,-1,-1,-1
721,210,108.95,49.12,152.90,399.09,0.8912,-1,-1,-1
721,201,282.69,145.81,37.19,109.14,0.6122,-1,-1,-1
721,221,305.53,92.09,91.80,301.50,0.8501,-1,-1,-1
721,234,-6.11,57.43,116.23,338.32,0.9202,-1,-1,-1
721,236,-2.49,59.73,117.41,336.00,0.9202,-1,-1,-1
721,237,246.46,150.10,38.39,117.90,0.5532,-1,-1,-1
722,177,399.61,-0.79,243.83,479.90,0.9253,-1,-1,-1
722,210,118.27,51.52,142.05,384.40,0.9016,-1,-1,-1
722,201,288.14,147.85,34.64,102.54,0.5995,-1,-1,-1
722,221,308.07,94.53,93.41,301.96,0.8776,-1,-1,-1
722,234,-5.42,51.15,114.19,352.20,0.9217,-1,-1,-1
722,236,-2.18,53.22,115.09,350.07,0.9217,-1,-1,-1
722,237,244.06,153.72,45.79,129.15,0.5227,-1,-1,-1
723,177,399.65,0.60,243.63,480.03,0.9147,-1,-1,-1
723,210,132.56,53.07,130.57,384.62,0.8952,-1,-1,-1
723,201,295.14,152.31,32.97,99.90,0.6303,-1,-1,-1
723,221,315.66,98.63,91.73,304.80,0.6778,-1,-1,-1
723,234,-3.59,45.31,113.13,366.19,0.9252,-1,-1,-1
723,236,-0.76,47.16,113.81,364.28,0.9252,-1,-1,-1
723,237,251.53,157.04,45.72,141.66,0.6098,-1,-1,-1
724,177,395.40,1.20,245.37,479.25,0.9033,-1,-1,-1
724,210,142.01,54.62,121.48,386.64,0.8978,-1,-1,-1
724,201,298.90,154.17,31.61,100.44,0.6612,-1,-1,-1
724,221,317.67,101.30,91.69,304.59,0.8461,-1,-1,-1
724,234,-3.08,37.25,110.55,378.70,0.9165,-1,-1,-1
724,236,-0.68,39.02,111.07,377.01,0.9165,-1,-1,-1
724,237,248.43,159.71,51.57,152.93,0.5815,-1,-1,-1
725,177,395.43,0.84,243.33,478.33,0.8764,-1,-1,-1
725,210,148.23,55.63,115.49,390.59,0.8947,-1,-1,-1
725,201,300.86,152.54,31.00,101.28,0.4268,-1,-1,-1
725,221,315.62,99.98,95.18,304.48,0.8198,-1,-1,-1
725,234,-3.17,23.44,103.29,395.36,0.9011,-1,-1,-1
725,236,-1.10,25.01,103.69,393.91,0.9011,-1,-1,-1
725,237,254.27,157.14,48.50,157.38,0.6965,-1,-1,-1
725,238,93.34,188.45,21.27,68.96,0.5546,-1,-1,-1
725,239,139.92,197.77,15.06,46.36,0.5805,-1,-1,-1
725,240,124.24,201.12,13.42,43.73,0.5112,-1,-1,-1
726,177,407.18,3.10,229.00,474.62,0.9232,-1,-1,-1
726,210,156.73,62.29,107.51,390.98,0.8776,-1,-1,-1
726,201,304.43,154.38,31.08,99.08,0.5472,-1,-1,-1
726,221,318.16,101.08,91.28,301.30,0.8232,-1,-1,-1
726,234,-0.44,12.49,93.61,413.10,0.8918,-1,-1,-1
726,236,1.22,13.89,93.89,411.91,0.8918,-1,-1,-1
726,237,260.43,157.40,45.58,155.84,0.7930,-1,-1,-1
726,238,92.53,189.76,26.25,68.62,0.7156,-1,-1,-1
726,239,145.59,198.34,13.40,47.76,0.4136,-1,-1,-1
727,177,404.87,0.74,231.98,473.18,0.9251,-1,-1,-1
727,210,160.63,61.81,105.93,389.79,0.8886,-1,-1,-1
727,201,306.43,150.36,29.46,96.37,0.4999,-1,-1,-1
727,221,317.98,95.36,90.86,297.57,0.8264,-1,-1,-1
727,234,-1.15,4.05,84.59,423.86,0.8778,-1,-1,-1
727,236,0.30,5.11,84.78,422.80,0.8778,-1,-1,-1
727,237,263.51,153.61,44.50,154.72,0.8132,-1,-1,-1
727,238,92.80,187.09,25.63,70.27,0.6394,-1,-1,-1
727,239,147.04,195.91,12.28,47.83,0.5009,-1,-1,-1
727,240,131.55,198.28,14.34,45.79,0.4039,-1,-1,-1
728,177,393.77,-0.59,243.35,473.57,0.9283,-1,-1,-1
728,210,159.28,61.00,106.71,388.73,0.8867,-1,-1,-1
728,201,304.29,148.22,29.96,89.97,0.5175,-1,-1,-1
728,221,314.16,92.44,97.09,292.13,0.8062,-1,-1,-1
728,234,-4.11,24.95,68.95,408.63,0.7280,-1,-1,-1
728,236,-2.84,25.71,69.02,407.61,0.7280,-1,-1,-1
728,237,262.44,152.30,44.68,154.51,0.8363,-1,-1,-1
728,238,89.20,187.72,23.98,70.21,0.5425,-1,-1,-1
728,239,142.57,195.66,14.01,48.51,0.5440,-1,-1,-1
728,240,125.49,197.25,16.34,46.77,0.4843,-1,-1,-1
729,177,384.81,-1.32,255.02,473.71,0.9302,-1,-1,-1
729,210,158.42,58.58,108.25,380.07,0.8967,-1,-1,-1
729,201,304.33,148.18,28.01,84.72,0.5704,-1,-1,-1
729,221,312.96,89.92,96.26,295.47,0.8494,-1,-1,-1
729,236,-3.39,40.30,52.53,399.74,0.2826,-1,-1,-1
729,237,262.32,152.39,45.46,153.40,0.8542,-1,-1,-1
729,238,82.64,187.18,25.40,71.18,0.5962,-1,-1,-1
729,239,139.55,196.17,14.88,47.34,0.5573,-1,-1,-1
729,240,120.80,196.16,18.74,47.94,0.4412,-1,-1,-1
730,177,377.36,2.22,261.86,473.89,0.9263,-1,-1,-1
730,210,159.86,64.40,107.38,368.85,0.9013,-1,-1,-1
730,201,305.12,156.06,28.23,83.74,0.4539,-1,-1,-1
730,221,313.74,98.92,94.43,298.37,0.8134,-1,-1,-1
730,237,264.02,160.58,45.13,151.62,0.8182,-1,-1,-1
730,238,83.81,193.56,23.04,71.54,0.5884,-1,-1,-1
730,240,120.74,199.67,17.50,50.89,0.3287,-1,-1,-1
731,177,373.98,2.67,266.59,475.77,0.9268,-1,-1,-1
731,210,160.82,68.77,108.68,368.44,0.9013,-1,-1,-1
731,201,307.04,161.26,31.08,82.89,0.4402,-1,-1,-1
731,221,315.18,102.56,94.80,307.51,0.8346,-1,-1,-1
731,237,267.16,165.73,42.99,148.94,0.7877,-1,-1,-1
731,238,82.28,195.75,25.08,74.85,0.6459,-1,-1,-1
731,240,122.30,205.35,16.22,49.51,0.5075,-1,-1,-1
732,177,373.66,2.27,265.46,477.48,0.9189,-1,-1,-1
732,210,155.73,72.74,112.86,372.63,0.9002,-1,-1,-1
732,201,307.38,163.78,31.90,84.37,0.4093,-1,-1,-1
732,221,315.39,108.62,93.69,309.03,0.8605,-1,-1,-1
732,237,268.24,166.81,40.91,146.32,0.7782,-1,-1,-1
732,238,76.99,194.87,26.92,77.14,0.6470,-1,-1,-1
732,240,120.00,205.61,16.92,50.13,0.5413,-1,-1,-1
733,177,379.77,2.52,257.45,479.52,0.9095,-1,-1,-1
733,210,149.40,80.46,112.62,376.52,0.8711,-1,-1,-1
733,201,310.34,165.34,29.45,88.06,0.3410,-1,-1,-1
733,221,316.02,111.89,89.99,308.49,0.8630,-1,-1,-1
733,237,266.46,166.95,40.32,144.59,0.7992,-1,-1,-1
733,238,67.42,193.85,30.38,80.21,0.6059,-1,-1,-1
733,240,113.83,203.76,21.41,53.23,0.3600,-1,-1,-1
734,177,387.56,2.75,249.34,479.63,0.9101,-1,-1,-1
734,210,142.66,88.42,112.96,377.14,0.8832,-1,-1,-1
734,201,314.36,168.25,30.89,91.83,0.1990,-1,-1,-1
734,221,316.84,116.63,88.10,304.15,0.8352,-1,-1,-1
734,237,266.39,170.06,40.42,138.47,0.7529,-1,-1,-1
734,238,62.45,198.05,31.88,79.79,0.6115,-1,-1,-1
734,240,112.02,209.94,21.66,50.64,0.2716,-1,-1,-1
735,177,394.16,-1.83,244.58,480.89,0.9140,-1,-1,-1
735,210,133.52,83.60,117.88,376.02,0.8492,-1,-1,-1
735,201,315.65,161.93,26.62,77.80,0.1687,-1,-1,-1
735,221,317.03,109.00,88.82,296.77,0.8269,-1,-1,-1
735,237,265.72,164.51,41.51,140.96,0.7550,-1,-1,-1
735,238,58.46,192.66,31.25,81.61,0.6094,-1,-1,-1
735,240,111.72,203.75,18.85,52.47,0.2216,-1,-1,-1
735,241,241.39,161.45,32.18,122.30,0.5758,-1,-1,-1
736,177,398.26,-3.10,241.29,480.28,0.8931,-1,-1,-1
736,210,143.83,78.15,110.48,367.33,0.8249,-1,-1,-1
736,221,316.14,103.68,89.99,296.23,0.8301,-1,-1,-1
736,237,264.48,162.93,41.82,141.94,0.7888,-1,-1,-1
736,238,55.06,189.45,31.08,82.93,0.5817,-1,-1,-1
736,241,239.44,157.27,31.46,113.39,0.4717,-1,-1,-1
737,177,400.76,-1.56,238.19,478.58,0.9134,-1,-1,-1
737,210,145.92,74.84,109.42,353.78,0.8490,-1,-1,-1
737,221,315.19,104.80,89.47,297.95,0.8279,-1,-1,-1
737,237,261.41,164.58,42.71,143.30,0.7946,-1,-1,-1
737,238,47.46,188.14,31.19,84.54,0.6170,-1,-1,-1
737,241,237.25,156.68,33.37,135.41,0.3417,-1,-1,-1
737,242,110.77,138.28,52.84,182.93,0.8012,-1,-1,-1
738,177,401.26,-0.61,238.03,477.78,0.9189,-1,-1,-1
738,210,145.05,73.44,109.27,351.77,0.8390,-1,-1,-1
738,221,314.04,107.05,91.17,299.07,0.8234,-1,-1,-1
738,237,259.14,164.15,44.46,144.68,0.7887,-1,-1,-1
738,238,42.62,185.60,32.00,86.25,0.7076,-1,-1,-1
738,241,236.51,155.15,34.12,144.77,0.4674,-1,-1,-1
738,242,105.89,134.58,53.79,189.91,0.7934,-1,-1,-1
739,177,399.76,-0.35,241.02,479.37,0.9141,-1,-1,-1
739,210,143.14,75.00,102.81,355.32,0.8661,-1,-1,-1
739,221,311.21,110.17,92.42,302.34,0.8409,-1,-1,-1
739,237,255.44,163.91,47.84,145.02,0.7621,-1,-1,-1
739,238,35.59,185.06,31.71,88.17,0.6077,-1,-1,-1
739,241,235.54,156.32,32.37,124.36,0.5476,-1,-1,-1
739,242,94.39,132.33,60.12,196.35,0.8093,-1,-1,-1
740,177,397.85,-0.81,245.42,480.73,0.9144,-1,-1,-1
740,210,142.50,80.36,104.22,358.40,0.8775,-1,-1,-1
740,221,311.30,111.04,92.53,303.48,0.8469,-1,-1,-1
740,237,255.15,162.62,52.90,145.68,0.7522,-1,-1,-1
740,238,29.51,183.65,33.83,90.38,0.7123,-1,-1,-1
740,241,236.68,157.00,31.39,132.71,0.4091,-1,-1,-1
740,242,84.11,130.47,66.45,209.76,0.8337,-1,-1,-1
741,177,392.00,-1.19,249.21,480.02,0.8986,-1,-1,-1
741,210,142.83,81.97,102.13,357.93,0.8789,-1,-1,-1
741,221,307.66,106.66,93.55,304.39,0.8238,-1,-1,-1
741,237,254.43,159.52,53.12,145.51,0.7427,-1,-1,-1
741,238,24.78,178.77,34.04,91.77,0.6871,-1,-1,-1
741,241,236.25,153.51,30.78,137.47,0.5041,-1,-1,-1
741,242,75.95,122.93,74.45,217.51,0.8391,-1,-1,-1
742,177,395.69,1.07,242.26,479.66,0.9148,-1,-1,-1
742,210,142.92,86.67,100.36,349.36,0.8837,-1,-1,-1
742,221,307.34,105.99,89.56,296.90,0.8308,-1,-1,-1
742,237,257.55,160.56,48.93,144.22,0.7660,-1,-1,-1
742,238,22.49,177.56,31.35,93.02,0.6921,-1,-1,-1
742,241,235.52,152.65,31.75,138.31,0.5307,-1,-1,-1
742,242,71.40,116.38,76.51,227.02,0.8039,-1,-1,-1
743,177,396.25,2.91,238.43,476.17,0.9028,-1,-1,-1
743,210,140.00,87.20,103.53,345.07,0.8710,-1,-1,-1
743,221,309.04,106.04,83.47,286.67,0.8061,-1,-1,-1
743,237,258.32,161.40,48.01,142.30,0.7626,-1,-1,-1
743,238,16.13,176.30,32.58,92.45,0.6172,-1,-1,-1
743,241,235.94,152.95,31.22,137.77,0.5907,-1,-1,-1
743,242,54.11,108.60,90.62,235.95,0.6873,-1,-1,-1
743,244,0.14,186.06,15.51,70.07,0.4809,-1,-1,-1
744,177,390.57,4.00,235.34,471.09,0.8927,-1,-1,-1
744,210,149.72,86.06,97.31,331.41,0.8639,-1,-1,-1
744,221,307.05,105.88,84.72,286.00,0.8315,-1,-1,-1
744,237,258.71,162.42,50.85,140.01,0.7107,-1,-1,-1
744,238,13.79,174.64,34.25,94.85,0.6039,-1,-1,-1
744,241,238.26,151.36,31.13,140.15,0.5762,-1,-1,-1
744,242,47.78,101.67,93.22,246.92,0.8556,-1,-1,-1
745,177,395.41,0.98,233.51,472.82,0.9241,-1,-1,-1
745,210,153.57,82.13,96.64,324.37,0.8715,-1,-1,-1
745,221,307.04,101.33,91.86,293.69,0.8308,-1,-1,-1
745,237,262.51,160.01,49.39,138.04,0.6853,-1,-1,-1
745,238,8.76,173.41,35.42,119.77,0.3438,-1,-1,-1
745,241,240.64,149.53,31.68,140.79,0.6153,-1,-1,-1
745,242,25.38,96.56,109.36,260.88,0.8609,-1,-1,-1
745,245,122.90,134.11,45.87,174.80,0.7047,-1,-1,-1
746,177,391.14,-0.62,249.15,474.22,0.9070,-1,-1,-1
746,210,157.22,85.44,101.87,325.20,0.8748,-1,-1,-1
746,221,307.48,137.29,97.22,264.41,0.7880,-1,-1,-1
746,237,267.17,160.29,52.48,138.15,0.5444,-1,-1,-1
746,241,245.79,154.55,32.33,134.32,0.5156,-1,-1,-1
746,242,6.07,95.96,120.44,281.12,0.8704,-1,-1,-1
746,245,115.31,133.09,60.14,183.03,0.8577,-1,-1,-1
747,177,389.63,-0.70,250.73,475.19,0.8958,-1,-1,-1
747,210,161.37,84.56,100.27,327.98,0.8695,-1,-1,-1
747,221,309.46,117.26,95.89,288.42,0.8522,-1,-1,-1
747,237,266.81,158.38,54.09,139.00,0.6905,-1,-1,-1
747,241,249.68,153.72,29.57,129.09,0.3073,-1,-1,-1
747,242,-1.88,88.47,118.98,296.45,0.8907,-1,-1,-1
747,245,112.06,127.70,64.26,190.17,0.8143,-1,-1,-1
748,177,390.88,-0.59,250.83,477.92,0.9182,-1,-1,-1
748,210,163.63,87.29,101.93,333.12,0.8671,-1,-1,-1
748,221,313.62,111.37,92.86,297.61,0.8376,-1,-1,-1
748,237,269.57,159.86,53.58,140.44,0.6604,-1,-1,-1
748,241,251.46,154.09,31.40,112.11,0.4520,-1,-1,-1
748,242,-5.54,78.80,105.60,313.95,0.8873,-1,-1,-1
748,245,111.20,124.09,63.59,198.29,0.8248,-1,-1,-1
749,177,394.55,1.83,247.00,479.83,0.9216,-1,-1,-1
749,210,165.77,93.21,102.98,336.62,0.8559,-1,-1,-1
749,221,318.53,111.66,93.06,299.68,0.7947,-1,-1,-1
749,237,273.71,166.31,53.25,139.22,0.6499,-1,-1,-1
749,241,253.10,156.83,36.61,131.63,0.5089,-1,-1,-1
749,242,-4.14,68.96,92.12,330.39,0.8910,-1,-1,-1
749,245,109.01,121.82,65.41,208.19,0.8597,-1,-1,-1
750,177,405.31,0.39,237.19,480.50,0.9138,-1,-1,-1
750,210,172.25,91.53,102.47,331.91,0.8716,-1,-1,-1
750,221,326.57,106.95,89.18,293.25,0.8413,-1,-1,-1
750,237,281.90,164.36,53.19,139.84,0.7167,-1,-1,-1
750,241,259.19,153.44,38.25,137.78,0.6300,-1,-1,-1
750,242,-1.71,50.88,81.87,360.68,0.8683,-1,-1,-1
750,245,108.50,113.33,66.90,216.69,0.8609,-1,-1,-1
751,177,414.65,-0.43,226.17,481.06,0.9109,-1,-1,-1
751,210,179.83,87.02,88.30,327.42,0.8299,-1,-1,-1
751,221,334.93,98.87,86.23,292.04,0.8020,-1,-1,-1
751,237,290.14,159.62,50.88,135.90,0.7352,-1,-1,-1
751,241,264.50,146.86,40.61,142.19,0.7272,-1,-1,-1
751,242,-0.48,33.35,72.99,371.30,0.7760,-1,-1,-1
751,245,104.81,104.11,76.31,222.63,0.8683,-1,-1,-1
752,177,421.15,0.82,220.58,482.14,0.9181,-1,-1,-1
752,210,186.36,85.53,95.59,312.54,0.8927,-1,-1,-1
752,221,339.11,100.34,88.03,295.56,0.8463,-1,-1,-1
752,237,296.80,160.44,51.43,130.20,0.6204,-1,-1,-1
752,241,271.12,146.85,40.45,138.16,0.6895,-1,-1,-1
752,242,-0.35,11.10,76.45,393.21,0.7358,-1,-1,-1
752,245,99.19,98.46,83.51,234.11,0.8732,-1,-1,-1
753,177,416.37,0.08,225.24,480.25,0.9175,-1,-1,-1
753,210,188.50,83.23,98.31,309.25,0.8964,-1,-1,-1
753,221,341.11,100.97,91.86,297.15,0.8253,-1,-1,-1
753,237,303.12,158.70,49.59,126.68,0.4401,-1,-1,-1
753,241,275.21,148.42,40.12,131.95,0.7602,-1,-1,-1
753,242,-1.83,46.70,77.60,356.23,0.4421,-1,-1,-1
753,245,93.18,93.19,89.65,245.51,0.8760,-1,-1,-1
754,177,416.39,-0.59,229.09,481.92,0.9170,-1,-1,-1
754,210,195.03,83.40,100.11,313.47,0.8752,-1,-1,-1
754,221,347.10,103.69,94.60,301.13,0.7776,-1,-1,-1
754,237,317.81,159.59,43.15,112.46,0.4926,-1,-1,-1
754,241,283.30,148.70,40.77,136.75,0.7254,-1,-1,-1
754,245,81.42,89.15,101.97,263.74,0.8934,-1,-1,-1
755,177,424.10,-0.05,220.33,479.41,0.9132,-1,-1,-1
755,210,200.54,85.32,97.19,313.04,0.8680,-1,-1,-1
755,221,348.55,102.64,95.70,299.69,0.8358,-1,-1,-1
755,237,325.87,160.41,37.72,107.73,0.4144,-1,-1,-1
755,241,286.10,150.77,41.61,134.12,0.7343,-1,-1,-1
755,245,72.35,84.82,109.49,273.89,0.9013,-1,-1,-1
755,246,31.45,167.43,40.31,88.80,0.5863,-1,-1,-1
756,177,454.87,-1.24,191.43,481.98,0.9046,-1,-1,-1
756,210,209.35,87.11,93.45,317.35,0.8665,-1,-1,-1
756,221,350.69,98.24,98.82,307.19,0.7098,-1,-1,-1
756,237,331.30,160.40,37.90,110.73,0.3900,-1,-1,-1
756,241,292.81,150.33,38.60,134.84,0.7325,-1,-1,-1
756,245,65.49,77.96,114.13,294.43,0.9019,-1,-1,-1
756,246,38.29,170.07,33.60,87.91,0.5810,-1,-1,-1
756,244,0.20,155.09,28.47,124.25,0.7074,-1,-1,-1
757,177,481.94,-1.99,168.30,484.68,0.8990,-1,-1,-1
757,210,207.36,90.22,101.58,318.81,0.8620,-1,-1,-1
757,221,353.49,95.53,101.06,307.65,0.8005,-1,-1,-1
757,237,332.69,159.94,39.55,113.55,0.3950,-1,-1,-1
757,241,297.12,150.53,39.22,134.16,0.7432,-1,-1,-1
757,245,52.54,70.51,121.31,315.71,0.8918,-1,-1,-1
758,177,480.16,2.76,161.86,485.02,0.2339,-1,-1,-1
758,210,215.62,85.30,90.72,321.15,0.8683,-1,-1,-1
758,221,352.15,93.55,96.81,305.43,0.7836,-1,-1,-1
758,237,325.82,159.51,44.58,114.45,0.3655,-1,-1,-1
758,241,300.53,147.26,32.36,133.57,0.5493,-1,-1,-1
758,245,43.63,50.51,117.30,338.00,0.8994,-1,-1,-1
759,177,480.94,7.06,155.43,475.78,0.4444,-1,-1,-1
759,210,207.94,88.86,99.18,304.42,0.8737,-1,-1,-1
759,221,351.85,96.13,94.51,299.79,0.7820,-1,-1,-1
759,241,302.89,149.89,32.67,132.88,0.5954,-1,-1,-1
759,245,26.07,40.65,126.63,351.99,0.9100,-1,-1,-1
759,250,191.86,162.80,31.88,116.80,0.4161,-1,-1,-1
760,177,490.39,5.78,142.50,470.50,0.5803,-1,-1,-1
760,210,202.89,85.09,104.71,296.46,0.8690,-1,-1,-1
760,221,348.55,93.02,96.20,299.50,0.8157,-1,-1,-1
760,241,304.03,145.95,31.43,130.54,0.5633,-1,-1,-1
760,245,7.79,27.43,133.56,366.54,0.9174,-1,-1,-1
760,250,183.98,162.09,41.19,118.30,0.5224,-1,-1,-1
760,239,133.63,180.73,22.40,67.33,0.6069,-1,-1,-1
761,177,500.38,5.66,130.70,466.35,0.8353,-1,-1,-1
761,210,205.87,84.29,104.08,294.08,0.8702,-1,-1,-1
761,221,348.42,96.13,94.69,298.99,0.8525,-1,-1,-1
761,241,306.96,151.64,30.88,122.12,0.5042,-1,-1,-1
761,245,3.26,14.02,120.45,382.99,0.9314,-1,-1,-1
761,250,180.94,161.03,40.35,120.57,0.5932,-1,-1,-1
761,239,132.10,179.67,23.61,67.31,0.6497,-1,-1,-1
762,177,494.45,1.94,140.85,468.95,0.8897,-1,-1,-1
762,210,190.18,81.22,125.25,297.90,0.8691,-1,-1,-1
762,221,350.97,93.69,95.68,301.80,0.8558,-1,-1,-1
762,241,309.78,146.95,28.60,122.86,0.6123,-1,-1,-1
762,245,-0.84,3.06,111.02,397.45,0.9147,-1,-1,-1
762,250,177.28,156.27,41.21,121.46,0.6102,-1,-1,-1
762,239,130.92,176.14,25.30,68.55,0.6015,-1,-1,-1
762,251,108.31,175.25,20.22,72.55,0.4099,-1,-1,-1
763,177,472.28,-1.32,163.71,470.43,0.8769,-1,-1,-1
763,210,188.01,75.40,128.04,301.14,0.8897,-1,-1,-1
763,221,351.10,84.15,95.53,301.07,0.8545,-1,-1,-1
763,241,307.97,136.27,29.66,119.80,0.5861,-1,-1,-1
763,245,-3.38,12.17,93.75,388.36,0.8858,-1,-1,-1
763,250,168.85,144.25,39.77,125.11,0.6870,-1,-1,-1
763,239,126.40,166.43,25.52,70.62,0.6715,-1,-1,-1
763,252,81.55,160.59,39.98,83.28,0.7076,-1,-1,-1
763,246,53.12,150.40,34.47,94.72,0.5823,-1,-1,-1
764,177,461.19,0.99,178.77,455.44,0.7884,-1,-1,-1
764,210,198.21,83.28,121.18,304.51,0.8786,-1,-1,-1
764,221,354.66,89.34,94.60,297.18,0.8285,-1,-1,-1
764,241,308.35,140.18,32.21,120.72,0.6086,-1,-1,-1
764,245,-5.42,22.14,76.30,393.48,0.7995,-1,-1,-1
764,250,161.51,149.72,41.06,125.75,0.7258,-1,-1,-1
764,239,123.69,171.83,25.95,71.33,0.6330,-1,-1,-1
764,252,82.49,164.63,39.32,85.96,0.6895,-1,-1,-1
764,246,52.90,158.42,39.80,93.28,0.4989,-1,-1,-1
765,177,457.52,3.13,183.96,465.86,0.8616,-1,-1,-1
765,210,210.63,89.70,113.83,300.39,0.8756,-1,-1,-1
765,221,358.31,93.23,96.60,291.68,0.8495,-1,-1,-1
765,241,310.69,145.33,34.65,118.93,0.6781,-1,-1,-1
765,250,151.21,155.81,49.37,125.65,0.7887,-1,-1,-1
765,239,125.85,177.41,25.25,72.14,0.6320,-1,-1,-1
765,252,92.46,169.82,32.84,85.63,0.6545,-1,-1,-1
765,246,60.59,163.62,41.70,94.87,0.6541,-1,-1,-1
765,253,198.93,156.29,32.48,114.74,0.6044,-1,-1,-1
766,177,456.03,2.29,184.33,472.63,0.8785,-1,-1,-1
766,210,219.44,88.33,103.44,301.69,0.8897,-1,-1,-1
766,221,359.21,92.53,95.21,291.68,0.7676,-1,-1,-1
766,241,310.40,147.09,31.98,119.65,0.6250,-1,-1,-1
766,250,141.38,155.47,53.69,127.73,0.8329,-1,-1,-1
766,239,123.01,176.29,24.42,73.73,0.6199,-1,-1,-1
766,252,94.79,167.33,28.99,89.00,0.6897,-1,-1,-1
766,246,62.10,164.80,40.63,94.55,0.6267,-1,-1,-1
766,253,198.00,156.41,33.87,118.51,0.6893,-1,-1,-1
767,177,457.02,1.72,181.17,477.04,0.9012,-1,-1,-1
767,210,225.65,81.77,92.45,295.01,0.8882,-1,-1,-1
767,221,356.00,91.03,95.65,296.24,0.7946,-1,-1,-1
767,241,310.33,146.50,32.65,119.44,0.4052,-1,-1,-1
767,250,129.11,153.07,57.23,128.26,0.8246,-1,-1,-1
767,252,92.34,163.09,25.74,90.81,0.4919,-1,-1,-1
767,246,58.70,159.91,37.27,96.64,0.6079,-1,-1,-1
767,253,189.60,151.66,39.44,124.36,0.8009,-1,-1,-1
768,177,456.76,2.97,181.14,478.29,0.8853,-1,-1,-1
768,210,226.15,82.63,89.79,291.31,0.8781,-1,-1,-1
768,221,352.64,94.22,96.51,301.35,0.7889,-1,-1,-1
768,250,120.34,156.46,58.16,127.79,0.8013,-1,-1,-1
768,252,91.11,164.48,32.09,92.36,0.4582,-1,-1,-1
768,246,53.72,161.33,36.41,98.32,0.6304,-1,-1,-1
768,253,184.96,154.45,41.80,127.17,0.8359,-1,-1,-1
769,177,462.60,3.32,176.21,480.02,0.8713,-1,-1,-1
769,210,227.41,83.41,87.62,294.21,0.8834,-1,-1,-1
769,221,352.85,97.35,94.02,305.03,0.7860,-1,-1,-1
769,250,115.14,154.76,50.56,130.82,0.7337,-1,-1,-1
769,252,89.18,165.20,30.28,93.34,0.4928,-1,-1,-1
769,246,54.34,160.26,32.57,100.43,0.6622,-1,-1,-1
769,253,182.85,154.41,44.42,130.76,0.8511,-1,-1,-1
770,177,472.80,0.03,169.05,479.30,0.8335,-1,-1,-1
770,210,227.14,83.08,91.59,296.33,0.8878,-1,-1,-1
770,221,351.98,93.75,96.24,306.14,0.7881,-1,-1,-1
770,250,110.51,152.73,45.67,130.90,0.5490,-1,-1,-1
770,252,88.53,163.81,27.19,94.29,0.4093,-1,-1,-1
770,246,54.16,159.78,34.94,101.10,0.6276,-1,-1,-1
770,253,180.46,152.33,47.74,133.26,0.8408,-1,-1,-1
771,177,493.10,-1.45,149.99,477.90,0.8518,-1,-1,-1
771,210,221.32,86.98,94.26,300.56,0.8731,-1,-1,-1
771,221,347.94,92.22,94.03,305.35,0.8294,-1,-1,-1
771,250,99.03,152.62,41.34,134.28,0.5528,-1,-1,-1
771,252,80.68,162.33,31.09,98.13,0.4974,-1,-1,-1
771,246,47.37,160.12,36.88,103.55,0.6868,-1,-1,-1
771,253,168.71,150.31,51.94,139.68,0.8298,-1,-1,-1
772,177,494.82,-2.90,147.54,477.34,0.8111,-1,-1,-1
772,210,213.77,87.65,99.41,299.08,0.8952,-1,-1,-1
772,221,344.47,90.64,92.28,298.65,0.8171,-1,-1,-1
772,250,84.13,150.83,47.73,134.87,0.7168,-1,-1,-1
772,252,78.27,156.19,26.20,101.79,0.1816,-1,-1,-1
772,246,44.83,156.63,38.08,104.76,0.6339,-1,-1,-1
772,253,162.58,145.29,53.82,142.44,0.8314,-1,-1,-1
773,177,495.68,-3.20,146.83,478.32,0.7822,-1,-1,-1
773,210,212.09,87.61,99.35,296.93,0.8925,-1,-1,-1
773,221,339.76,86.73,95.64,295.33,0.8604,-1,-1,-1
773,250,71.76,149.85,48.33,134.96,0.7890,-1,-1,-1
773,246,41.66,154.56,38.81,104.70,0.6626,-1,-1,-1
773,253,150.74,140.18,60.53,147.73,0.8454,-1,-1,-1
774,177,496.58,1.89,145.36,474.64,0.8451,-1,-1,-1
774,210,217.21,87.80,96.09,290.06,0.8911,-1,-1,-1
774,221,336.99,87.13,97.01,295.14,0.8504,-1,-1,-1
774,250,65.02,150.05,49.63,135.47,0.6661,-1,-1,-1
774,246,43.92,157.08,38.91,97.60,0.4199,-1,-1,-1
774,253,151.24,137.29,56.55,153.76,0.8336,-1,-1,-1
775,177,526.04,1.30,113.88,459.62,0.3756,-1,-1,-1
775,210,216.37,88.03,98.10,280.33,0.8734,-1,-1,-1
775,221,336.99,88.28,95.12,297.91,0.7957,-1,-1,-1
775,250,63.27,152.65,44.91,134.07,0.4781,-1,-1,-1
775,246,44.43,155.80,39.35,106.05,0.4440,-1,-1,-1
775,253,150.77,137.62,54.37,158.62,0.8539,-1,-1,-1
776,177,504.17,2.66,133.86,469.77,0.8021,-1,-1,-1
776,210,213.48,89.60,101.48,277.91,0.8759,-1,-1,-1
776,221,336.94,93.55,92.89,299.46,0.8507,-1,-1,-1
776,250,47.80,153.25,49.82,134.93,0.6142,-1,-1,-1
776,246,44.97,154.24,47.78,125.24,0.6142,-1,-1,-1
776,253,145.67,139.46,54.91,161.27,0.8230,-1,-1,-1
776,255,422.41,22.56,157.76,421.76,0.7639,-1,-1,-1
776,256,89.20,170.08,35.33,94.02,0.6757,-1,-1,-1
777,177,496.94,2.80,138.77,472.74,0.7787,-1,-1,-1
777,210,210.12,91.84,105.01,277.08,0.8754,-1,-1,-1
777,221,335.87,95.82,90.89,299.29,0.8432,-1,-1,-1
777,250,39.43,151.72,51.23,137.11,0.5961,-1,-1,-1
777,246,42.31,152.09,50.55,134.07,0.5961,-1,-1,-1
777,253,142.20,138.57,54.69,165.47,0.8225,-1,-1,-1
777,255,405.61,30.87,165.76,409.59,0.7582,-1,-1,-1
777,256,92.46,170.28,31.94,93.96,0.6623,-1,-1,-1
778,177,507.79,3.81,125.71,469.08,0.7306,-1,-1,-1
778,210,209.96,97.65,109.42,276.67,0.8375,-1,-1,-1
778,221,339.57,97.75,87.04,296.59,0.8534,-1,-1,-1
778,250,31.13,153.04,57.27,137.37,0.7983,-1,-1,-1
778,253,136.43,136.71,59.89,171.32,0.8301,-1,-1,-1
778,255,404.90,29.31,157.45,417.75,0.8357,-1,-1,-1
778,256,93.75,166.33,37.92,99.56,0.6739,-1,-1,-1
779,177,506.56,7.79,127.21,465.68,0.7734,-1,-1,-1
779,210,227.18,105.88,98.55,273.56,0.8142,-1,-1,-1
779,221,346.19,99.83,86.38,273.34,0.6228,-1,-1,-1
779,250,27.98,157.27,58.09,136.39,0.8344,-1,-1,-1
779,253,139.08,135.64,59.36,177.25,0.8356,-1,-1,-1
779,255,411.54,28.42,148.00,440.14,0.8538,-1,-1,-1
779,256,104.92,168.03,32.67,101.42,0.7602,-1,-1,-1
779,257,209.51,141.38,46.63,177.38,0.7213,-1,-1,-1
779,246,71.62,160.84,32.99,113.61,0.6230,-1,-1,-1
780,177,496.07,5.06,137.98,468.34,0.8530,-1,-1,-1
780,210,234.13,108.22,94.39,269.57,0.8387,-1,-1,-1
780,221,348.78,97.65,85.40,278.00,0.5688,-1,-1,-1
780,250,22.66,157.41,60.77,137.11,0.7970,-1,-1,-1
780,253,134.72,132.29,64.67,181.87,0.8558,-1,-1,-1
780,255,415.77,23.20,127.07,447.89,0.7414,-1,-1,-1
780,256,108.88,166.84,31.67,104.20,0.7846,-1,-1,-1
780,257,211.92,137.55,46.76,184.15,0.7475,-1,-1,-1
780,246,75.03,161.31,29.91,110.95,0.6269,-1,-1,-1
781,177,472.79,4.12,158.71,465.78,0.8815,-1,-1,-1
781,210,237.70,105.30,92.69,263.46,0.8506,-1,-1,-1
781,221,350.54,96.29,79.77,217.93,0.3999,-1,-1,-1
781,250,20.64,154.57,60.02,138.27,0.7575,-1,-1,-1
781,253,130.26,127.36,67.84,190.39,0.8483,-1,-1,-1
781,255,393.91,18.35,131.51,450.14,0.7426,-1,-1,-1
781,256,111.68,164.54,26.55,103.64,0.6567,-1,-1,-1
781,257,211.11,130.89,47.60,195.04,0.7598,-1,-1,-1
781,246,73.95,160.16,38.35,110.43,0.6690,-1,-1,-1
782,177,457.00,3.59,177.11,471.14,0.8590,-1,-1,-1
782,210,242.51,104.30,89.10,262.02,0.8662,-1,-1,-1
782,250,14.19,152.72,58.50,142.14,0.8251,-1,-1,-1
782,253,119.34,125.88,76.13,197.68,0.8544,-1,-1,-1
782,255,391.29,22.82,115.28,443.76,0.6725,-1,-1,-1
782,256,111.22,166.56,23.76,102.86,0.3540,-1,-1,-1
782,257,203.34,126.38,55.98,205.13,0.8035,-1,-1,-1
782,246,73.79,160.32,42.89,111.84,0.7204,-1,-1,-1
783,177,451.28,1.44,187.25,473.26,0.7669,-1,-1,-1
783,210,249.07,104.57,84.38,256.65,0.8780,-1,-1,-1
783,250,9.34,152.99,55.21,144.16,0.7800,-1,-1,-1
783,253,112.35,125.74,82.16,206.28,0.8766,-1,-1,-1
783,255,389.14,25.49,113.94,444.99,0.6799,-1,-1,-1
783,257,199.98,122.57,60.66,212.15,0.8241,-1,-1,-1
783,246,75.66,162.33,45.20,112.46,0.7132,-1,-1,-1
783,221,347.53,132.10,80.09,279.00,0.4370,-1,-1,-1
784,177,453.05,1.73,186.19,475.69,0.8213,-1,-1,-1
784,210,255.32,107.58,79.21,255.55,0.8734,-1,-1,-1
784,250,6.40,154.00,51.33,147.23,0.7225,-1,-1,-1
784,253,107.48,124.55,80.88,216.23,0.8514,-1,-1,-1
784,255,364.53,29.88,125.87,429.90,0.7996,-1,-1,-1
784,257,195.22,120.78,66.17,219.94,0.8474,-1,-1,-1
784,246,77.36,161.02,41.51,116.92,0.6716,-1,-1,-1
785,177,460.00,1.45,179.12,455.93,0.6834,-1,-1,-1
785,210,256.15,109.23,73.14,257.57,0.8594,-1,-1,-1
785,250,-1.39,155.04,42.98,147.49,0.6694,-1,-1,-1
785,253,93.74,118.32,84.84,228.95,0.8836,-1,-1,-1
785,255,355.07,31.20,131.16,443.76,0.8155,-1,-1,-1
785,257,183.75,115.98,74.87,231.01,0.8657,-1,-1,-1
785,246,77.34,155.44,32.52,116.26,0.1650,-1,-1,-1
786,177,475.21,1.16,163.18,453.81,0.6983,-1,-1,-1
786,210,253.53,115.02,71.65,253.55,0.8585,-1,-1,-1
786,250,-3.71,152.85,28.24,148.81,0.5806,-1,-1,-1
786,253,72.05,110.31,93.55,239.75,0.8669,-1,-1,-1
786,255,348.61,33.11,130.33,434.04,0.5779,-1,-1,-1
786,257,167.53,112.78,80.97,243.05,0.8595,-1,-1,-1
787,177,490.42,0.45,149.73,472.57,0.6920,-1,-1,-1
787,210,254.82,119.00,69.60,250.65,0.8670,-1,-1,-1
787,253,57.59,105.27,99.18,248.89,0.8493,-1,-1,-1
787,255,342.64,33.10,150.93,428.88,0.7760,-1,-1,-1
787,257,155.77,110.94,88.61,251.94,0.8752,-1,-1,-1
787,259,9.91,169.05,30.91,104.56,0.3968,-1,-1,-1
788,177,500.55,-0.65,140.27,480.13,0.7230,-1,-1,-1
788,210,253.48,119.18,70.82,251.14,0.8296,-1,-1,-1
788,253,40.67,99.22,105.98,265.20,0.8611,-1,-1,-1
788,255,335.08,32.42,176.95,435.01,0.8444,-1,-1,-1
788,257,141.64,105.55,95.37,270.79,0.8488,-1,-1,-1
788,259,0.51,167.84,36.36,107.86,0.4604,-1,-1,-1
788,261,457.34,26.92,77.92,424.03,0.5080,-1,-1,-1
789,177,501.46,-0.83,140.55,482.16,0.8182,-1,-1,-1
789,210,249.44,118.68,72.25,244.84,0.8372,-1,-1,-1
789,253,17.75,97.29,115.66,278.99,0.8860,-1,-1,-1
789,255,324.27,40.02,144.16,438.38,0.6937,-1,-1,-1
789,257,127.73,100.95,95.45,288.86,0.8426,-1,-1,-1
789,259,-3.98,163.58,27.06,116.20,0.1931,-1,-1,-1
789,261,438.31,28.30,100.06,429.51,0.7556,-1,-1,-1
790,177,498.92,-0.75,144.70,455.60,0.7144,-1,-1,-1
790,210,242.11,121.96,78.33,237.78,0.8173,-1,-1,-1
790,253,-0.11,97.92,117.70,297.47,0.8844,-1,-1,-1
790,255,315.23,45.63,166.20,438.35,0.8287,-1,-1,-1
790,257,116.39,96.56,92.79,306.61,0.8757,-1,-1,-1
790,261,431.56,35.80,107.67,428.33,0.7757,-1,-1,-1
791,177,493.89,-0.86,148.84,473.20,0.8337,-1,-1,-1
791,210,234.79,123.65,82.47,231.57,0.8097,-1,-1,-1
791,253,-6.48,91.62,116.35,320.43,0.8881,-1,-1,-1
791,255,309.03,52.47,156.51,431.06,0.8423,-1,-1,-1
791,257,103.91,87.70,93.77,321.04,0.8661,-1,-1,-1
791,261,428.77,42.29,107.92,428.60,0.7950,-1,-1,-1
792,177,494.38,1.83,148.42,477.00,0.7421,-1,-1,-1
792,210,228.47,128.79,84.40,238.08,0.7870,-1,-1,-1
792,253,-8.67,83.40,100.71,340.75,0.8759,-1,-1,-1
792,255,305.43,59.20,155.44,424.43,0.7619,-1,-1,-1
792,257,81.87,81.05,103.86,340.05,0.8885,-1,-1,-1
792,261,419.99,49.28,115.09,425.82,0.8233,-1,-1,-1
792,264,193.00,194.38,29.02,88.98,0.6554,-1,-1,-1
793,177,504.52,-2.03,140.85,483.23,0.8545,-1,-1,-1
793,210,220.37,128.07,89.97,243.14,0.7209,-1,-1,-1
793,253,-9.54,65.82,84.69,362.21,0.8356,-1,-1,-1
793,255,300.18,57.22,179.22,407.66,0.6981,-1,-1,-1
793,257,33.76,67.91,137.84,371.72,0.8861,-1,-1,-1
793,261,415.90,44.02,122.02,407.30,0.8426,-1,-1,-1
793,264,185.94,192.31,29.58,88.49,0.4388,-1,-1,-1
794,177,516.84,-3.04,126.22,484.18,0.8624,-1,-1,-1
794,210,218.57,122.55,86.01,239.25,0.7994,-1,-1,-1
794,253,-6.48,62.33,63.73,363.78,0.7249,-1,-1,-1
794,255,295.59,50.23,148.67,395.19,0.6651,-1,-1,-1
794,257,5.60,48.44,150.04,396.64,0.8853,-1,-1,-1
794,261,407.51,32.76,131.60,409.82,0.8679,-1,-1,-1
794,264,180.35,180.32,31.19,91.50,0.5679,-1,-1,-1
794,265,146.22,170.76,29.44,95.87,0.4544,-1,-1,-1
795,177,519.90,2.39,120.88,483.75,0.7903,-1,-1,-1
795,210,217.70,125.79,79.53,222.21,0.7973,-1,-1,-1
795,255,292.74,57.60,136.00,394.46,0.8345,-1,-1,-1
795,257,-6.28,32.04,134.81,439.76,0.8590,-1,-1,-1
795,261,402.40,34.61,131.71,407.55,0.8396,-1,-1,-1
795,264,171.72,180.80,41.70,94.16,0.6751,-1,-1,-1
795,265,129.74,171.91,32.13,99.26,0.7748,-1,-1,-1
796,177,525.62,4.82,113.43,477.44,0.7078,-1,-1,-1
796,210,218.97,130.21,78.44,218.73,0.8279,-1,-1,-1
796,255,291.78,67.03,160.55,388.21,0.6589,-1,-1,-1
796,257,-4.99,21.59,118.40,449.54,0.6842,-1,-1,-1
796,261,405.39,41.29,126.45,403.61,0.8704,-1,-1,-1
796,264,172.53,184.49,42.25,95.04,0.3711,-1,-1,-1
796,265,123.65,176.34,37.26,99.32,0.7288,-1,-1,-1
797,177,537.32,1.58,98.90,473.16,0.7933,-1,-1,-1
797,210,224.35,122.04,69.61,220.13,0.8223,-1,-1,-1
797,255,285.27,64.41,137.46,391.67,0.6521,-1,-1,-1
797,257,-4.08,0.58,92.46,450.43,0.4557,-1,-1,-1
797,261,400.86,37.57,125.35,404.38,0.8409,-1,-1,-1
797,264,169.53,179.93,31.42,96.13,0.6544,-1,-1,-1
797,265,112.86,170.39,43.73,100.25,0.7061,-1,-1,-1
798,177,518.51,5.77,117.26,465.55,0.8714,-1,-1,-1
798,210,229.25,121.89,64.97,221.16,0.8258,-1,-1,-1
798,255,281.34,67.20,134.21,390.63,0.5834,-1,-1,-1
798,257,-0.13,4.17,65.78,358.06,0.5529,-1,-1,-1
798,261,401.90,39.43,121.96,405.44,0.8138,-1,-1,-1
798,264,167.56,180.51,30.90,96.55,0.5259,-1,-1,-1
798,265,111.52,171.29,45.56,101.73,0.7269,-1,-1,-1
798,266,71.21,160.33,32.64,120.25,0.7028,-1,-1,-1
799,177,489.48,3.00,146.72,464.33,0.8824,-1,-1,-1
799,210,230.00,122.54,63.42,220.78,0.7990,-1,-1,-1
799,255,279.60,66.38,135.86,390.86,0.5653,-1,-1,-1
799,257,-1.01,30.83,59.97,410.05,0.1740,-1,-1,-1
799,261,385.18,39.54,136.55,376.11,0.7046,-1,-1,-1
799,264,165.31,179.55,35.23,98.58,0.5618,-1,-1,-1
799,265,107.96,170.39,48.08,104.52,0.7088,-1,-1,-1
799,266,69.21,159.49,34.56,122.26,0.7396,-1,-1,-1
800,177,462.16,0.36,173.31,463.95,0.8551,-1,-1,-1
800,210,227.32,121.87,61.52,217.37,0.8194,-1,-1,-1
800,255,273.04,58.50,166.94,367.34,0.8002,-1,-1,-1
800,261,391.75,32.74,122.19,376.34,0.8385,-1,-1,-1
800,264,159.09,174.00,41.35,101.20,0.7338,-1,-1,-1
800,265,99.81,164.42,49.63,107.34,0.7176,-1,-1,-1
800,266,63.27,155.22,36.05,123.32,0.7689,-1,-1,-1
800,268,207.85,181.56,25.46,80.01,0.6075,-1,-1,-1
800,269,25.95,147.42,43.04,99.08,0.4871,-1,-1,-1
801,177,448.98,2.51,189.86,468.42,0.5281,-1,-1,-1
801,210,227.94,128.84,58.31,220.63,0.8157,-1,-1,-1
801,255,272.34,58.95,183.75,375.72,0.7666,-1,-1,-1
801,261,396.20,34.02,113.55,394.36,0.7888,-1,-1,-1
801,264,156.51,178.06,40.47,102.55,0.6909,-1,-1,-1
801,265,95.45,167.43,38.58,110.09,0.6878,-1,-1,-1
801,266,59.15,159.36,35.55,124.85,0.7564,-1,-1,-1
801,268,202.92,187.17,29.92,79.20,0.3896,-1,-1,-1
801,269,22.91,150.15,36.82,95.52,0.4150,-1,-1,-1
802,177,450.05,2.65,192.22,468.22,0.6798,-1,-1,-1
802,210,230.35,131.70,57.20,215.31,0.7730,-1,-1,-1
802,255,273.03,58.35,152.59,374.70,0.6433,-1,-1,-1
802,261,398.60,32.41,110.31,398.13,0.7722,-1,-1,-1
802,264,156.57,177.73,44.77,106.14,0.6891,-1,-1,-1
802,265,90.87,166.01,33.88,114.53,0.6542,-1,-1,-1
802,266,58.10,160.03,35.83,125.81,0.7427,-1,-1,-1
802,268,201.66,187.63,31.50,82.24,0.6408,-1,-1,-1
802,269,22.29,154.38,31.07,91.88,0.5382,-1,-1,-1
803,177,456.68,3.90,185.82,473.77,0.6630,-1,-1,-1
803,210,233.26,132.92,52.30,198.63,0.8261,-1,-1,-1
803,255,275.41,59.81,132.00,380.33,0.5338,-1,-1,-1
803,261,399.81,34.23,108.08,400.62,0.7495,-1,-1,-1
803,264,157.17,179.37,41.39,108.47,0.6215,-1,-1,-1
803,265,89.18,166.67,30.21,113.41,0.5836,-1,-1,-1
803,266,57.52,160.11,37.47,128.39,0.7008,-1,-1,-1
803,268,200.82,189.44,31.71,83.34,0.7220,-1,-1,-1
803,269,20.61,151.18,40.31,97.14,0.2963,-1,-1,-1
804,177,474.08,3.69,171.96,479.84,0.7691,-1,-1,-1
804,210,236.84,134.41,56.09,201.77,0.7565,-1,-1,-1
804,255,282.62,62.61,176.13,388.16,0.8300,-1,-1,-1
804,261,411.35,34.11,121.95,410.57,0.7165,-1,-1,-1
804,264,161.44,182.07,37.32,110.82,0.5422,-1,-1,-1
804,265,91.15,167.66,28.80,117.12,0.4926,-1,-1,-1
804,266,60.78,161.57,38.03,130.49,0.7036,-1,-1,-1
804,268,205.22,190.72,29.68,85.45,0.5799,-1,-1,-1
804,269,23.78,149.13,41.73,115.52,0.4968,-1,-1,-1
805,177,492.02,0.43,155.14,455.30,0.6383,-1,-1,-1
805,210,240.79,130.16,60.14,205.10,0.7941,-1,-1,-1
805,255,290.82,58.67,194.75,402.36,0.7458,-1,-1,-1
805,261,421.99,31.57,116.71,423.69,0.8363,-1,-1,-1
805,264,163.93,177.60,35.04,113.70,0.5983,-1,-1,-1
805,265,92.74,176.47,26.93,104.99,0.1709,-1,-1,-1
805,266,65.10,156.60,49.13,131.80,0.4996,-1,-1,-1
805,268,208.53,185.84,30.78,87.75,0.7204,-1,-1,-1
805,269,26.81,142.51,40.46,130.74,0.4513,-1,-1,-1
806,177,512.75,0.75,135.25,332.57,0.5465,-1,-1,-1
806,210,243.56,130.87,68.10,206.90,0.8300,-1,-1,-1
806,255,298.33,61.27,211.30,410.42,0.7816,-1,-1,-1
806,261,430.44,34.29,122.86,431.23,0.8649,-1,-1,-1
806,264,167.85,177.32,37.18,116.16,0.4664,-1,-1,-1
806,266,68.64,158.42,53.40,132.71,0.7621,-1,-1,-1
806,268,213.96,186.30,29.96,89.63,0.7030,-1,-1,-1
806,269,27.20,144.07,48.23,148.18,0.6764,-1,-1,-1
807,177,536.58,22.46,112.20,279.61,0.5792,-1,-1,-1
807,210,246.42,131.43,75.68,203.58,0.8392,-1,-1,-1
807,255,307.81,58.74,220.97,414.33,0.6314,-1,-1,-1
807,261,441.05,36.01,128.57,431.71,0.7887,-1,-1,-1
807,264,171.91,175.94,42.63,119.47,0.7469,-1,-1,-1
807,266,72.41,157.51,54.37,133.99,0.7757,-1,-1,-1
807,268,217.96,186.92,29.98,90.16,0.6867,-1,-1,-1
807,269,29.49,143.55,50.22,154.98,0.6950,-1,-1,-1
808,177,562.84,73.67,82.88,210.79,0.8135,-1,-1,-1
808,210,253.12,130.98,76.54,196.46,0.8165,-1,-1,-1
808,255,319.63,53.75,220.79,413.11,0.8345,-1,-1,-1
808,261,450.52,33.92,132.16,428.27,0.8551,-1,-1,-1
808,264,176.50,172.06,47.04,121.25,0.7062,-1,-1,-1
808,266,76.89,154.69,52.11,133.93,0.7695,-1,-1,-1
808,268,222.01,184.22,28.69,91.53,0.7183,-1,-1,-1
808,269,38.01,140.44,45.42,158.62,0.6280,-1,-1,-1
809,210,264.18,135.93,78.10,196.88,0.8218,-1,-1,-1
809,255,333.95,51.57,227.32,400.56,0.5774,-1,-1,-1
809,261,466.37,32.21,142.86,423.47,0.8561,-1,-1,-1
809,264,185.78,173.56,50.48,123.95,0.8301,-1,-1,-1
809,266,88.80,158.26,44.33,132.46,0.7443,-1,-1,-1
809,268,232.71,186.59,29.38,91.77,0.7442,-1,-1,-1
809,269,53.03,144.42,40.97,155.80,0.6197,-1,-1,-1
810,210,275.33,138.62,73.82,199.64,0.8347,-1,-1,-1
810,255,341.63,50.59,186.58,396.23,0.6038,-1,-1,-1
810,261,472.47,31.16,150.32,415.95,0.8274,-1,-1,-1
810,264,190.97,174.68,52.24,126.31,0.7030,-1,-1,-1
810,266,96.61,158.81,39.28,135.26,0.7163,-1,-1,-1
810,268,238.57,188.25,29.13,92.00,0.7074,-1,-1,-1
810,269,63.10,145.89,39.85,158.48,0.7106,-1,-1,-1
811,210,284.51,133.46,69.58,209.77,0.8327,-1,-1,-1
811,255,354.85,44.09,139.62,403.72,0.6247,-1,-1,-1
811,261,484.73,23.72,149.48,424.43,0.8636,-1,-1,-1
811,264,190.81,170.86,53.81,129.53,0.7867,-1,-1,-1
811,266,99.33,153.18,38.76,138.83,0.5747,-1,-1,-1
811,268,241.78,183.86,30.04,93.54,0.7311,-1,-1,-1
811,269,66.06,145.02,41.75,156.14,0.4997,-1,-1,-1
811,270,268.96,192.11,20.90,84.64,0.7298,-1,-1,-1
812,210,292.44,131.69,65.75,209.43,0.8550,-1,-1,-1
812,255,368.86,43.23,137.03,414.47,0.5674,-1,-1,-1
812,261,491.23,24.96,148.76,431.79,0.8059,-1,-1,-1
812,264,191.40,171.10,54.86,132.83,0.8084,-1,-1,-1
812,266,101.56,150.83,39.01,142.61,0.7204,-1,-1,-1
812,268,243.16,181.93,31.79,96.89,0.6973,-1,-1,-1
812,269,68.60,145.06,40.80,158.87,0.6795,-1,-1,-1
812,270,270.94,192.22,23.48,86.61,0.6399,-1,-1,-1
813,210,297.82,131.60,62.04,210.25,0.8461,-1,-1,-1
813,255,375.85,41.46,136.83,426.29,0.8385,-1,-1,-1
813,261,502.32,28.73,140.00,438.92,0.8331,-1,-1,-1
813,264,188.77,169.68,57.48,136.55,0.8112,-1,-1,-1
813,266,101.61,151.93,40.95,143.74,0.6552,-1,-1,-1
813,268,241.76,180.75,34.49,100.72,0.6363,-1,-1,-1
813,269,57.72,145.20,49.84,157.75,0.6669,-1,-1,-1
813,270,266.71,195.08,28.75,86.56,0.6112,-1,-1,-1
814,210,301.93,130.12,62.72,210.24,0.8486,-1,-1,-1
814,255,370.19,35.89,150.85,439.53,0.5977,-1,-1,-1
814,261,509.40,29.21,133.96,441.64,0.8383,-1,-1,-1
814,264,186.96,164.19,59.84,141.42,0.8208,-1,-1,-1
814,266,102.86,149.36,39.41,145.44,0.7003,-1,-1,-1
814,268,239.16,177.40,38.07,103.79,0.7299,-1,-1,-1
814,269,51.89,140.29,55.86,161.40,0.7062,-1,-1,-1
814,270,268.18,194.70,28.63,86.08,0.6238,-1,-1,-1
815,210,305.94,133.96,62.55,210.68,0.8165,-1,-1,-1
815,255,375.74,29.39,197.68,450.57,0.6108,-1,-1,-1
815,261,515.54,31.18,127.36,442.10,0.8574,-1,-1,-1
815,264,184.64,163.35,61.91,145.37,0.7415,-1,-1,-1
815,266,101.75,149.39,41.07,148.82,0.6529,-1,-1,-1
815,268,239.82,179.12,37.00,105.34,0.6979,-1,-1,-1
815,269,50.10,142.44,56.70,162.77,0.6794,-1,-1,-1
815,270,269.57,195.33,27.91,88.26,0.6751,-1,-1,-1
816,210,310.54,134.98,58.85,210.19,0.7723,-1,-1,-1
816,255,381.00,24.99,161.57,453.64,0.6105,-1,-1,-1
816,261,519.37,27.32,123.27,431.40,0.8741,-1,-1,-1
816,264,178.44,159.59,65.05,149.43,0.7006,-1,-1,-1
816,266,100.08,148.51,41.65,148.44,0.6948,-1,-1,-1
816,268,237.70,175.46,36.69,108.96,0.7413,-1,-1,-1
816,269,55.67,139.53,50.69,162.33,0.5149,-1,-1,-1
816,270,269.16,192.19,27.02,90.27,0.6536,-1,-1,-1
817,210,312.85,134.30,59.91,210.34,0.8088,-1,-1,-1
817,255,382.52,10.52,165.85,457.17,0.7703,-1,-1,-1
817,261,522.29,22.79,119.96,432.74,0.8914,-1,-1,-1
817,264,170.69,156.70,68.89,153.93,0.7469,-1,-1,-1
817,266,97.73,147.12,40.42,148.97,0.7003,-1,-1,-1
817,268,235.49,173.06,36.43,110.40,0.6601,-1,-1,-1
817,269,57.19,136.33,48.53,167.95,0.4928,-1,-1,-1
817,270,268.15,191.49,25.15,88.61,0.6615,-1,-1,-1
817,246,30.09,145.33,37.61,155.09,0.4423,-1,-1,-1
818,210,317.31,132.79,61.23,210.48,0.8177,-1,-1,-1
818,255,387.10,7.51,155.97,459.33,0.7861,-1,-1,-1
818,261,527.89,14.09,115.21,439.86,0.8185,-1,-1,-1
818,264,170.70,156.46,68.19,160.17,0.7518,-1,-1,-1
818,266,96.11,146.18,40.00,151.12,0.7058,-1,-1,-1
818,268,232.10,169.81,38.35,114.59,0.7655,-1,-1,-1
818,269,56.17,134.40,49.52,172.55,0.3471,-1,-1,-1
818,270,266.91,188.46,26.74,93.89,0.6999,-1,-1,-1
818,271,288.76,178.17,28.86,91.66,0.7278,-1,-1,-1
818,246,18.60,138.29,49.59,165.70,0.6359,-1,-1,-1
819,210,319.02,131.36,61.56,207.13,0.8327,-1,-1,-1
819,255,401.60,6.90,143.86,461.41,0.8688,-1,-1,-1
819,261,536.05,10.79,105.63,448.55,0.8776,-1,-1,-1
819,264,167.36,157.43,69.85,164.23,0.7696,-1,-1,-1
819,266,93.69,146.25,40.17,153.47,0.7341,-1,-1,-1
819,268,228.59,168.51,39.66,118.13,0.7896,-1,-1,-1
819,269,54.26,133.65,46.77,135.92,0.3453,-1,-1,-1
819,270,265.32,188.76,27.98,97.12,0.6747,-1,-1,-1
819,271,288.97,179.08,29.24,92.37,0.6379,-1,-1,-1
819,246,6.72,138.65,56.96,168.33,0.7192,-1,-1,-1
820,210,314.40,132.09,65.21,208.10,0.8128,-1,-1,-1
820,255,409.03,7.57,156.28,470.96,0.8326,-1,-1,-1
820,261,546.04,11.06,94.82,464.35,0.8741,-1,-1,-1
820,264,152.91,156.18,76.91,173.10,0.7142,-1,-1,-1
820,266,83.26,147.17,42.63,158.77,0.7490,-1,-1,-1
820,268,220.97,170.63,41.66,122.87,0.7659,-1,-1,-1
820,269,44.26,134.61,43.87,123.47,0.4475,-1,-1,-1
820,270,259.70,190.76,28.91,101.10,0.7275,-1,-1,-1
820,271,283.25,182.70,30.19,92.58,0.6394,-1,-1,-1
820,246,-1.94,143.10,53.41,168.47,0.7159,-1,-1,-1
821,210,310.06,129.07,66.75,205.85,0.8151,-1,-1,-1
821,255,410.54,4.19,152.15,475.60,0.8161,-1,-1,-1
821,261,552.67,10.39,85.80,468.50,0.8854,-1,-1,-1
821,264,145.33,148.47,75.84,179.32,0.7663,-1,-1,-1
821,266,76.33,142.12,44.16,158.96,0.7889,-1,-1,-1
821,268,214.70,165.88,41.70,125.88,0.7414,-1,-1,-1
821,269,35.95,128.26,47.74,168.18,0.7396,-1,-1,-1
821,270,253.76,187.03,28.43,103.43,0.6725,-1,-1,-1
821,271,278.29,177.80,30.63,95.21,0.6405,-1,-1,-1
821,246,-2.42,136.56,42.58,171.53,0.7424,-1,-1,-1
822,210,306.27,130.10,75.66,207.14,0.8356,-1,-1,-1
822,255,416.30,3.47,153.41,479.57,0.8657,-1,-1,-1
822,261,564.13,11.06,75.44,472.08,0.8535,-1,-1,-1
822,264,133.96,144.30,77.77,187.97,0.8066,-1,-1,-1
822,266,65.32,140.47,45.76,163.10,0.7520,-1,-1,-1
822,268,206.70,165.64,42.84,129.49,0.7998,-1,-1,-1
822,269,23.53,122.84,45.86,141.86,0.4546,-1,-1,-1
822,270,247.08,188.25,29.12,105.75,0.7227,-1,-1,-1
822,271,271.06,177.35,32.81,97.40,0.6780,-1,-1,-1
823,210,306.90,136.94,80.90,207.52,0.8052,-1,-1,-1
823,255,429.75,3.30,151.89,477.42,0.8634,-1,-1,-1
823,261,575.31,14.09,66.38,470.80,0.7656,-1,-1,-1
823,264,127.65,145.20,81.35,194.13,0.8536,-1,-1,-1
823,266,62.71,142.97,46.56,167.00,0.8119,-1,-1,-1
823,268,204.63,168.57,44.99,134.04,0.7768,-1,-1,-1
823,269,18.97,127.51,47.81,129.00,0.4765,-1,-1,-1
823,270,247.26,187.20,30.98,113.44,0.7212,-1,-1,-1
823,271,271.64,177.17,34.17,103.58,0.6376,-1,-1,-1
823,272,378.78,118.72,69.61,168.46,0.4696,-1,-1,-1
824,210,307.59,136.47,79.05,207.46,0.7841,-1,-1,-1
824,255,441.50,-0.48,160.43,480.71,0.8450,-1,-1,-1
824,261,573.51,7.43,67.19,463.67,0.7304,-1,-1,-1
824,264,116.04,139.26,84.82,202.87,0.8518,-1,-1,-1
824,266,56.08,141.25,46.78,168.57,0.7654,-1,-1,-1
824,268,197.18,164.23,45.62,138.94,0.7686,-1,-1,-1
824,269,9.71,125.25,52.84,176.31,0.5985,-1,-1,-1
824,270,242.08,180.90,33.00,117.50,0.7711,-1,-1,-1
824,271,265.54,174.37,35.31,103.88,0.7262,-1,-1,-1
824,272,379.20,114.39,79.89,264.24,0.6829,-1,-1,-1
825,210,309.63,136.17,78.17,207.18,0.7868,-1,-1,-1
825,255,452.99,-1.94,176.87,482.99,0.8730,-1,-1,-1
825,261,584.05,3.39,57.03,452.54,0.3482,-1,-1,-1
825,264,97.62,136.06,97.85,213.96,0.8595,-1,-1,-1
825,266,48.89,138.40,48.29,172.68,0.7612,-1,-1,-1
825,268,189.23,159.77,47.95,144.27,0.7697,-1,-1,-1
825,269,0.96,121.24,49.62,148.87,0.3731,-1,-1,-1
825,270,237.00,180.34,36.94,120.99,0.7782,-1,-1,-1
825,271,262.29,173.20,35.42,106.02,0.6912,-1,-1,-1
825,272,380.09,112.36,87.13,263.60,0.6582,-1,-1,-1
826,210,310.84,130.89,75.73,205.73,0.8166,-1,-1,-1
826,255,463.75,-3.13,178.04,482.08,0.9123,-1,-1,-1
826,264,84.64,129.87,107.49,225.31,0.8859,-1,-1,-1
826,266,42.14,132.18,50.19,177.35,0.7049,-1,-1,-1
826,268,181.09,152.52,50.41,148.72,0.8043,-1,-1,-1
826,269,-2.67,113.37,50.15,190.57,0.4642,-1,-1,-1
826,270,231.64,174.88,38.71,125.97,0.7521,-1,-1,-1
826,271,260.16,170.18,34.31,105.49,0.6679,-1,-1,-1
826,272,380.73,106.49,89.89,273.96,0.5910,-1,-1,-1
826,273,294.92,169.80,25.97,100.65,0.4898,-1,-1,-1
827,210,309.34,132.31,70.60,204.80,0.8229,-1,-1,-1
827,255,472.46,0.21,170.38,482.89,0.8848,-1,-1,-1
827,264,67.53,125.34,104.52,240.48,0.8609,-1,-1,-1
827,266,29.91,130.37,48.27,182.27,0.6745,-1,-1,-1
827,268,161.13,155.08,59.66,154.67,0.8150,-1,-1,-1
827,269,-4.59,111.42,39.54,208.10,0.1893,-1,-1,-1
827,270,219.95,178.77,40.36,131.19,0.7613,-1,-1,-1
827,271,251.70,173.75,34.10,108.33,0.6817,-1,-1,-1
827,272,375.01,111.37,93.10,281.41,0.8236,-1,-1,-1
827,273,287.70,174.85,29.09,100.60,0.5394,-1,-1,-1
828,210,311.57,132.15,67.65,203.84,0.8255,-1,-1,-1
828,255,485.47,1.27,157.85,479.44,0.9011,-1,-1,-1
828,264,60.96,118.09,101.83,250.63,0.8611,-1,-1,-1
828,266,25.76,129.61,55.69,184.27,0.6804,-1,-1,-1
828,268,152.73,153.62,64.84,158.28,0.7980,-1,-1,-1
828,269,-1.51,108.92,33.90,215.78,0.4902,-1,-1,-1
828,270,216.97,177.89,40.06,134.99,0.7917,-1,-1,-1
828,271,248.92,173.27,35.57,109.94,0.7179,-1,-1,-1
828,272,373.47,113.31,96.18,282.87,0.7755,-1,-1,-1
828,273,286.82,176.01,29.55,100.19,0.6317,-1,-1,-1
829,210,316.46,130.66,65.10,205.68,0.8097,-1,-1,-1
829,255,504.85,-0.64,141.66,480.56,0.8759,-1,-1,-1
829,264,54.22,111.12,101.81,263.25,0.8514,-1,-1,-1
829,266,21.00,127.37,54.80,187.77,0.7467,-1,-1,-1
829,268,149.59,149.73,63.46,167.33,0.8736,-1,-1,-1
829,270,213.04,175.39,43.16,139.51,0.7384,-1,-1,-1
829,271,245.79,169.23,39.76,115.01,0.6903,-1,-1,-1
829,272,376.39,112.49,103.98,286.12,0.7912,-1,-1,-1
829,273,287.79,172.95,33.16,101.59,0.6963,-1,-1,-1
830,210,320.33,138.19,63.06,203.40,0.8561,-1,-1,-1
830,255,520.36,1.37,123.84,479.97,0.8586,-1,-1,-1
830,264,29.67,109.63,117.60,276.69,0.8581,-1,-1,-1
830,266,19.12,130.50,46.42,191.20,0.2871,-1,-1,-1
830,268,147.91,151.88,61.79,173.51,0.8621,-1,-1,-1
830,270,209.82,177.14,44.54,145.11,0.7117,-1,-1,-1
830,271,245.94,175.11,39.14,114.10,0.6785,-1,-1,-1
830,272,379.52,118.67,104.42,282.95,0.8317,-1,-1,-1
830,273,290.72,176.15,33.70,102.15,0.7839,-1,-1,-1
831,210,320.31,138.68,59.93,204.67,0.8277,-1,-1,-1
831,255,530.97,0.16,110.31,478.32,0.8642,-1,-1,-1
831,264,11.14,103.77,123.82,290.77,0.8527,-1,-1,-1
831,266,9.76,140.23,40.36,182.14,0.2904,-1,-1,-1
831,268,139.57,145.45,62.23,181.52,0.8517,-1,-1,-1
831,270,203.82,171.53,45.05,152.01,0.7437,-1,-1,-1
831,271,241.83,171.11,36.97,118.13,0.7144,-1,-1,-1
831,272,377.41,116.34,104.41,284.25,0.8370,-1,-1,-1
831,273,286.73,174.16,35.89,102.01,0.7749,-1,-1,-1
832,210,313.26,133.31,61.81,205.02,0.8395,-1,-1,-1
832,255,549.40,-2.23,90.41,478.62,0.8524,-1,-1,-1
832,264,-3.94,87.44,118.48,319.31,0.8791,-1,-1,-1
832,268,121.57,132.94,67.46,191.00,0.8307,-1,-1,-1
832,270,189.44,161.52,46.35,162.35,0.7894,-1,-1,-1
832,271,229.95,162.18,41.97,123.65,0.7619,-1,-1,-1
832,272,371.67,108.36,99.61,282.79,0.8540,-1,-1,-1
832,273,278.87,166.21,37.80,103.81,0.7869,-1,-1,-1
833,210,312.74,133.31,62.28,204.91,0.8310,-1,-1,-1
833,255,561.53,0.14,78.78,476.56,0.8372,-1,-1,-1
833,264,-5.28,81.35,108.56,325.93,0.8577,-1,-1,-1
833,268,111.05,129.44,71.68,200.91,0.8619,-1,-1,-1
833,270,180.80,160.73,50.46,166.77,0.8043,-1,-1,-1
833,271,226.43,161.40,41.75,126.86,0.8047,-1,-1,-1
833,272,369.68,107.10,96.78,277.82,0.8535,-1,-1,-1
833,273,274.75,165.83,39.34,104.50,0.7796,-1,-1,-1
834,210,313.38,130.02,65.28,201.71,0.8309,-1,-1,-1
834,255,578.21,12.04,63.20,466.30,0.4659,-1,-1,-1
834,264,-5.92,76.65,93.41,327.93,0.8878,-1,-1,-1
834,268,100.26,125.80,77.44,208.81,0.8691,-1,-1,-1
834,270,173.74,158.98,53.20,175.32,0.8355,-1,-1,-1
834,271,223.70,158.16,43.49,132.41,0.7557,-1,-1,-1
834,272,371.61,104.27,93.98,277.06,0.8748,-1,-1,-1
834,273,272.34,166.27,39.67,104.27,0.8086,-1,-1,-1
835,210,313.60,127.30,67.04,200.80,0.7938,-1,-1,-1
835,255,595.07,33.12,45.59,443.93,0.3293,-1,-1,-1
835,264,-4.33,94.74,74.99,311.07,0.7039,-1,-1,-1
835,268,89.64,121.50,81.87,225.04,0.8828,-1,-1,-1
835,270,165.61,155.98,59.47,185.32,0.8136,-1,-1,-1
835,271,220.57,157.39,46.37,136.32,0.7634,-1,-1,-1
835,272,372.49,103.97,93.28,278.95,0.8716,-1,-1,-1
835,273,272.87,166.89,39.82,102.26,0.7934,-1,-1,-1
836,210,318.76,125.42,68.43,196.77,0.8521,-1,-1,-1
836,264,-1.92,101.59,56.81,250.83,0.7720,-1,-1,-1
836,268,80.88,116.03,87.99,239.22,0.8688,-1,-1,-1
836,270,164.55,151.35,58.85,194.97,0.8416,-1,-1,-1
836,271,221.28,154.40,49.91,140.37,0.8356,-1,-1,-1
836,272,375.65,104.80,93.91,280.69,0.8711,-1,-1,-1
836,273,273.29,167.28,41.32,100.13,0.7786,-1,-1,-1
837,210,326.34,127.92,69.30,190.31,0.8317,-1,-1,-1
837,264,-0.88,107.29,40.35,227.64,0.6788,-1,-1,-1
837,268,73.42,111.96,92.77,252.36,0.8547,-1,-1,-1
837,270,162.22,146.66,58.81,206.81,0.8648,-1,-1,-1
837,271,223.36,152.00,51.93,147.11,0.8130,-1,-1,-1
837,272,380.76,108.86,94.70,281.82,0.8626,-1,-1,-1
837,273,274.93,168.38,43.55,100.86,0.8119,-1,-1,-1
